strategy,n_families,precision_macro,precision_median,precision_weighted,recall_macro,recall_median,recall_weighted,specificity_macro,specificity_median,specificity_weighted,npv_macro,npv_median,npv_weighted,fpr_macro,fpr_median,fpr_weighted,fnr_macro,fnr_median,fnr_weighted,f1_macro,f1_median,f1_weighted,f2_macro,f2_median,f2_weighted,mcc_macro,mcc_median,mcc_weighted,accuracy_macro,accuracy_median,accuracy_weighted,balanced_accuracy_macro,balanced_accuracy_median,balanced_accuracy_weighted,roc_auc_macro,roc_auc_median,roc_auc_weighted,pr_auc_macro,pr_auc_median,pr_auc_weighted
tool:codeql,15,0.3616805547681949,0.36899896800825593,0.3300511025874553,0.17014672927838728,0.03823529411764706,0.20287350084668515,0.9698083668455494,0.9970779976048016,0.9443210067705929,0.9565542234724428,0.9666965507553391,0.932011582866639,0.03019163315445064,0.00292200239519838,0.055678993229406934,0.8298532707216126,0.9617647058823529,0.797126499153315,0.21320277486333325,0.08965690987713325,0.2260852720431633,0.19515120298077246,0.061026804846733146,0.21725246675292997,0.18722349265192592,0.13172538009956242,0.17614791548824962,0.9319663411792967,0.9634924674023784,0.8900805898220028,0.5699775480619683,0.5139364978030694,0.5735972538086391,0.5699775480619683,0.5139364978030693,0.5735972538086391,0.1587350991772665,0.06626932877662024,0.17085872503004956
tool:joern,15,0.8099999999999999,0.8099999999999999,0.81,0.004190476190476191,0.0,0.0032889819105994915,0.9999603257821834,1.0,0.9999688608695565,0.9491249907499573,0.9623463084641319,0.9178756173539935,3.9674217816511484e-05,0.0,3.113913044351701e-05,0.9958095238095238,1.0,0.9967110180894005,0.11649691797060217,0.11649691797060217,0.11649691797060219,0.07704602044854084,0.07704602044854084,0.07704602044854084,0.218674593040075,0.218674593040075,0.218674593040075,0.949094644502111,0.9621191739707895,0.9178517994737136,0.5020754009863299,0.5,0.501628921390078,0.5020754009863299,0.5,0.501628921390078,0.050099716374219,0.03764300635990953,0.07730405905341425
tool:semgrep,15,0.4405461547901851,0.48320294099127814,0.40075326664420274,0.21898892834159547,0.011264516129032258,0.23728303686963065,0.9886561350389959,0.9977556401276603,0.9766852882078088,0.9598935285801088,0.9711598667478709,0.9384583125089709,0.011343864961004046,0.0022443598723397035,0.023314711792191193,0.7810110716584044,0.9887354838709678,0.7627169631303694,0.4002824578085594,0.43545778583625516,0.4174636191433053,0.37801341688853357,0.39744085228729154,0.40448823160257685,0.318657097226278,0.3947055324358782,0.27577227307640506,0.9509180953836018,0.9621191739707895,0.9217066316395389,0.6038225316902958,0.5055709835547122,0.6069841625387197,0.6038225316902958,0.5055709835547122,0.6069841625387197,0.1811756998257069,0.07418852306018928,0.19825642453023268
or_1_of_3,15,0.3553460921278037,0.3873669964974987,0.3229429569920489,0.2652723946362143,0.07710967741935484,0.2854228579708924,0.9624375435522687,0.9913678298237887,0.9316033952172652,0.9605897665084292,0.9712571194999992,0.9383755657240941,0.0375624564477314,0.008632170176211283,0.06839660478273475,0.7347276053637857,0.9228903225806452,0.7145771420291076,0.2920414005625666,0.20893214550987868,0.2807141448340837,0.2860240152164204,0.17920070213876896,0.28921417513824343,0.25301363519407916,0.15869069392052035,0.2229672595964064,0.9294563206971127,0.9620054730043313,0.8856945733697338,0.6138549690942415,0.5342387536215718,0.6085131265940789,0.6138549690942415,0.5342387536215718,0.6085131265940789,0.18762699207190808,0.08023150380127489,0.18964790010041932
traditional_2_of_3,15,0.7108347633762372,0.7971493052041951,0.7094112413820411,0.12633945345995887,0.0,0.15667716905623214,0.9960031623638821,1.0,0.989384223003165,0.9561163946253252,0.966666323049725,0.9326367600854617,0.003996837636117979,0.0,0.010615776996834986,0.8736605465400412,1.0,0.8433228309437678,0.3385750237917697,0.2628265628265628,0.36115433585806334,0.29424279138949594,0.2110390359219509,0.31562856793798927,0.32806674648346307,0.2203010592518284,0.3421528377092517,0.9535044561845178,0.9657797413077096,0.926152565369928,0.5611713079119204,0.5,0.5730306960296986,0.6159482274598591,0.5342516461721343,0.6145040403077926,0.22000292864281246,0.08023150380127489,0.2362224437966365
weighted_fire_specificity_silence_sensitivity_tau_0_1,15,0.38073090744507887,0.3875136555385255,0.3397626250233292,0.2652723946362143,0.07710967741935484,0.2854228579708924,0.9624540771269828,0.9913678298237887,0.9316305397408018,0.9605911238369774,0.9712571194999992,0.9383784159356873,0.037545922873017085,0.008632170176211283,0.06836946025919803,0.7347276053637857,0.9228903225806452,0.7145771420291076,0.2920421442228626,0.20893214550987868,0.28071594117488674,0.28602423101010094,0.17920070213876896,0.2892146963963978,0.2714300299084359,0.2224104874003674,0.23483861168809556,0.9294714808259739,0.9621191739707895,0.8857188468007552,0.6138632358815987,0.5342387536215718,0.6085266988558472,0.6164563857427492,0.534217857684386,0.6158291863540729,0.2253012124526014,0.0869288240165629,0.2436385517891957
weighted_fire_specificity_silence_sensitivity_tau_0_2,15,0.38073090744507887,0.3875136555385255,0.3397626250233292,0.2652723946362143,0.07710967741935484,0.2854228579708924,0.9624540771269828,0.9913678298237887,0.9316305397408018,0.9605911238369774,0.9712571194999992,0.9383784159356873,0.037545922873017085,0.008632170176211283,0.06836946025919803,0.7347276053637857,0.9228903225806452,0.7145771420291076,0.2920421442228626,0.20893214550987868,0.28071594117488674,0.28602423101010094,0.17920070213876896,0.2892146963963978,0.2714300299084359,0.2224104874003674,0.23483861168809556,0.9294714808259739,0.9621191739707895,0.8857188468007552,0.6138632358815987,0.5342387536215718,0.6085266988558472,0.6164563857427492,0.534217857684386,0.6158291863540729,0.2253012124526014,0.0869288240165629,0.2436385517891957
weighted_fire_specificity_silence_sensitivity_tau_0_3,15,0.38073090744507887,0.3875136555385255,0.3397626250233292,0.2652723946362143,0.07710967741935484,0.2854228579708924,0.9624540771269828,0.9913678298237887,0.9316305397408018,0.9605911238369774,0.9712571194999992,0.9383784159356873,0.037545922873017085,0.008632170176211283,0.06836946025919803,0.7347276053637857,0.9228903225806452,0.7145771420291076,0.2920421442228626,0.20893214550987868,0.28071594117488674,0.28602423101010094,0.17920070213876896,0.2892146963963978,0.2714300299084359,0.2224104874003674,0.23483861168809556,0.9294714808259739,0.9621191739707895,0.8857188468007552,0.6138632358815987,0.5342387536215718,0.6085266988558472,0.6164563857427492,0.534217857684386,0.6158291863540729,0.2253012124526014,0.0869288240165629,0.2436385517891957
weighted_fire_specificity_silence_sensitivity_tau_0_4,15,0.38073090744507887,0.3875136555385255,0.3397626250233292,0.2652723946362143,0.07710967741935484,0.2854228579708924,0.9624540771269828,0.9913678298237887,0.9316305397408018,0.9605911238369774,0.9712571194999992,0.9383784159356873,0.037545922873017085,0.008632170176211283,0.06836946025919803,0.7347276053637857,0.9228903225806452,0.7145771420291076,0.2920421442228626,0.20893214550987868,0.28071594117488674,0.28602423101010094,0.17920070213876896,0.2892146963963978,0.2714300299084359,0.2224104874003674,0.23483861168809556,0.9294714808259739,0.9621191739707895,0.8857188468007552,0.6138632358815987,0.5342387536215718,0.6085266988558472,0.6164563857427492,0.534217857684386,0.6158291863540729,0.2253012124526014,0.0869288240165629,0.2436385517891957
weighted_fire_specificity_silence_sensitivity_tau_0_5,15,0.3808918732398475,0.3875136555385255,0.3398866785612918,0.2652723946362143,0.07710967741935484,0.2854228579708924,0.9624620659426409,0.9913678298237887,0.9316368099280055,0.9605911908893869,0.9712571194999992,0.9383784685631578,0.03753793405735901,0.008632170176211283,0.06836319007199441,0.7347276053637857,0.9228903225806452,0.7145771420291076,0.2921231979209376,0.20893214550987868,0.280778407850031,0.28605679104266096,0.17920070213876896,0.28923978984709675,0.27151508738106916,0.2224104874003674,0.23490416400264463,0.9294791480676836,0.9621191739707895,0.8857248645939942,0.6138672302894276,0.5342387536215718,0.608529833949449,0.6164563857427492,0.534217857684386,0.6158291863540729,0.2253012124526014,0.0869288240165629,0.2436385517891957
weighted_fire_specificity_silence_sensitivity_tau_0_6,15,0.39965221373038723,0.39938571284533175,0.374755702312264,0.26099897448910997,0.07710967741935484,0.2770519311242277,0.9680927530313987,0.9913678298237887,0.9486828995628525,0.9605969045703611,0.9712571194999992,0.9385991479203146,0.031907246968601165,0.008632170176211283,0.051317100437147295,0.73900102551089,0.9228903225806452,0.7229480688757723,0.30031588025918704,0.20893214550987868,0.2980506398368842,0.28700851697463187,0.17920070213876896,0.2923413194984625,0.2817586966519376,0.2224104874003674,0.2578064857480312,0.9338109628670208,0.9621191739707895,0.8988533595632496,0.6145458637602543,0.5342387536215718,0.6128674153435402,0.6164563857427492,0.534217857684386,0.6158291863540729,0.2253012124526014,0.0869288240165629,0.2436385517891957
weighted_fire_specificity_silence_sensitivity_tau_0_7,15,0.4160037189262395,0.401306405454415,0.40990652720156173,0.24548347244729216,0.07710967741935484,0.24086278755344423,0.9731349667188103,0.9921195181911816,0.9631556244746318,0.959044448453527,0.9712571194999992,0.9341442385824114,0.02686503328118971,0.007880481808818434,0.03684437552536804,0.7545165275527079,0.9228903225806452,0.7591372124465557,0.29753147974255845,0.20893214550987868,0.2920383200916815,0.27574985872799274,0.17920070213876896,0.2667273929630876,0.2823006981146642,0.2224104874003674,0.25981005219025927,0.9362717756937463,0.9621191739707895,0.9056818539272086,0.6093092195830513,0.5342387536215718,0.6020092060140382,0.6164563857427492,0.534217857684386,0.6158291863540729,0.2253012124526014,0.0869288240165629,0.2436385517891957
weighted_fire_specificity_silence_sensitivity_tau_0_8,15,0.4286795857650789,0.401306405454415,0.41976617716726206,0.21999797355298822,0.07710967741935484,0.22128300532419806,0.9736997264010374,0.9934988075305785,0.9635858131317486,0.9580498289227722,0.9711543451628153,0.9333703250956695,0.026300273598962517,0.006501192469421368,0.036414186868251174,0.7800020264470117,0.9228903225806452,0.7787169946758019,0.2788542987475292,0.20423797765781612,0.2779984769563787,0.2509991700964712,0.17457971632846275,0.2480711925457341,0.2689238796466434,0.21775701080736548,0.24980691806471064,0.9358139840379213,0.9621191739707895,0.9053168950683738,0.5968488499770128,0.5342387536215718,0.5924344092279734,0.6164563857427492,0.534217857684386,0.6158291863540729,0.2253012124526014,0.0869288240165629,0.2436385517891957
weighted_fire_specificity_silence_sensitivity_tau_0_9,15,0.43337663927827474,0.42924530385630955,0.42332485780127027,0.20186055541557008,0.07710967741935484,0.20558325184600237,0.9751996517451895,0.9934988075305785,0.9648744487923828,0.9572907336139717,0.9665430793790396,0.9327131652127868,0.024800348254810402,0.006501192469421368,0.035125551207616956,0.7981394445844299,0.9228903225806452,0.7944167481539977,0.2677272910083854,0.19520555020433603,0.2683915726920375,0.23450149392448583,0.15130778718356258,0.23399964601092935,0.26021730581674063,0.21359815672981625,0.24221770395722522,0.936447108731189,0.9621191739707895,0.9058553448812159,0.5885301035803798,0.5342387536215718,0.5852288503191927,0.6164563857427492,0.534217857684386,0.6158291863540729,0.2253012124526014,0.0869288240165629,0.2436385517891957
dst_dempster_fire_specificity_silence_sensitivity_tau_0_1,15,0.14452579097075718,0.038911450049722865,0.14233570174773322,0.9641142857142858,1.0,0.9742562415906713,0.13240395944095526,0.0,0.08843729367196528,0.9825343937136003,0.9887743881495393,0.9814597285356885,0.8675960405590447,1.0,0.9115627063280348,0.035885714285714285,0.0,0.025743758409328747,0.1840771536354905,0.07490805123978457,0.20533964825997642,0.2763440970770386,0.16835322798603888,0.3375220008622616,0.7933937362958008,0.7933937362958008,0.7767115876503743,0.1776173595123656,0.044176437437980644,0.16664047036778165,0.5482591225776204,0.5,0.5313467676313183,0.6162727453578866,0.5342854346598825,0.6156852685850233,0.21980269068439887,0.08338667974443029,0.2395563090704651
dst_dempster_fire_specificity_silence_sensitivity_tau_0_2,15,0.16910744448766,0.038911450049722865,0.19770391805275234,0.9361826384142173,1.0,0.8903944990025042,0.19959668563272898,0.0,0.2715970879069153,0.9658949680995406,0.9760360833164918,0.9414569880302786,0.800403314367271,1.0,0.7284029120930847,0.06381736158578263,0.0,0.10960550099749572,0.20661953459601443,0.07490805123978457,0.2543555903482337,0.2886830496159056,0.16835322798603888,0.35630253514626925,0.654696797937017,0.7119131620172416,0.48564023439646836,0.23118481182598927,0.044176437437980644,0.30768650278827264,0.5678896620234731,0.5,0.5809957934547098,0.6162727453578866,0.5342854346598825,0.6156852685850233,0.21980269068439887,0.08338667974443029,0.2395563090704651
dst_dempster_fire_specificity_silence_sensitivity_tau_0_3,15,0.21811946387807934,0.060656083901038584,0.2345297386316207,0.8633095943208342,1.0,0.8347787762683909,0.3290718492069772,0.0,0.370750164914706,0.9698189455407619,0.9776669004232046,0.9495304359889472,0.6709281507930228,1.0,0.6292498350852939,0.1366904056791657,0.0,0.16522122373160913,0.2531959486805629,0.11437450007459755,0.2896938468187771,0.324875350829195,0.24406351629096842,0.3838556906331249,0.5536779167898546,0.42645567205175644,0.4637861096917893,0.35276107541872453,0.07129995516718028,0.4006973372132372,0.5961907217639056,0.5,0.6027644705915486,0.6162727453578866,0.5342854346598825,0.6156852685850233,0.21980269068439887,0.08338667974443029,0.2395563090704651
dst_dempster_fire_specificity_silence_sensitivity_tau_0_4,15,0.27827258009250966,0.12554770940275473,0.2626898063384046,0.769836317073972,0.876,0.7966744324362542,0.46151481608426337,0.2,0.426273860840976,0.973660919963614,0.979822290133842,0.9531731681612501,0.5384851839157367,0.8,0.573726139159024,0.23016368292602787,0.124,0.20332556756374598,0.2961100023452864,0.22308629777734232,0.3090236614476692,0.3547780326846463,0.2773860988272806,0.3967734583841583,0.4996121120253295,0.42645567205175644,0.4558049649576958,0.4804247765672781,0.22287229845672624,0.45386961160268724,0.6156755665791178,0.5,0.611474146638615,0.6162727453578866,0.5342854346598825,0.6156852685850233,0.21980269068439887,0.08338667974443029,0.2395563090704651
dst_dempster_fire_specificity_silence_sensitivity_tau_0_5,15,0.34492589702384835,0.3873669964974987,0.3175081035586379,0.3316723946362143,0.2532467532467532,0.3323943036279413,0.8957874104603162,0.986290655960798,0.8845083989125764,0.9606005860098458,0.9710395449950219,0.9383880090100155,0.10421258953968375,0.013709344039201954,0.11549160108742347,0.6683276053637855,0.7467532467532467,0.6676056963720587,0.27852112114119154,0.12758453758210925,0.2710505321755272,0.28479331856769097,0.16482003558558123,0.28692974729881804,0.2693790164910533,0.2224104874003674,0.23370052182705023,0.8676054488369939,0.9390024420046487,0.842027098544819,0.6137299025482652,0.5342387536215718,0.608451351270259,0.6162727453578866,0.5342854346598825,0.6156852685850233,0.21980269068439887,0.08338667974443029,0.2395563090704651
dst_dempster_fire_specificity_silence_sensitivity_tau_0_6,15,0.38073090744507887,0.3875136555385255,0.3397626250233292,0.2652723946362143,0.07710967741935484,0.2854228579708924,0.9624540771269828,0.9913678298237887,0.9316305397408018,0.9605911238369774,0.9712571194999992,0.9383784159356873,0.037545922873017085,0.008632170176211283,0.06836946025919803,0.7347276053637857,0.9228903225806452,0.7145771420291076,0.2920421442228626,0.20893214550987868,0.28071594117488674,0.28602423101010094,0.17920070213876896,0.2892146963963978,0.2714300299084359,0.2224104874003674,0.23483861168809556,0.9294714808259739,0.9621191739707895,0.8857188468007552,0.6138632358815987,0.5342387536215718,0.6085266988558472,0.6162727453578866,0.5342854346598825,0.6156852685850233,0.21980269068439887,0.08338667974443029,0.2395563090704651
dst_dempster_fire_specificity_silence_sensitivity_tau_0_7,15,0.38073090744507887,0.3875136555385255,0.3397626250233292,0.2652723946362143,0.07710967741935484,0.2854228579708924,0.9624540771269828,0.9913678298237887,0.9316305397408018,0.9605911238369774,0.9712571194999992,0.9383784159356873,0.037545922873017085,0.008632170176211283,0.06836946025919803,0.7347276053637857,0.9228903225806452,0.7145771420291076,0.2920421442228626,0.20893214550987868,0.28071594117488674,0.28602423101010094,0.17920070213876896,0.2892146963963978,0.2714300299084359,0.2224104874003674,0.23483861168809556,0.9294714808259739,0.9621191739707895,0.8857188468007552,0.6138632358815987,0.5342387536215718,0.6085266988558472,0.6162727453578866,0.5342854346598825,0.6156852685850233,0.21980269068439887,0.08338667974443029,0.2395563090704651
dst_dempster_fire_specificity_silence_sensitivity_tau_0_8,15,0.3923329196950098,0.39938571284533175,0.3762182715677017,0.2623282977973806,0.07710967741935484,0.27600166005861326,0.9690283383683277,0.9913678298237887,0.9526683722824354,0.9606226404848093,0.9712571194999992,0.9384792701510916,0.0309716616316722,0.008632170176211283,0.04733162771756443,0.7376717022026192,0.9228903225806452,0.7239983399413866,0.2981050065646539,0.20893214550987868,0.29976656462004336,0.2871878551135629,0.17920070213876896,0.29287101636163265,0.27956151283554426,0.2224104874003674,0.2603892197280091,0.9344920481224793,0.9621191739707895,0.9017848122637093,0.6156783180828543,0.5342387536215718,0.6143350161705244,0.6162727453578866,0.5342854346598825,0.6156852685850233,0.21980269068439887,0.08338667974443029,0.2395563090704651
dst_dempster_fire_specificity_silence_sensitivity_tau_0_9,15,0.39936277486118044,0.39938571284533175,0.3983073635006612,0.2532630706268903,0.07710967741935484,0.2469926620642426,0.9720387419926569,0.9913678298237887,0.9623017538908623,0.9593411850144251,0.9712571194999992,0.9343785743305542,0.027961258007342945,0.008632170176211283,0.037698246109137495,0.7467369293731098,0.9228903225806452,0.7530073379357574,0.2952507045788949,0.20893214550987868,0.2907978252253448,0.27996347118723813,0.17920070213876896,0.2701706794506361,0.27867198441869684,0.2224104874003674,0.25759415859057955,0.9355309149887928,0.9621191739707895,0.9051092172978612,0.6126509063097738,0.5342387536215718,0.6046472079775527,0.6162727453578866,0.5342854346598825,0.6156852685850233,0.21980269068439887,0.08338667974443029,0.2395563090704651
dst_pcr6_fire_specificity_silence_sensitivity_tau_0_1,15,0.14452579097075718,0.038911450049722865,0.14233570174773322,0.9641142857142858,1.0,0.9742562415906713,0.13240395944095526,0.0,0.08843729367196528,0.9825343937136003,0.9887743881495393,0.9814597285356885,0.8675960405590447,1.0,0.9115627063280348,0.035885714285714285,0.0,0.025743758409328747,0.1840771536354905,0.07490805123978457,0.20533964825997642,0.2763440970770386,0.16835322798603888,0.3375220008622616,0.7933937362958008,0.7933937362958008,0.7767115876503743,0.1776173595123656,0.044176437437980644,0.16664047036778165,0.5482591225776204,0.5,0.5313467676313183,0.6164422632803505,0.5342379091056998,0.6158186034521568,0.22477090540154857,0.0869288240165629,0.24329291378270262
dst_pcr6_fire_specificity_silence_sensitivity_tau_0_2,15,0.16910744448766,0.038911450049722865,0.19770391805275234,0.9361826384142173,1.0,0.8903944990025042,0.19959668563272898,0.0,0.2715970879069153,0.9658949680995406,0.9760360833164918,0.9414569880302786,0.800403314367271,1.0,0.7284029120930847,0.06381736158578263,0.0,0.10960550099749572,0.20661953459601443,0.07490805123978457,0.2543555903482337,0.2886830496159056,0.16835322798603888,0.35630253514626925,0.654696797937017,0.7119131620172416,0.48564023439646836,0.23118481182598927,0.044176437437980644,0.30768650278827264,0.5678896620234731,0.5,0.5809957934547098,0.6164422632803505,0.5342379091056998,0.6158186034521568,0.22477090540154857,0.0869288240165629,0.24329291378270262
dst_pcr6_fire_specificity_silence_sensitivity_tau_0_3,15,0.21811946387807934,0.060656083901038584,0.2345297386316207,0.8633095943208342,1.0,0.8347787762683909,0.3290718492069772,0.0,0.370750164914706,0.9698189455407619,0.9776669004232046,0.9495304359889472,0.6709281507930228,1.0,0.6292498350852939,0.1366904056791657,0.0,0.16522122373160913,0.2531959486805629,0.11437450007459755,0.2896938468187771,0.324875350829195,0.24406351629096842,0.3838556906331249,0.5536779167898546,0.42645567205175644,0.4637861096917893,0.35276107541872453,0.07129995516718028,0.4006973372132372,0.5961907217639056,0.5,0.6027644705915486,0.6164422632803505,0.5342379091056998,0.6158186034521568,0.22477090540154857,0.0869288240165629,0.24329291378270262
dst_pcr6_fire_specificity_silence_sensitivity_tau_0_4,15,0.27827258009250966,0.12554770940275473,0.2626898063384046,0.769836317073972,0.876,0.7966744324362542,0.46151481608426337,0.2,0.426273860840976,0.973660919963614,0.979822290133842,0.9531731681612501,0.5384851839157367,0.8,0.573726139159024,0.23016368292602787,0.124,0.20332556756374598,0.2961100023452864,0.22308629777734232,0.3090236614476692,0.3547780326846463,0.2773860988272806,0.3967734583841583,0.4996121120253295,0.42645567205175644,0.4558049649576958,0.4804247765672781,0.22287229845672624,0.45386961160268724,0.6156755665791178,0.5,0.611474146638615,0.6164422632803505,0.5342379091056998,0.6158186034521568,0.22477090540154857,0.0869288240165629,0.24329291378270262
dst_pcr6_fire_specificity_silence_sensitivity_tau_0_5,15,0.34492589702384835,0.3873669964974987,0.3175081035586379,0.3316723946362143,0.2532467532467532,0.3323943036279413,0.8957874104603162,0.986290655960798,0.8845083989125764,0.9606005860098458,0.9710395449950219,0.9383880090100155,0.10421258953968375,0.013709344039201954,0.11549160108742347,0.6683276053637855,0.7467532467532467,0.6676056963720587,0.27852112114119154,0.12758453758210925,0.2710505321755272,0.28479331856769097,0.16482003558558123,0.28692974729881804,0.2693790164910533,0.2224104874003674,0.23370052182705023,0.8676054488369939,0.9390024420046487,0.842027098544819,0.6137299025482652,0.5342387536215718,0.608451351270259,0.6164422632803505,0.5342379091056998,0.6158186034521568,0.22477090540154857,0.0869288240165629,0.24329291378270262
dst_pcr6_fire_specificity_silence_sensitivity_tau_0_6,15,0.3866076796331841,0.3875136555385255,0.3429977150922767,0.2650057279695477,0.07710967741935484,0.28527335879313787,0.9626115906648233,0.9913678298237887,0.9317188452822732,0.9605839524446792,0.9712571194999992,0.9383743954959924,0.03738840933517669,0.008632170176211283,0.06828115471772674,0.7349942720304523,0.9228903225806452,0.7147266412068621,0.2945503342735725,0.20893214550987868,0.2820966686328113,0.286796608311367,0.17920070213876896,0.2896398805037321,0.274170079651035,0.2224104874003674,0.23634697502548105,0.9296168085400838,0.9621191739707895,0.8858003207023716,0.6138086593171856,0.5342387536215718,0.6084961020377055,0.6164422632803505,0.5342379091056998,0.6158186034521568,0.22477090540154857,0.0869288240165629,0.24329291378270262
dst_pcr6_fire_specificity_silence_sensitivity_tau_0_7,15,0.39936272116994714,0.39938571284533175,0.3803419812505966,0.2612997263688092,0.07710967741935484,0.27525416416984066,0.9692575984424877,0.9913678298237887,0.952812989576886,0.9605850414560672,0.9712571194999992,0.9384513679515926,0.03074240155751224,0.008632170176211283,0.047187010423113955,0.7387002736311906,0.9228903225806452,0.7247458358301593,0.30072520527397123,0.20893214550987868,0.30123361520272046,0.28750339214181225,0.17920070213876896,0.2929441216174756,0.2824664053633464,0.2224104874003674,0.26202462453244313,0.9346756416631145,0.9621191739707895,0.9018963198907343,0.6152786624056485,0.5342387536215718,0.6140335768733635,0.6164422632803505,0.5342379091056998,0.6158186034521568,0.22477090540154857,0.0869288240165629,0.24329291378270262
dst_pcr6_fire_specificity_silence_sensitivity_tau_0_8,15,0.40913173563193883,0.39938571284533175,0.40454209560405363,0.25109164205546175,0.07710967741935484,0.24534817110894286,0.9724346783948585,0.9913678298237887,0.9625771905487778,0.959258115837164,0.9712571194999992,0.9343149839445214,0.027565321605141472,0.008632170176211283,0.03742280945122194,0.7489083579445382,0.9228903225806452,0.7546518288910571,0.29867073497879637,0.20893214550987868,0.292881292178557,0.2798774960641913,0.17920070213876896,0.2699343462759425,0.2824178586254197,0.2224104874003674,0.2598776933457389,0.9358287711106821,0.9621191739707895,0.9053104062751005,0.6117631602251602,0.5342387536215718,0.6039626808288605,0.6164422632803505,0.5342379091056998,0.6158186034521568,0.22477090540154857,0.0869288240165629,0.24329291378270262
dst_pcr6_fire_specificity_silence_sensitivity_tau_0_9,15,0.4259932993904746,0.401306405454415,0.41755837062579315,0.22700728197110168,0.07710967741935484,0.22636136731125556,0.9735496753778269,0.9926690013298444,0.9634783390762552,0.9583065865778424,0.9712571194999992,0.9335650710383432,0.0264503246221731,0.0073309986701555726,0.03652166092374447,0.7729927180288984,0.9228903225806452,0.7736386326887443,0.28390067704730504,0.20893214550987868,0.2815096369915224,0.25778129082534207,0.17920070213876896,0.25286981995608826,0.27270157260059497,0.2224104874003674,0.2523871306233449,0.9359272799025344,0.9621191739707895,0.9054087870637816,0.6002784786744643,0.5342387536215718,0.5949198531937556,0.6164422632803505,0.5342379091056998,0.6158186034521568,0.22477090540154857,0.0869288240165629,0.24329291378270262
dst_yager_fire_specificity_silence_sensitivity_tau_0_1,15,0.14452579097075718,0.038911450049722865,0.14233570174773322,0.9641142857142858,1.0,0.9742562415906713,0.13240395944095526,0.0,0.08843729367196528,0.9825343937136003,0.9887743881495393,0.9814597285356885,0.8675960405590447,1.0,0.9115627063280348,0.035885714285714285,0.0,0.025743758409328747,0.1840771536354905,0.07490805123978457,0.20533964825997642,0.2763440970770386,0.16835322798603888,0.3375220008622616,0.7933937362958008,0.7933937362958008,0.7767115876503743,0.1776173595123656,0.044176437437980644,0.16664047036778165,0.5482591225776204,0.5,0.5313467676313183,0.6164409265189297,0.534217857684386,0.6158167359031244,0.2246505852986994,0.0869288240165629,0.24312481819874013
dst_yager_fire_specificity_silence_sensitivity_tau_0_2,15,0.16910744448766,0.038911450049722865,0.19770391805275234,0.9361826384142173,1.0,0.8903944990025042,0.19959668563272898,0.0,0.2715970879069153,0.9658949680995406,0.9760360833164918,0.9414569880302786,0.800403314367271,1.0,0.7284029120930847,0.06381736158578263,0.0,0.10960550099749572,0.20661953459601443,0.07490805123978457,0.2543555903482337,0.2886830496159056,0.16835322798603888,0.35630253514626925,0.654696797937017,0.7119131620172416,0.48564023439646836,0.23118481182598927,0.044176437437980644,0.30768650278827264,0.5678896620234731,0.5,0.5809957934547098,0.6164409265189297,0.534217857684386,0.6158167359031244,0.2246505852986994,0.0869288240165629,0.24312481819874013
dst_yager_fire_specificity_silence_sensitivity_tau_0_3,15,0.21811946387807934,0.060656083901038584,0.2345297386316207,0.8633095943208342,1.0,0.8347787762683909,0.3290718492069772,0.0,0.370750164914706,0.9698189455407619,0.9776669004232046,0.9495304359889472,0.6709281507930228,1.0,0.6292498350852939,0.1366904056791657,0.0,0.16522122373160913,0.2531959486805629,0.11437450007459755,0.2896938468187771,0.324875350829195,0.24406351629096842,0.3838556906331249,0.5536779167898546,0.42645567205175644,0.4637861096917893,0.35276107541872453,0.07129995516718028,0.4006973372132372,0.5961907217639056,0.5,0.6027644705915486,0.6164409265189297,0.534217857684386,0.6158167359031244,0.2246505852986994,0.0869288240165629,0.24312481819874013
dst_yager_fire_specificity_silence_sensitivity_tau_0_4,15,0.27827258009250966,0.12554770940275473,0.2626898063384046,0.769836317073972,0.876,0.7966744324362542,0.46151481608426337,0.2,0.426273860840976,0.973660919963614,0.979822290133842,0.9531731681612501,0.5384851839157367,0.8,0.573726139159024,0.23016368292602787,0.124,0.20332556756374598,0.2961100023452864,0.22308629777734232,0.3090236614476692,0.3547780326846463,0.2773860988272806,0.3967734583841583,0.4996121120253295,0.42645567205175644,0.4558049649576958,0.4804247765672781,0.22287229845672624,0.45386961160268724,0.6156755665791178,0.5,0.611474146638615,0.6164409265189297,0.534217857684386,0.6158167359031244,0.2246505852986994,0.0869288240165629,0.24312481819874013
dst_yager_fire_specificity_silence_sensitivity_tau_0_5,15,0.34492589702384835,0.3873669964974987,0.3175081035586379,0.3316723946362143,0.2532467532467532,0.3323943036279413,0.8957874104603162,0.986290655960798,0.8845083989125764,0.9606005860098458,0.9710395449950219,0.9383880090100155,0.10421258953968375,0.013709344039201954,0.11549160108742347,0.6683276053637855,0.7467532467532467,0.6676056963720587,0.27852112114119154,0.12758453758210925,0.2710505321755272,0.28479331856769097,0.16482003558558123,0.28692974729881804,0.2693790164910533,0.2224104874003674,0.23370052182705023,0.8676054488369939,0.9390024420046487,0.842027098544819,0.6137299025482652,0.5342387536215718,0.608451351270259,0.6164409265189297,0.534217857684386,0.6158167359031244,0.2246505852986994,0.0869288240165629,0.24312481819874013
dst_yager_fire_specificity_silence_sensitivity_tau_0_6,15,0.3866076796331841,0.3875136555385255,0.3429977150922767,0.2650057279695477,0.07710967741935484,0.28527335879313787,0.9626115906648233,0.9913678298237887,0.9317188452822732,0.9605839524446792,0.9712571194999992,0.9383743954959924,0.03738840933517669,0.008632170176211283,0.06828115471772674,0.7349942720304523,0.9228903225806452,0.7147266412068621,0.2945503342735725,0.20893214550987868,0.2820966686328113,0.286796608311367,0.17920070213876896,0.2896398805037321,0.274170079651035,0.2224104874003674,0.23634697502548105,0.9296168085400838,0.9621191739707895,0.8858003207023716,0.6138086593171856,0.5342387536215718,0.6084961020377055,0.6164409265189297,0.534217857684386,0.6158167359031244,0.2246505852986994,0.0869288240165629,0.24312481819874013
dst_yager_fire_specificity_silence_sensitivity_tau_0_7,15,0.4016609108547461,0.39938571284533175,0.3821131560627254,0.2576806787497616,0.07710967741935484,0.27241367979250475,0.9694400819232657,0.9913678298237887,0.952956215511119,0.9604381508947316,0.9712571194999992,0.93833607785636,0.030559918076734117,0.008632170176211283,0.047043784488880865,0.7423193212502384,0.9228903225806452,0.7275863202074951,0.29988351502315636,0.20893214550987868,0.3005849391679622,0.2848353688084809,0.17920070213876896,0.29088792244582984,0.28167133410232165,0.2224104874003674,0.26141187694215984,0.9347058966839267,0.9621191739707895,0.9019200661695895,0.6135603803365138,0.5342387536215718,0.612684947651812,0.6164409265189297,0.534217857684386,0.6158167359031244,0.2246505852986994,0.0869288240165629,0.24312481819874013
dst_yager_fire_specificity_silence_sensitivity_tau_0_8,15,0.42558323924832037,0.401306405454415,0.41728929687413113,0.22700728197110168,0.07710967741935484,0.22636136731125556,0.9735258516732408,0.9926690013298444,0.9634624186158727,0.958306231635627,0.9712571194999992,0.9335648338441882,0.02647414832675916,0.0073309986701555726,0.03653758138412714,0.7729927180288984,0.9228903225806452,0.7736386326887443,0.2836940370142426,0.20893214550987868,0.28137404368892155,0.2576982325073284,0.17920070213876896,0.2528153186502133,0.27248286339248745,0.2224104874003674,0.25224361775511206,0.9359042781774051,0.9621191739707895,0.9053934159004794,0.6002665668221713,0.5342387536215718,0.5949118929635643,0.6164409265189297,0.534217857684386,0.6158167359031244,0.2246505852986994,0.0869288240165629,0.24312481819874013
dst_yager_fire_specificity_silence_sensitivity_tau_0_9,15,0.43337663927827474,0.42924530385630955,0.42332485780127027,0.20186055541557008,0.07710967741935484,0.20558325184600237,0.9751996517451895,0.9934988075305785,0.9648744487923828,0.9572907336139717,0.9665430793790396,0.9327131652127868,0.024800348254810402,0.006501192469421368,0.035125551207616956,0.7981394445844299,0.9228903225806452,0.7944167481539977,0.2677272910083854,0.19520555020433603,0.2683915726920375,0.23450149392448583,0.15130778718356258,0.23399964601092935,0.26021730581674063,0.21359815672981625,0.24221770395722522,0.936447108731189,0.9621191739707895,0.9058553448812159,0.5885301035803798,0.5342387536215718,0.5852288503191927,0.6164409265189297,0.534217857684386,0.6158167359031244,0.2246505852986994,0.0869288240165629,0.24312481819874013
naive_bayes_tau_0_1,15,0.4403284982678069,0.39938571284533175,0.3942265656366952,0.32587353420239523,0.24415584415584415,0.4415040932741103,0.9190939939676922,0.994091645848032,0.8026180404208055,0.9678972657740242,0.9711465876731067,0.9556073550871238,0.0809060060323079,0.005908354151967974,0.1973819595791946,0.6741264657976046,0.7558441558441558,0.5584959067258897,0.3834222336239907,0.4048535761115171,0.3646488261791131,0.3947594781943401,0.43074082541636527,0.4148733888606075,0.33493506780116644,0.3186869458174784,0.29568858813434884,0.9006614430897429,0.9633903541617166,0.7935902165689913,0.6224837640850437,0.5342387536215718,0.622061066847458,0.6300015701827177,0.5728599380932413,0.6331363488098837,0.22582051806328876,0.0874657441269975,0.24428040716115604
naive_bayes_tau_0_2,15,0.5157048649080217,0.4354017763019186,0.4826122465481492,0.2603008207666681,0.07710967741935484,0.28019463003821704,0.9807134796120816,0.9970779976048016,0.954125647333755,0.9615049004501361,0.9711598667478709,0.9398802522449431,0.019286520387918414,0.00292200239519838,0.04587435266624486,0.7396991792333318,0.9228903225806452,0.719805369961783,0.39858436575934975,0.420890214644699,0.3975059406770903,0.39122318639112336,0.40660691772161495,0.410912583474963,0.3947292332150471,0.36826706085595784,0.367424849691206,0.9463161029771489,0.9633903541617166,0.9058261434990169,0.6205071501893751,0.5342387536215718,0.6171601386859861,0.6300015701827177,0.5728599380932413,0.6331363488098837,0.22582051806328876,0.0874657441269975,0.24428040716115604
naive_bayes_tau_0_3,15,0.5377333925421643,0.5133617995919442,0.5400703878847926,0.25511602961166846,0.07710967741935484,0.2694264030076031,0.9878533787914529,0.9970779976048016,0.9756261428252161,0.9614801906488155,0.9711598667478709,0.9399423185373689,0.012146621208547086,0.00292200239519838,0.024373857174783686,0.7448839703883314,0.9228903225806452,0.7305735969923969,0.40729590091927326,0.42743759184805863,0.42636732106065944,0.3913030520121362,0.4060922926942201,0.41568808358034776,0.4067641843219418,0.4149474092334453,0.40589433930277535,0.9518101042320891,0.9644226815127729,0.9222861278534921,0.6214847042015609,0.5342387536215718,0.6225262729164097,0.6300015701827177,0.5728599380932413,0.6331363488098837,0.22582051806328876,0.0874657441269975,0.24428040716115604
naive_bayes_tau_0_4,15,0.6196612394687361,0.603208898944193,0.5957826056334593,0.21543086281510382,0.016038709677419355,0.24368616857309255,0.9902621990645794,0.9981437048503612,0.9776836999948261,0.9602631018966113,0.9666969916236979,0.9388897833955766,0.009737800935420654,0.0018562951496388029,0.022316300005173966,0.7845691371848961,0.9839612903225806,0.7563138314269076,0.43462220733379153,0.44364153004562784,0.41403488642789116,0.4137886485816875,0.40524629357981135,0.4005053884699006,0.4351933240544248,0.4393351114641766,0.3974493819662401,0.9528015777707268,0.9648816602850048,0.9230837014446566,0.6028465309398415,0.5070912072638902,0.6106849342839592,0.6300015701827177,0.5728599380932413,0.6331363488098837,0.22582051806328876,0.0874657441269975,0.24428040716115604
naive_bayes_tau_0_5,15,0.6583975094708648,0.6466065701614603,0.6463802986585978,0.17909928175186265,0.0032258064516129032,0.19570030946040642,0.994525819782422,0.999877450980392,0.9882486896062659,0.9580580119353226,0.9666969916236979,0.9341303985985322,0.005474180217578057,0.00012254901960784314,0.011751310393734,0.8209007182481376,0.9967741935483871,0.8042996905395935,0.3828316187821076,0.349142174331409,0.37157278693541357,0.35129276182593744,0.29075872701335226,0.33553103860522027,0.3975148809745893,0.3565743393087216,0.37035728226212067,0.9540764180982806,0.9664664585109823,0.9266034790337052,0.5868125507671422,0.5015516287160026,0.5919744995333363,0.6300015701827177,0.5728599380932413,0.6331363488098837,0.22582051806328876,0.0874657441269975,0.24428040716115604
naive_bayes_tau_0_6,15,0.7000002623373566,0.6895059557221361,0.686697022782343,0.16521368726249458,0.0032258064516129032,0.18568668529005636,0.9949227778387911,1.0,0.9885626433594771,0.9575693939998943,0.9666969916236979,0.9337460627145556,0.005077222161208996,0.0,0.01143735664052271,0.8347863127375056,0.9967741935483871,0.8143133147099436,0.35941934107762874,0.2537369830052757,0.3585248309188369,0.3289187533265021,0.20589668612957224,0.3232073472241795,0.37990422071174346,0.2807593894679996,0.36140134105873695,0.9539463954383615,0.9664664585109823,0.9264973959870488,0.5800682325506427,0.5016129032258064,0.587124664324767,0.6300015701827177,0.5728599380932413,0.6331363488098837,0.22582051806328876,0.0874657441269975,0.24428040716115604
naive_bayes_tau_0_7,15,0.8117476660807792,0.94608547008547,0.7664308359755048,0.12660612012662556,0.0,0.15682666823398667,0.9960585353117977,1.0,0.9894210827712405,0.9561262175258396,0.9666969916236979,0.9326424550007647,0.003941464688202393,0.0,0.010578917228759423,0.8733938798733745,1.0,0.8431733317660133,0.3386423263322766,0.2628265628265628,0.3611870432854133,0.2946316174671201,0.2110390359219509,0.3158175281256711,0.37583282751497676,0.2685056195391121,0.37031007205578476,0.9535656106120446,0.9664664585109823,0.9261924721371846,0.5613323277192116,0.5,0.5731238755026137,0.6300015701827177,0.5728599380932413,0.6331363488098837,0.22582051806328876,0.0874657441269975,0.24428040716115604
naive_bayes_tau_0_8,15,0.8111341875546724,0.94608547008547,0.7632763932905867,0.11977578622736126,0.0,0.1358671043350176,0.9966461350030762,1.0,0.9912805956208429,0.9552090023799221,0.9666969916236979,0.9297406874665911,0.003353864996923772,0.0,0.00871940437915702,0.8802242137726387,1.0,0.8641328956649823,0.3369142613134321,0.2628265628265628,0.3565474609910502,0.29250699419902676,0.2110390359219509,0.3108135504051939,0.37406031416754587,0.2685056195391121,0.3654246128534822,0.9529963932886534,0.9664664585109823,0.9243847633200362,0.5582109606152187,0.5,0.5635738499779304,0.6300015701827177,0.5728599380932413,0.6331363488098837,0.22582051806328876,0.0874657441269975,0.24428040716115604
naive_bayes_tau_0_9,15,0.8977713675213675,0.973042735042735,0.8929956347896262,0.08467431761485701,0.0,0.05277242780231688,0.9998574591293306,1.0,0.9998982669778794,0.9516187224661212,0.9666969916236979,0.9194409700095088,0.0001425408706694331,0.0,0.00010173302212043383,0.9153256823851431,1.0,0.9472275721976832,0.3927412100432332,0.2896869909017129,0.383454188496245,0.3432611224475629,0.21984178832167828,0.3300445360236796,0.453887682311196,0.3588372788658538,0.4457858483466346,0.9515204083111473,0.9664664585109823,0.9193712473227142,0.5422658883720938,0.5,0.5263353473900982,0.6300015701827177,0.5728599380932413,0.6331363488098837,0.22582051806328876,0.0874657441269975,0.24428040716115604
bks_tau_0_1,15,0.4645617561213758,0.4471570260511947,0.44133040645912947,0.32162602966015386,0.24415584415584415,0.4310359928946866,0.9262880275425054,0.9939755018294489,0.8241306012666271,0.9678855573355485,0.9711465876731067,0.9556726280461095,0.07371197245749449,0.0060244981705510165,0.17586939873337273,0.678373970339846,0.7558441558441558,0.5689640071053134,0.3961206991135533,0.41639181431641115,0.38971283159275394,0.3972229353002614,0.43074082541636527,0.4195901386600986,0.34931077496682356,0.3329198306247435,0.32704822143131135,0.9062241972323969,0.9648816602850048,0.8100680618355502,0.6239570286013297,0.5342387536215718,0.627583297080657,0.629431431681737,0.5728599380932413,0.6323730052975528,0.22651186283393185,0.0874657441269975,0.2450811663239478
bks_tau_0_2,15,0.5448732005081037,0.516499054493905,0.544731929921749,0.25555483031713583,0.07710967741935484,0.26942806410957815,0.9880117021053183,0.9970779976048016,0.9757311394418975,0.9614809201503924,0.9711598667478709,0.939938938892879,0.01198829789468166,0.00292200239519838,0.024268860558102453,0.744445169682864,0.9228903225806452,0.7305719358904219,0.412215878779259,0.425927719606479,0.42886720460496264,0.39338622782641436,0.4048365112561817,0.41657237789279794,0.4117043134062658,0.41573574389511414,0.40852329645784313,0.9519630552143125,0.9648816602850048,0.9223836904831385,0.6217832662112273,0.5342387536215718,0.6225796017757379,0.629431431681737,0.5728599380932413,0.6323730052975528,0.22651186283393185,0.0874657441269975,0.2450811663239478
bks_tau_0_3,15,0.5534898147333613,0.516499054493905,0.5504549844956301,0.252697687459993,0.07710967741935484,0.26763407397652383,0.9883284166861803,0.9970779976048016,0.9759514434617147,0.9613913131593227,0.9711598667478709,0.9398752995496872,0.011671583313819563,0.00292200239519838,0.02404855653828516,0.747302312540007,0.9228903225806452,0.7323659260234762,0.41242691043977364,0.4287343602085477,0.42962975305163276,0.3910331844833084,0.4057127969702914,0.4152640084176717,0.41267369526868486,0.416563571319959,0.4096476504366316,0.9521768643627919,0.9648816602850048,0.9225309919570919,0.6205130520730866,0.5342387536215718,0.6217927587191192,0.629431431681737,0.5728599380932413,0.6323730052975528,0.22651186283393185,0.0874657441269975,0.2450811663239478
bks_tau_0_4,15,0.662238852429741,0.6344639389154134,0.6545361268575712,0.20366087373985162,0.008038709677419355,0.2122875757214936,0.9938077664073315,1.0,0.9877666658091222,0.9588711224404814,0.9666969916236979,0.9346866114144006,0.006192233592668515,0.0,0.012233334190877604,0.7963391262601485,0.9919612903225806,0.7877124242785064,0.43450447556366434,0.44515668156077937,0.4019151524171965,0.4000713361574173,0.4057127969702914,0.36403838583897846,0.440673359683636,0.44153233464118546,0.3969429262936657,0.9542303375830736,0.9648816602850048,0.9267180873821215,0.5987343200735914,0.5039580803289058,0.600027120765308,0.629431431681737,0.5728599380932413,0.6323730052975528,0.22651186283393185,0.0874657441269975,0.2450811663239478
bks_tau_0_5,15,0.7160469116921631,0.6482131403229204,0.6887625575287166,0.16595289809967256,0.0,0.184634159855049,0.9955205868133856,1.0,0.9890514909334029,0.957538170745865,0.9666969916236979,0.9336963906170028,0.004479413186614373,0.0,0.01094850906659695,0.8340471019003276,1.0,0.815365840144951,0.4077352440500294,0.43545778583625516,0.3876795210817855,0.3733839152867839,0.3704784181047536,0.3499011798741354,0.4263554992391807,0.4446430590783311,0.38850601226350695,0.9544662095390675,0.9664664585109823,0.9269014087128613,0.580736742456529,0.5,0.586842825394226,0.629431431681737,0.5728599380932413,0.6323730052975528,0.22651186283393185,0.0874657441269975,0.2450811663239478
bks_tau_0_6,15,0.5746755735166021,0.700294001655797,0.5367821540206047,0.14403546829130903,0.0,0.16847642486135442,0.995974782739429,1.0,0.989442721859288,0.9567589728864192,0.965994249865599,0.9330643950728763,0.004025217260571089,0.0,0.010557278140711925,0.855964531708691,1.0,0.8315235751386455,0.4790283015432788,0.5202337635428924,0.49737919304100137,0.4502085899613603,0.46555565184123104,0.45791165494245556,0.40205794254368526,0.3518930124963782,0.37997801008932214,0.9540773761570908,0.9656653238765859,0.9265983426960172,0.570005125515369,0.5,0.5789595733603213,0.629431431681737,0.5728599380932413,0.6323730052975528,0.22651186283393185,0.0874657441269975,0.2450811663239478
bks_tau_0_7,15,0.6499721293199554,0.9499163879598662,0.4762638886230197,0.07775238095238096,0.0,0.04798923605920168,0.9999442570548965,1.0,0.9999512473696897,0.9513833067611297,0.9658948132627019,0.9192762088943586,5.574294510339007e-05,0.0,4.8752630310321274e-05,0.9222476190476191,1.0,0.9520107639407983,0.6886815106622055,0.6886815106622055,0.6482628905550375,0.6176106486760334,0.6176106486760334,0.5714341995975232,0.48086724745881804,0.5173588072393797,0.33517815131768564,0.9513602432920419,0.9658948132627019,0.9192524070656568,0.5388483190036388,0.5,0.5239702417144456,0.629431431681737,0.5728599380932413,0.6323730052975528,0.22651186283393185,0.0874657441269975,0.2450811663239478
bks_tau_0_8,15,0.9779761904761906,0.9779761904761906,0.9743055555555556,0.07622857142857145,0.0,0.04679324263716551,0.9999603212070228,1.0,0.999968857278647,0.9513240069702147,0.9658948132627019,0.9192299969353186,3.967879297717547e-05,0.0,3.1142721352993154e-05,0.9237714285714286,1.0,0.9532067573628346,0.6759673324063022,0.6759673324063022,0.633429682589817,0.6054621851248676,0.6054621851248676,0.5572609921211631,0.7154580918926472,0.7154580918926472,0.6793932197806305,0.9513144316376803,0.9658948132627019,0.91922109663238,0.5380944463177971,0.5,0.5233810499579062,0.629431431681737,0.5728599380932413,0.6323730052975528,0.22651186283393185,0.0874657441269975,0.2450811663239478
bks_tau_0_9,15,0.9852130325814537,0.9852130325814537,0.9827485380116959,0.07565714285714287,0.0,0.04634474510390193,0.9999761283597594,1.0,0.999981263849415,0.9513020765777408,0.9658948132627019,0.9192127844131948,2.3871640240562148e-05,0.0,1.8736150584983002e-05,0.9243428571428571,1.0,0.953655254896098,0.6717359195447196,0.6717359195447196,0.628493034251304,0.6010230458888176,0.6010230458888176,0.5520819963457714,0.7137226459636332,0.7137226459636332,0.6773685328634476,0.9513068429448327,0.9658948132627019,0.9192151404898401,0.537816635608451,0.5,0.5231630044766584,0.629431431681737,0.5728599380932413,0.6323730052975528,0.22651186283393185,0.0874657441269975,0.2450811663239478
logistic_regression_tau_0_1,15,0.061803882318270276,0.038911450049722865,0.08828685905478072,0.9973701149425287,1.0,0.9985044927080488,0.013365304444815217,0.0,0.00750162856206429,0.9588757396449704,0.9588757396449704,0.9561627054873181,0.9866346955551848,1.0,0.9924983714379357,0.002629885057471264,0.0,0.0014955072919512738,0.10482564520447696,0.07490805123978457,0.15339428601824234,0.2059601619744929,0.16835322798603888,0.29150185084313907,0.40111417789330456,0.40111417789330456,0.369118823489443,0.06393907610503151,0.038911450049722865,0.0894920476302157,0.505367709693672,0.5,0.5030030606350565,0.6295418364415677,0.5728599380932413,0.6329685810369259,0.22448163195014675,0.0874657441269975,0.24323440035123878
logistic_regression_tau_0_2,15,0.12746561807591206,0.044176437437980644,0.1297256860955603,0.9792535343555621,1.0,0.9838554508343642,0.11027943250907067,0.0,0.07986398036128232,0.9685608792879645,0.9868751715498063,0.9696471196607287,0.8897205674909292,1.0,0.9201360196387177,0.020746465644437953,0.0,0.016144549165635846,0.16779376545570474,0.08461463777591287,0.19373013824242455,0.26292516522686804,0.18771057318462436,0.3283987277607579,0.33437307735164545,0.07851080085076577,0.23853387429925593,0.1564168330539026,0.044176437437980644,0.1574657224872192,0.5447664834323164,0.5,0.5318597155978233,0.6295418364415677,0.5728599380932413,0.6329685810369259,0.22448163195014675,0.0874657441269975,0.24323440035123878
logistic_regression_tau_0_3,15,0.15506555849857334,0.044176437437980644,0.15139174510523126,0.9707963914984191,1.0,0.9772762910197432,0.14986725798705341,0.0,0.11097133947934872,0.83507467292203,0.9895934855641947,0.8965562393810973,0.8501327420129466,1.0,0.8890286605206513,0.02920360850158081,0.0,0.022723708980256867,0.19512679410279635,0.08461463777591287,0.21518983708066436,0.2872295655138062,0.18771057318462436,0.34748848611890154,0.22854644218122044,0.07384684807580907,0.17533438319749017,0.19407950139060517,0.044176437437980644,0.18706156385452508,0.5603318247427362,0.5,0.544123815249546,0.6295418364415677,0.5728599380932413,0.6329685810369259,0.22448163195014675,0.0874657441269975,0.24323440035123878
logistic_regression_tau_0_4,15,0.2423716274783021,0.07129995516718028,0.2560024033976196,0.8431846685498395,0.9835907015359069,0.8199831464223062,0.3748564166319257,0.07629632307921884,0.4112785833852882,0.8886718639946039,0.9795,0.9195634916684805,0.6251435833680742,0.9237036769207811,0.5887214166147118,0.15681533145016044,0.016409298464092982,0.1800168535776937,0.2689113999039307,0.1331087970327322,0.3035152757059191,0.33490342232289727,0.24793023266948774,0.3919511531807981,0.29144396218685803,0.37784351808646577,0.2686753184417493,0.39571582780049813,0.19020592715195955,0.4372144190040808,0.6090205425908827,0.529943512307563,0.6156308649037974,0.6295418364415677,0.5728599380932413,0.6329685810369259,0.22448163195014675,0.0874657441269975,0.24323440035123878
logistic_regression_tau_0_5,15,0.37413991267118973,0.38766031457955236,0.37999861176651534,0.5194050634782017,0.46640026640026644,0.5732104658265315,0.7387923662985614,0.986290655960798,0.689766909952221,0.9714381773108997,0.9795561615899017,0.9575898798580499,0.2612076337014387,0.013709344039201954,0.3102330900477789,0.48059493652179835,0.5335997335997336,0.4267895341734685,0.3248376691768242,0.25729854595434243,0.3411521964231789,0.3475394500485572,0.3169036645475698,0.38180929212382825,0.30249421999872245,0.2258100017624891,0.2971036417817537,0.7328418083667576,0.9402603944685808,0.685880680024087,0.6290987148883815,0.5728599380932413,0.6314886878893762,0.6295418364415677,0.5728599380932413,0.6329685810369259,0.22448163195014675,0.0874657441269975,0.24323440035123878
logistic_regression_tau_0_6,15,0.4917709451258425,0.48320294099127814,0.5127139131534185,0.2563199828910934,0.07710967741935484,0.26987602883654777,0.9878051189306719,0.9970779976048016,0.9755831512827023,0.961499711106898,0.9711465876731067,0.9399491975471806,0.01219488106932794,0.00292200239519838,0.024416848717297664,0.7436800171089064,0.9228903225806452,0.7301239711634523,0.4111500803952712,0.426659333747146,0.42811154074231894,0.3936703430757996,0.408352506661778,0.4166814334513839,0.37268360336504586,0.38901633355527643,0.38519527001510306,0.951786950770114,0.9648816602850048,0.9222547856514565,0.6220625509108828,0.5342387536215718,0.6227295900596249,0.6295418364415677,0.5728599380932413,0.6329685810369259,0.22448163195014675,0.0874657441269975,0.24323440035123878
logistic_regression_tau_0_7,15,0.4955384073883194,0.48320294099127814,0.515209772427705,0.2563199828910934,0.07710967741935484,0.26987602883654777,0.9879723142872042,0.9970779976048016,0.9757086151016521,0.9615028084277856,0.9711465876731067,0.939951776561718,0.012027685712795748,0.00292200239519838,0.024291384898347913,0.7436800171089064,0.9228903225806452,0.7301239711634523,0.4131683138780356,0.4294688938793606,0.4294385814145148,0.39448186811321323,0.40858580535960876,0.41722714644385184,0.37465241612122036,0.3947055324358782,0.3865317637790861,0.9519477341044426,0.9648816602850048,0.9223752530039843,0.6221461485891489,0.5342387536215718,0.6227923219691001,0.6295418364415677,0.5728599380932413,0.6329685810369259,0.22448163195014675,0.0874657441269975,0.24323440035123878
logistic_regression_tau_0_8,15,0.49533927318918525,0.48320294099127814,0.5150834533903709,0.25582149698380247,0.07710967741935484,0.2695775632873326,0.9879802225513404,0.9970779976048016,0.9757133501289902,0.9614878410364549,0.9711465876731067,0.9399428149228664,0.012019777448659726,0.00292200239519838,0.02428664987100978,0.7441785030161974,0.9228903225806452,0.7304224367126674,0.41246007902345927,0.425927719606479,0.4290066519805909,0.3937320092925278,0.4048365112561817,0.4167698319049687,0.3741070557581777,0.3947055324358782,0.3861858192032208,0.951940154040012,0.9648816602850048,0.9223707144843184,0.6219008597675714,0.5342387536215718,0.6226454567081614,0.6295418364415677,0.5728599380932413,0.6329685810369259,0.22448163195014675,0.0874657441269975,0.24323440035123878
logistic_regression_tau_0_9,15,0.5831858692764099,0.596025641025641,0.6090546035440699,0.2109145068677122,0.02857142857142857,0.13935480015301968,0.9949477730325136,0.999877450980392,0.9962240725160522,0.9558574215015109,0.9711598667478709,0.9226327352013954,0.005052226967486546,0.00012254901960784314,0.0037759274839477973,0.7890854931322877,0.9714285714285715,0.8606451998469803,0.3855629506254149,0.4220109345808403,0.3438992648194333,0.3642651874305958,0.3704784181047536,0.32574027602084615,0.39732076850279513,0.3947055324358782,0.36065392705124744,0.9512157456230769,0.9648816602850048,0.9191861567364781,0.6029311399501129,0.5139364978030694,0.5677894363345359,0.6295418364415677,0.5728599380932413,0.6329685810369259,0.22448163195014675,0.0874657441269975,0.24323440035123878
logistic_interactions_tau_0_1,15,0.061805158337334166,0.038911450049722865,0.08828769173877142,0.9973701149425287,1.0,0.9985044927080488,0.013404790408344157,0.0,0.0075273956768503285,0.9817122781065089,0.9817122781065089,0.9807299243128548,0.9865952095916558,1.0,0.9924726043231498,0.002629885057471264,0.0,0.0014955072919512738,0.10482803398179369,0.07490805123978457,0.15339584484811042,0.20596511956987754,0.16835322798603888,0.2915050859909719,0.4093082776528378,0.4093082776528378,0.3779339178703088,0.06397724199647395,0.038911450049722865,0.0895169533135983,0.5053874526754364,0.5,0.5030159441924495,0.6292756175533223,0.5728599380932413,0.6319303048057742,0.22512432174583547,0.0874657441269975,0.24356901443393922
logistic_interactions_tau_0_2,15,0.12746561807591206,0.044176437437980644,0.1297256860955603,0.9792535343555621,1.0,0.9838554508343642,0.11027943250907067,0.0,0.07986398036128232,0.9685608792879645,0.9868751715498063,0.9696471196607287,0.8897205674909292,1.0,0.9201360196387177,0.020746465644437953,0.0,0.016144549165635846,0.16779376545570474,0.08461463777591287,0.19373013824242455,0.26292516522686804,0.18771057318462436,0.3283987277607579,0.33437307735164545,0.07851080085076577,0.23853387429925593,0.1564168330539026,0.044176437437980644,0.1574657224872192,0.5447664834323164,0.5,0.5318597155978233,0.6292756175533223,0.5728599380932413,0.6319303048057742,0.22512432174583547,0.0874657441269975,0.24356901443393922
logistic_interactions_tau_0_3,15,0.15824397466029413,0.044176437437980644,0.15360472554191784,0.9692057482235653,1.0,0.9721861849802387,0.1527359969018563,0.0013391187852032239,0.11966253798197926,0.8602773881541288,0.9895934855641947,0.9030541227594174,0.8472640030981435,0.9986608812147967,0.8803374620180208,0.030794251776434613,0.0,0.027813815019761372,0.1967055469682864,0.08461463777591287,0.21652662735947287,0.28774294535703515,0.18771057318462436,0.34767809500636127,0.1867652138518006,0.05159510713438799,0.1296002622797554,0.19625000593232725,0.044176437437980644,0.1935338388930638,0.5609708725627108,0.5,0.545924361481109,0.6292756175533223,0.5728599380932413,0.6319303048057742,0.22512432174583547,0.0874657441269975,0.24356901443393922
logistic_interactions_tau_0_4,15,0.2569035311574226,0.07129995516718028,0.28678185100885767,0.8410826769741637,0.9835907015359069,0.8132567105309413,0.3803042744557104,0.07629632307921884,0.42817647375282397,0.8887952767800098,0.9795,0.9199113020462064,0.6196957255442896,0.9237036769207811,0.571823526247176,0.15891732302583622,0.016409298464092982,0.18674328946905866,0.27619390893127344,0.1331087970327322,0.31959576146968577,0.3369524365984798,0.24793023266948774,0.39575231291372914,0.30389126722220766,0.37784351808646577,0.2947328017537768,0.39995638615017126,0.19020592715195955,0.4502650381754315,0.610693475714937,0.529943512307563,0.6207165921418827,0.6292756175533223,0.5728599380932413,0.6319303048057742,0.22512432174583547,0.0874657441269975,0.24356901443393922
logistic_interactions_tau_0_5,15,0.3775074054873747,0.38766031457955236,0.3818308498168393,0.5199245439976823,0.4741924741924741,0.5736601282884528,0.7388236159749136,0.9864104881956692,0.6897620448397204,0.9714622949477755,0.9795561615899017,0.9576102284734017,0.26117638402508636,0.013589511804330772,0.31023795516027947,0.48007545600231777,0.5258075258075258,0.42633987171154714,0.32662869675604567,0.25729854595434243,0.3421416082207638,0.3485124406294565,0.3169036645475698,0.3824304951442793,0.3044742711583592,0.2258100017624891,0.2982233678311632,0.7328960013221513,0.9402603944685808,0.6858965988647541,0.629374079986298,0.5728599380932413,0.6317110865640866,0.6292756175533223,0.5728599380932413,0.6319303048057742,0.22512432174583547,0.0874657441269975,0.24356901443393922
logistic_interactions_tau_0_6,15,0.45146537042675955,0.4471570260511947,0.48212817809108316,0.25683724340835395,0.07710967741935484,0.2703237696640166,0.9875335502626302,0.9970779976048016,0.9753388402022755,0.9615145997145916,0.9711465876731067,0.939962303673148,0.01246644973736979,0.00292200239519838,0.024661159797724642,0.7431627565916459,0.9228903225806452,0.7296762303359835,0.4114623044748723,0.420938846863544,0.4279344251111319,0.39413210906583673,0.40792841321713924,0.41691877049070575,0.34108309231302464,0.32707622178103635,0.36167264399029936,0.9515507848046606,0.9648816602850048,0.9220413425697105,0.6221853968354921,0.5342387536215718,0.622831304933146,0.6292756175533223,0.5728599380932413,0.6319303048057742,0.22512432174583547,0.0874657441269975,0.24356901443393922
logistic_interactions_tau_0_7,15,0.4947394052371598,0.48320294099127814,0.5144770374096005,0.2563199828910934,0.07710967741935484,0.26987602883654777,0.9878682726705574,0.9970779976048016,0.975618556653396,0.9615000456459659,0.9711465876731067,0.939949385097114,0.012131727329442406,0.00292200239519838,0.024381443346603877,0.7436800171089064,0.9228903225806452,0.7301239711634523,0.4126064018515926,0.426659333747146,0.4289431541824294,0.39421692775476447,0.408352506661778,0.41699355352845385,0.3741352162229838,0.38901633355527643,0.38605745907759326,0.9518482887037923,0.9648816602850048,0.9222891730413941,0.6220941277808255,0.5342387536215718,0.6227472927449719,0.6292756175533223,0.5728599380932413,0.6319303048057742,0.22512432174583547,0.0874657441269975,0.24356901443393922
logistic_interactions_tau_0_8,15,0.5042863615824934,0.48320294099127814,0.5454165951851346,0.2464896031466455,0.07710967741935484,0.24041906611520747,0.9909906261756696,0.9970779976048016,0.985346731737417,0.9601985794083573,0.9711465876731067,0.9358377427992306,0.009009373824330468,0.00292200239519838,0.014653268262582841,0.7535103968533544,0.9228903225806452,0.7595809338847926,0.4082198559991964,0.425927719606479,0.4158422514136667,0.3832720903295597,0.4048365112561817,0.3836055569517025,0.37276866689112603,0.3947055324358782,0.38222508083665424,0.9529713536646157,0.9648816602850048,0.9256908210947281,0.6187401146611576,0.5342387536215718,0.6128828989263123,0.6292756175533223,0.5728599380932413,0.6319303048057742,0.22512432174583547,0.0874657441269975,0.24356901443393922
logistic_interactions_tau_0_9,15,0.588814716968342,0.6083701892667737,0.6189698554316713,0.23320310949315695,0.06037735849056604,0.21138283710886427,0.9924469701496313,0.9993015670347101,0.9882214285172343,0.9589288358125648,0.9711598667478709,0.9324819564665385,0.0075530298503687174,0.0006984329652900278,0.011778571482765687,0.766796890506843,0.939622641509434,0.7886171628911357,0.3976232979381261,0.4287343602085477,0.3974464262337233,0.3728333943722176,0.4057127969702914,0.367154896736883,0.40213797577527577,0.416563571319959,0.3889169699791973,0.9528067020353711,0.9648816602850048,0.9242975018041338,0.612825039821394,0.5287276780476838,0.5998021328130493,0.6292756175533223,0.5728599380932413,0.6319303048057742,0.22512432174583547,0.0874657441269975,0.24356901443393922
decision_tree_tau_0_1,15,0.06397999729965008,0.038911450049722865,0.0895099729279446,0.996877459575297,1.0,0.9982063254666127,0.01380181551926096,0.0,0.007822186228012116,0.7895201287228673,0.9989399293286219,0.8351605491605788,0.9861981844807389,1.0,0.9921778137719879,0.003122540424702903,0.0,0.0017936745333873778,0.10579364269632104,0.07490805123978457,0.1539424889168718,0.2063100828090451,0.16835322798603888,0.2917077477000716,0.010219676546231456,0.006967456913181768,0.009111885194662845,0.06434402816659517,0.038911450049722865,0.08979011320264942,0.5053396375472791,0.5,0.5030142558473124,0.629718499668972,0.5728599380932413,0.6324221165752842,0.2244166889655401,0.0874657441269975,0.24349507079139657
decision_tree_tau_0_2,15,0.13265620564829564,0.044176437437980644,0.13263924481124742,0.9789868676888953,1.0,0.9837047556631876,0.11064504811861332,0.0,0.08013827420538802,0.8617690982754223,0.9893903988196177,0.9097067202832605,0.8893549518813866,1.0,0.9198617257946121,0.02101313231110462,0.0,0.016295244336812405,0.17016866702763606,0.08461463777591287,0.19506799769216676,0.2638269721621265,0.18771057318462436,0.3289161972949028,0.20032102498215665,0.0411800729136352,0.15876927995190573,0.15676085314548083,0.044176437437980644,0.1577240260550205,0.5448159579037544,0.5,0.5319215149342879,0.629718499668972,0.5728599380932413,0.6324221165752842,0.2244166889655401,0.0874657441269975,0.24349507079139657
decision_tree_tau_0_3,15,0.1605718468780925,0.044176437437980644,0.15494354217623751,0.9692057482235653,1.0,0.9721861849802387,0.15283091598813764,0.0013391187852032239,0.11971972924576248,0.8659824225526231,0.9895944913503388,0.9061443686104024,0.8471690840118622,0.9986608812147967,0.8802802707542375,0.030794251776434613,0.0,0.027813815019761372,0.19775351414881903,0.08461463777591287,0.21713123721154987,0.2881407089684851,0.18771057318462436,0.3479081791792568,0.1904707845733044,0.05159510713438799,0.13148660556684608,0.1963419952373389,0.044176437437980644,0.1935892426897564,0.5610183321058516,0.5,0.5459529571130006,0.629718499668972,0.5728599380932413,0.6324221165752842,0.2244166889655401,0.0874657441269975,0.24349507079139657
decision_tree_tau_0_4,15,0.25705376589920664,0.07129995516718028,0.2868997658532838,0.8410826769741637,0.9835907015359069,0.8132567105309413,0.3803122632713685,0.07629632307921884,0.42818274394002753,0.8887953682151136,0.9795,0.9199113661907311,0.6196877367286314,0.9237036769207811,0.5718172560599724,0.15891732302583622,0.016409298464092982,0.18674328946905866,0.27626955904947675,0.1331087970327322,0.3196551370296451,0.33698282596220247,0.24793023266948774,0.3957761646343965,0.3039995221873773,0.37784351808646577,0.29480874592577083,0.39996405339188107,0.19020592715195955,0.4502710559686707,0.6106974701227661,0.529943512307563,0.6207197272354846,0.629718499668972,0.5728599380932413,0.6324221165752842,0.2244166889655401,0.0874657441269975,0.24349507079139657
decision_tree_tau_0_5,15,0.37854015122512236,0.38766031457955236,0.38220069021920117,0.5063245439976822,0.4741924741924741,0.5612505005414054,0.7521724532051784,0.9836607551357138,0.7020246975164397,0.9578888005611229,0.9795,0.9505154533793673,0.2478275467948215,0.016339244864286177,0.2979753024835602,0.4936754560023178,0.5258075258075258,0.43874949945859454,0.30869852933582037,0.2337056741751618,0.33135166196036303,0.3337040334160125,0.2587063739066595,0.3727615827481504,0.3028490891301116,0.22796394140155313,0.2972233230543488,0.7449776245756042,0.9385352239045902,0.6970857959721445,0.6292484986014304,0.5728599380932413,0.6316375990289226,0.629718499668972,0.5728599380932413,0.6324221165752842,0.2244166889655401,0.0874657441269975,0.24349507079139657
decision_tree_tau_0_6,15,0.45228878312517223,0.4471570260511947,0.48234302505405036,0.25683724340835395,0.07710967741935484,0.2703237696640166,0.9874619127994758,0.9970779976048016,0.975285694996385,0.9615119259466482,0.9711465876731067,0.9399605016229116,0.012538087200524194,0.00292200239519838,0.02471430500361491,0.7431627565916459,0.9228903225806452,0.7296762303359835,0.41180293081549857,0.420938846863544,0.42801767549588976,0.39424445703532757,0.40792841321713924,0.41694622876556986,0.34158831143559665,0.3292301614201003,0.3618700785338567,0.9514818632306785,0.9647512088965113,0.9219900468183166,0.622149578103915,0.5342387536215718,0.6228047323302007,0.629718499668972,0.5728599380932413,0.6324221165752842,0.2244166889655401,0.0874657441269975,0.24349507079139657
decision_tree_tau_0_7,15,0.4940759020736566,0.48320294099127814,0.5132731453693153,0.2566640832351938,0.07710967741935484,0.27017388217670946,0.987676309946665,0.9970779976048016,0.9754426935976335,0.9615105088701623,0.9711465876731067,0.9399583552644709,0.012323690053334894,0.00292200239519838,0.024557306402366468,0.743335916764806,0.9228903225806452,0.7298261178232905,0.41210481760795137,0.4224482808258081,0.42828384338507836,0.39422719250434735,0.4078420905622381,0.4169310069543356,0.37375600286474575,0.3805371073365299,0.3854501074063888,0.9516805872545457,0.9648816602850048,0.9221344275537194,0.6221701965909294,0.5342387536215718,0.6228082878871715,0.629718499668972,0.5728599380932413,0.6324221165752842,0.2244166889655401,0.0874657441269975,0.24349507079139657
decision_tree_tau_0_8,15,0.505383764179896,0.48320294099127814,0.545771264525873,0.24725475572060313,0.07710967741935484,0.24086703084217712,0.990998221808465,0.9970779976048016,0.9853457168109273,0.9602214916954294,0.9711465876731067,0.9358511140308405,0.009001778191534955,0.00292200239519838,0.014654283189072548,0.7527452442793969,0.9228903225806452,0.7591329691578229,0.40951291743859936,0.4294688938793606,0.4164968786079768,0.3844800785858494,0.40858580535960876,0.3842877837776204,0.37391191443415345,0.3947055324358782,0.38279309085705215,0.9530019178586698,0.9648816602850048,0.9257033332668851,0.6191264887645341,0.5342387536215718,0.6131063738265522,0.629718499668972,0.5728599380932413,0.6324221165752842,0.2244166889655401,0.0874657441269975,0.24349507079139657
decision_tree_tau_0_9,15,0.5292729267414723,0.596025641025641,0.5812987462879232,0.2426848719638498,0.06037735849056604,0.23488053824807847,0.9914578550743727,0.9981437048503612,0.9859815432034253,0.9599627456285039,0.9711465876731067,0.9355015765625027,0.008542144925627434,0.0018562951496388029,0.014018456796574503,0.7573151280361502,0.939622641509434,0.7651194617519216,0.3997633923053771,0.425927719606479,0.40319897420010037,0.3770283298962304,0.4048365112561817,0.37429351768929564,0.36729959725491795,0.3947055324358782,0.3734672639785153,0.9531238702067765,0.9648816602850048,0.9258797605709838,0.6170713635191113,0.5287276780476838,0.610431040725752,0.629718499668972,0.5728599380932413,0.6324221165752842,0.2244166889655401,0.0874657441269975,0.24349507079139657
random_forest_tau_0_1,15,0.06397924046578428,0.038911450049722865,0.08950680583016851,0.9971441262419637,1.0,0.9983570206377892,0.013602133836880841,0.0,0.00765573707193029,0.9722624548596279,0.9994699646643109,0.9764477431366935,0.9863978661631191,1.0,0.9923442629280697,0.002855873758036236,0.0,0.0016429793622108194,0.10579312786497716,0.07490805123978457,0.15393728771600143,0.20631413512873964,0.16835322798603888,0.29170089194463655,0.041676569659490764,0.005275681948970091,0.030954452761718643,0.06416043058850804,0.038911450049722865,0.08963565035747229,0.5053731300394223,0.5,0.5030063788548597,0.6297459048151407,0.5728599380932413,0.6324434185341692,0.22677303023802947,0.0874657441269975,0.24524994270304834
random_forest_tau_0_2,15,0.13228767174639955,0.044176437437980644,0.13172198193145676,0.9801648391846752,1.0,0.9860972688883416,0.10652317009709318,0.0,0.07006851489885862,0.9830982332369425,0.991905626089429,0.9823825678227601,0.8934768299029069,1.0,0.9299314851011414,0.019835160815324902,0.0,0.01390273111165839,0.16961840723043528,0.08461463777591287,0.19369312524454446,0.2631794380412819,0.18771057318462436,0.3272716554374865,0.24834477447403303,0.07384684807580907,0.18295529941422203,0.15327607963681178,0.044176437437980644,0.14920371053201137,0.5433440046408842,0.5,0.5280828918936001,0.6297459048151407,0.5728599380932413,0.6324434185341692,0.22677303023802947,0.0874657441269975,0.24524994270304834
random_forest_tau_0_3,15,0.16042898092476796,0.044176437437980644,0.15482979148495493,0.9694724148902321,1.0,0.9723368801514153,0.15282292717247956,0.0013391187852032239,0.11971345905855887,0.974230099648433,0.9907495558268118,0.955969380363549,0.8471770728275203,0.9986608812147967,0.8802865409414411,0.030527585109767944,0.0,0.027663119848584813,0.19769220562973253,0.08461463777591287,0.21707996618809258,0.2881434989297152,0.18771057318462436,0.3479030773237892,0.2315603494169064,0.06272097760509854,0.1462925952597593,0.1963419080600596,0.044176437437980644,0.19358750844316813,0.5611476710313558,0.5,0.546025169604987,0.6297459048151407,0.5728599380932413,0.6324434185341692,0.22677303023802947,0.0874657441269975,0.24524994270304834
random_forest_tau_0_4,15,0.26602492005591816,0.07129995516718028,0.2922429819045179,0.8329542819124355,0.9835907015359069,0.8083809111256158,0.3935749732225924,0.07629632307921884,0.4361222277611006,0.9777321140738409,0.9797813509714418,0.9642143319908036,0.6064250267774075,0.9237036769207811,0.5638777722388993,0.1670457180875646,0.016409298464092982,0.19161908887438417,0.2819171747648562,0.1331087970327322,0.3230220513192444,0.34062546425846923,0.2773860988272806,0.39795040088355177,0.3512552850610109,0.39544727392180656,0.3171743749473103,0.41256878503456007,0.19020592715195955,0.4578163839696429,0.6132646275675138,0.529943512307563,0.6222515694433582,0.6297459048151407,0.5728599380932413,0.6324434185341692,0.22677303023802947,0.0874657441269975,0.24524994270304834
random_forest_tau_0_5,15,0.3789285746768739,0.38766031457955236,0.3824197691532227,0.5463245439976823,0.4741924741924741,0.5885789502349321,0.7121803474226641,0.9836607551357138,0.6747007088996205,0.9541213548247274,0.9795561615899017,0.9479878411646059,0.2878196525773358,0.016339244864286177,0.3252992911003795,0.4536754560023178,0.5258075258075258,0.4114210497650678,0.3087856999863469,0.2337056741751618,0.3314001386928107,0.333896527260941,0.2587063739066595,0.37286876591323037,0.3023664488238072,0.22796394140155313,0.29695551006274107,0.7077843499526738,0.9385352239045902,0.6717008511583948,0.6292524457101732,0.5728599380932413,0.6316398295672764,0.6297459048151407,0.5728599380932413,0.6324434185341692,0.22677303023802947,0.0874657441269975,0.24524994270304834
random_forest_tau_0_6,15,0.45228878312517223,0.4471570260511947,0.48234302505405036,0.25683724340835395,0.07710967741935484,0.2703237696640166,0.9874856940123176,0.9970779976048016,0.9753012137576431,0.9615126935536333,0.9711465876731067,0.939961002535528,0.012514305987682339,0.00292200239519838,0.024698786242356923,0.7431627565916459,0.9228903225806452,0.7296762303359835,0.41180293081549857,0.420938846863544,0.42801767549588976,0.39424445703532757,0.40792841321713924,0.41694622876556986,0.34155133732657267,0.3292301614201003,0.3618438412673029,0.9515048517364256,0.9648816602850048,0.9220050482875327,0.622161468710336,0.5342387536215718,0.6228124917108298,0.6297459048151407,0.5728599380932413,0.6324434185341692,0.22677303023802947,0.0874657441269975,0.24524994270304834
random_forest_tau_0_7,15,0.5443168256143556,0.516499054493905,0.5435521538891267,0.2564931430642536,0.07710967741935484,0.2700259163238549,0.9878120815182926,0.9970779976048016,0.9755507581059647,0.9615063583740657,0.9711598667478709,0.9399544965758152,0.012187918481707409,0.00292200239519838,0.024449241894035294,0.7435068569357463,0.9228903225806452,0.7299740836761451,0.41250106928131147,0.4244295391926087,0.4286332110093749,0.3942646321178739,0.40802928862987087,0.41696401675520645,0.4119519211363952,0.41151374848395544,0.4082335347321801,0.9518031096935445,0.9648816602850048,0.9222312974005757,0.622152612291273,0.5342387536215718,0.6227883372149099,0.6297459048151407,0.5728599380932413,0.6324434185341692,0.22677303023802947,0.0874657441269975,0.24524994270304834
random_forest_tau_0_8,15,0.5535107493747295,0.5396142910084596,0.5766619108065543,0.23950547616251855,0.07710967741935484,0.23874325152266393,0.991185016217527,0.9970779976048016,0.9854061407857062,0.9601173754197557,0.9711598667478709,0.9358185549919208,0.008814983782473092,0.00292200239519838,0.01459385921429364,0.7604945238374815,0.9228903225806452,0.7612567484773362,0.4070229188604899,0.425927719606479,0.4156140910134253,0.3820835430544429,0.4048365112561817,0.3833391126868476,0.409251626155143,0.41573574389511414,0.40423969365048507,0.9530784845182276,0.9648816602850048,0.9257289236670826,0.6153452461900227,0.5342387536215718,0.6120746961541852,0.6297459048151407,0.5728599380932413,0.6324434185341692,0.22677303023802947,0.0874657441269975,0.24524994270304834
random_forest_tau_0_9,15,0.6160109856852879,0.6207147375079064,0.6260738418454003,0.2237724854256568,0.017651612903225804,0.22948065237350862,0.9920973030107482,0.9996520343244295,0.9862445010139077,0.9596948682802807,0.9711598667478709,0.9354091004148578,0.007902696989251846,0.00034796567557040164,0.013755498986092176,0.7762275145743431,0.9823483870967742,0.7705193476264914,0.4121067806869881,0.43545778583625516,0.40688439672223475,0.38747765511358856,0.4409471758358291,0.37607463929815516,0.4187895367421289,0.43842161020403986,0.39960063532427714,0.9534750349692283,0.9648816602850048,0.9260413907182897,0.6079348942182025,0.5078976588767935,0.6078625766937082,0.6297459048151407,0.5728599380932413,0.6324434185341692,0.22677303023802947,0.0874657441269975,0.24524994270304834
gradient_boosting_tau_0_1,15,0.05103179780032406,0.03788082602921057,0.08225092850837927,0.999277459575297,1.0,0.9995518180664034,0.0005316359258131605,0.0,0.0003826327109797881,0.7897321428571429,1.0,0.8353240393936724,0.9994683640741868,1.0,0.9996173672890202,0.0007225404247029028,0.0,0.00044818193359667677,0.09452763376607853,0.0729964130370846,0.14762651739819793,0.19669467202209595,0.1644808431002,0.28631713767599326,-0.02543787144640976,0.006967456913181768,-0.018384681733653947,0.05152440002781809,0.03788082602921057,0.08260314870565225,0.49990454775055515,0.5,0.49996722538869154,0.629805120572754,0.5728599380932413,0.6324815507811696,0.22598266498944383,0.0874657441269975,0.2446259199409362
gradient_boosting_tau_0_2,15,0.13266032091295638,0.044176437437980644,0.1326419302844488,0.9789868676888953,1.0,0.9837047556631876,0.11077165543809898,0.0,0.08022089357293996,0.8617690982754223,0.9893903988196177,0.9097067202832605,0.889228344561901,1.0,0.9197791064270601,0.02101313231110462,0.0,0.016295244336812405,0.1701763733887057,0.08461463777591287,0.19507302658528508,0.2638429786806432,0.18771057318462436,0.32892664257122595,0.20075751062204372,0.0411800729136352,0.15906744267774411,0.15688324748474264,0.044176437437980644,0.157803896183721,0.5448792615634972,0.5,0.5319628246180639,0.629805120572754,0.5728599380932413,0.6324815507811696,0.22598266498944383,0.0874657441269975,0.2446259199409362
gradient_boosting_tau_0_3,15,0.16042925462865834,0.044176437437980644,0.15483061454650832,0.9692057482235653,1.0,0.9721861849802387,0.15305927386096385,0.0013391187852032239,0.1198676903779241,0.8671231838144801,0.9895934855641947,0.9067622785180386,0.8469407261390361,0.9986608812147967,0.8801323096220759,0.030794251776434613,0.0,0.027813815019761372,0.19769217997539854,0.08461463777591287,0.21708120372050632,0.2881400787875402,0.18771057318462436,0.347903747227288,0.19125680122525623,0.05159510713438799,0.13189784034224772,0.19656284323691856,0.044176437437980644,0.19373234569607306,0.5611325110422647,0.5,0.5460269376790814,0.629805120572754,0.5728599380932413,0.6324815507811696,0.22598266498944383,0.0874657441269975,0.2446259199409362
gradient_boosting_tau_0_4,15,0.2569048328699151,0.07129995516718028,0.2867827004594527,0.8410826769741637,0.9835907015359069,0.8132567105309413,0.3803438392430497,0.07629632307921884,0.42820229230518403,0.8887952767800098,0.9795,0.9199113020462064,0.6196561607569502,0.9237036769207811,0.5717977076948161,0.15891732302583622,0.016409298464092982,0.18674328946905866,0.27619634559687306,0.1331087970327322,0.31959735154971897,0.3369574924208607,0.24793023266948774,0.39575561216095484,0.30393788296928803,0.37784351808646577,0.2947599914415327,0.3999946343811906,0.19020592715195955,0.45028999759065036,0.6107132581086068,0.529943512307563,0.6207295014180628,0.629805120572754,0.5728599380932413,0.6324815507811696,0.22598266498944383,0.0874657441269975,0.2446259199409362
gradient_boosting_tau_0_5,15,0.37806929763619235,0.38766031457955236,0.38186365374177955,0.5065912106643489,0.4741924741924741,0.5625971891346182,0.7520789340800463,0.9836607551357138,0.7007659295092206,0.9705617859350604,0.9753015437585285,0.9576535691706194,0.24792106591995366,0.016339244864286177,0.2992340704907792,0.4934087893356512,0.5258075258075258,0.4374028108653818,0.30882216565851467,0.2337056741751618,0.33140691325197796,0.334108256574276,0.2587063739066595,0.3729873174127599,0.30440595411590315,0.22796394140155313,0.29804380597093927,0.7450560358017196,0.9385352239045902,0.6960277732021632,0.6293350723721977,0.5728599380932413,0.6316815593219195,0.629805120572754,0.5728599380932413,0.6324815507811696,0.22598266498944383,0.0874657441269975,0.2446259199409362
gradient_boosting_tau_0_6,15,0.45210098969794216,0.4471570260511947,0.4821827461687899,0.25683724340835395,0.07710967741935484,0.2703237696640166,0.9875410653439036,0.9970779976048016,0.9753362901159202,0.9615146714002101,0.9711465876731067,0.9399622843353374,0.012458934656096331,0.00292200239519838,0.02466370988407982,0.7431627565916459,0.9228903225806452,0.7296762303359835,0.41168945563819365,0.420938846863544,0.42792695756062993,0.39419887298974354,0.40792841321713924,0.41690978651807237,0.3413428485347965,0.3292301614201003,0.36168161807419624,0.9515584344508645,0.9648816602850048,0.9220390000052203,0.6221891543761288,0.5342387536215718,0.6228300298899684,0.629805120572754,0.5728599380932413,0.6324815507811696,0.22598266498944383,0.0874657441269975,0.2446259199409362
gradient_boosting_tau_0_7,15,0.49539524939300394,0.48320294099127814,0.5145516080153806,0.25606841056404944,0.07710967741935484,0.2697254013631121,0.987883776567489,0.9970779976048016,0.9756222767542444,0.9614926590141241,0.9711465876731067,0.9399449126151594,0.012116223432510871,0.00292200239519838,0.02437772324575545,0.7439315894359504,0.9228903225806452,0.7302745986368879,0.4125407677859586,0.424628031715844,0.42877863954098466,0.39393594096061374,0.4063858328435702,0.4167811297067161,0.37419002561368137,0.38901633355527643,0.38594335853676776,0.9518560255272756,0.9648816602850048,0.9222883097504774,0.6219760935657693,0.5342387536215718,0.6226738390586785,0.629805120572754,0.5728599380932413,0.6324815507811696,0.22598266498944383,0.0874657441269975,0.2446259199409362
gradient_boosting_tau_0_8,15,0.5051846299807617,0.48320294099127814,0.5456449454885389,0.24675626981331217,0.07710967741935484,0.24056856529296197,0.9910140056386574,0.9970779976048016,0.9853549023749216,0.960206743869145,0.9711498811487973,0.9358422764697095,0.008985994361342623,0.00292200239519838,0.014645097625078285,0.7532437301866878,0.9228903225806452,0.7594314347070381,0.408804682584023,0.425927719606479,0.41606494917405284,0.38373021976516397,0.4048365112561817,0.38383046923873737,0.37336604160375214,0.3947055324358782,0.3824468394648762,0.9530019874404431,0.9648816602850048,0.9257031176150098,0.6188851377259846,0.5342387536215718,0.6129617338339418,0.629805120572754,0.5728599380932413,0.6324815507811696,0.22598266498944383,0.0874657441269975,0.2446259199409362
gradient_boosting_tau_0_9,15,0.5403743773748156,0.596025641025641,0.5918382819990099,0.22857219030481837,0.06037735849056604,0.19467746507697348,0.9928767218321268,0.9993015670347101,0.9898645907909599,0.9582121780739598,0.971156495805395,0.9300912152467133,0.007123278167873067,0.0006984329652900278,0.010135409209040172,0.7714278096951815,0.939622641509434,0.8053225349230265,0.3989452140986992,0.4272192086933962,0.3993159846051079,0.3743520127585538,0.40524629357981135,0.36942623376419104,0.36800844225456203,0.3947055324358782,0.3712636885450868,0.952293610183679,0.9648816602850048,0.9228068132741085,0.6107244560684727,0.5287276780476838,0.5922710279339666,0.629805120572754,0.5728599380932413,0.6324815507811696,0.22598266498944383,0.0874657441269975,0.2446259199409362
