strategy,tp,fp,tn,fn,support,positive_support,negative_support,precision,recall,specificity,npv,fpr,fnr,accuracy,balanced_accuracy,f1,f2,mcc,roc_auc,pr_auc,cwe_attribution_acc
tool:codeql,614.6,660.8,42618.0,4317.8,48211.2,4932.4,43278.8,0.48169734256755925,0.12459896091183949,0.9847314955838277,0.9080065492832631,0.015268504416172385,0.8754010390881606,0.8967335272133352,0.5546652282478336,0.19795924036188772,0.14628185440626415,0.20639343342369942,0.5546652282478336,0.14924729591856334,0.04298069410512908
tool:cppcheck,165.2,147.4,43131.4,4767.2,48211.2,4932.4,43278.8,0.5275122905709299,0.03348845429326945,0.9965941167792097,0.9004731504568829,0.003405883220790189,0.9665115457067305,0.8980610176940385,0.5150412855362396,0.06295707589132661,0.041202709659892964,0.11337687139825026,0.5150412855362396,0.11223142630977963,0.12587119163909127
tool:flawfinder,1867.0,1970.6,41308.2,3065.4,48211.2,4932.4,43278.8,0.4865344520351461,0.3785170298307711,0.9544672309289106,0.9309184421249581,0.045532769071089316,0.6214829701692288,0.8955428871110109,0.6664921303798409,0.42577026215327274,0.39609925782200506,0.3728298030961111,0.6664921303798409,0.2560331092471004,0.5052155079588636
tool:ikos,72.6,2.0,43276.8,4859.8,48211.2,4932.4,43278.8,0.9725574004055015,0.01471704604944378,0.9999537877798463,0.8990414695045249,4.621222015365761e-05,0.9852829539505562,0.8991562106737293,0.507335416914645,0.028992844874989838,0.018326574746977353,0.11299264906818789,0.507335416914645,0.11059316159999896,0.5003800410116199
tool:joern,51.2,59.4,43219.4,4881.2,48211.2,4932.4,43278.8,0.46255683093438316,0.010380360574603129,0.9986274962414623,0.8985210163302142,0.001372503758537637,0.989619639425397,0.8975217208197106,0.5045039284080327,0.020302985164288377,0.012902721254508162,0.05699785714797854,0.5045039284080327,0.0999714470270808,0.45500736262884606
tool:semgrep,31.0,26.0,43252.8,4901.4,48211.2,4932.4,43278.8,0.5479501659818857,0.006284541645018349,0.9993992611166096,0.8982145042511137,0.0006007388833904082,0.9937154583549817,0.897795530938656,0.502841901380814,0.01242201170118572,0.007832487085544725,0.05016002676971252,0.502841901380814,0.09832730172892756,0.514510582010582
or_1_of_6,2125.8,2275.0,41003.8,2806.6,48211.2,4932.4,43278.8,0.48308963133966476,0.43098539658813734,0.9474337135376423,0.9359374595723541,0.05256628646235765,0.5690146034118627,0.8945970388476395,0.6892095550628898,0.45554319259939396,0.44048187429538765,0.3982024964025221,0.6892095550628898,0.2709234972860693,0.46335794066349295
traditional_2_of_6,148.8,112.8,43166.0,4783.6,48211.2,4932.4,43278.8,0.5686486716861385,0.030165875191382314,0.9973936561390013,0.9002369198330402,0.002606343860998667,0.9698341248086176,0.8984385361760141,0.5137797656651918,0.05729021613549966,0.0372134138191258,0.11366468464898145,0.6894414971499085,0.2841981253969181,0.43035449778398444
weighted_fire_specificity_silence_sensitivity_tau_0_1,2125.8,2275.0,41003.8,2806.6,48211.2,4932.4,43278.8,0.48308963133966476,0.43098539658813734,0.9474337135376423,0.9359374595723541,0.05256628646235765,0.5690146034118627,0.8945970388476395,0.6892095550628898,0.45554319259939396,0.44048187429538765,0.3982024964025221,0.6895632353747136,0.2878555969086729,0.46326355652002904
weighted_fire_specificity_silence_sensitivity_tau_0_2,2125.8,2275.0,41003.8,2806.6,48211.2,4932.4,43278.8,0.48308963133966476,0.43098539658813734,0.9474337135376423,0.9359374595723541,0.05256628646235765,0.5690146034118627,0.8945970388476395,0.6892095550628898,0.45554319259939396,0.44048187429538765,0.3982024964025221,0.6895632353747136,0.2878555969086729,0.46326355652002904
weighted_fire_specificity_silence_sensitivity_tau_0_3,2125.8,2275.0,41003.8,2806.6,48211.2,4932.4,43278.8,0.48308963133966476,0.43098539658813734,0.9474337135376423,0.9359374595723541,0.05256628646235765,0.5690146034118627,0.8945970388476395,0.6892095550628898,0.45554319259939396,0.44048187429538765,0.3982024964025221,0.6895632353747136,0.2878555969086729,0.46326355652002904
weighted_fire_specificity_silence_sensitivity_tau_0_4,2125.8,2275.0,41003.8,2806.6,48211.2,4932.4,43278.8,0.48308963133966476,0.43098539658813734,0.9474337135376423,0.9359374595723541,0.05256628646235765,0.5690146034118627,0.8945970388476395,0.6892095550628898,0.45554319259939396,0.44048187429538765,0.3982024964025221,0.6895632353747136,0.2878555969086729,0.46326355652002904
weighted_fire_specificity_silence_sensitivity_tau_0_5,2125.8,2275.0,41003.8,2806.6,48211.2,4932.4,43278.8,0.48308963133966476,0.43098539658813734,0.9474337135376423,0.9359374595723541,0.05256628646235765,0.5690146034118627,0.8945970388476395,0.6892095550628898,0.45554319259939396,0.44048187429538765,0.3982024964025221,0.6895632353747136,0.2878555969086729,0.46326355652002904
weighted_fire_specificity_silence_sensitivity_tau_0_6,2125.8,2275.0,41003.8,2806.6,48211.2,4932.4,43278.8,0.48308963133966476,0.43098539658813734,0.9474337135376423,0.9359374595723541,0.05256628646235765,0.5690146034118627,0.8945970388476395,0.6892095550628898,0.45554319259939396,0.44048187429538765,0.3982024964025221,0.6895632353747136,0.2878555969086729,0.46326355652002904
weighted_fire_specificity_silence_sensitivity_tau_0_7,2125.8,2275.0,41003.8,2806.6,48211.2,4932.4,43278.8,0.48308963133966476,0.43098539658813734,0.9474337135376423,0.9359374595723541,0.05256628646235765,0.5690146034118627,0.8945970388476395,0.6892095550628898,0.45554319259939396,0.44048187429538765,0.3982024964025221,0.6895632353747136,0.2878555969086729,0.46326355652002904
weighted_fire_specificity_silence_sensitivity_tau_0_8,2120.0,2266.4,41012.4,2812.4,48211.2,4932.4,43278.8,0.483350503470824,0.42980953024767865,0.947632431181838,0.935826204348744,0.05236756881816194,0.5701904697523213,0.894655120923996,0.6887209807147584,0.455000827593201,0.43954177879353545,0.39775893791056544,0.6895632353747136,0.2878555969086729,0.45509980241544135
weighted_fire_specificity_silence_sensitivity_tau_0_9,2119.0,2266.4,41012.4,2813.4,48211.2,4932.4,43278.8,0.4832324393441342,0.4296068131439358,0.947632431181838,0.935804847495114,0.05236756881816194,0.5703931868560642,0.8946343781673001,0.688619622162887,0.45483506033146026,0.4393527271674988,0.3975860224667307,0.6895632353747136,0.2878555969086729,0.45437392672363786
dst_dempster_fire_specificity_silence_sensitivity_tau_0_1,4932.4,43278.8,0.0,0.0,48211.2,4932.4,43278.8,0.10230818275889138,1.0,0.0,,1.0,0.0,0.10230818275889138,0.5,0.1856253213467286,0.36299226289234265,,0.6901005086364768,0.31045971472645806,0.9574686754693301
dst_dempster_fire_specificity_silence_sensitivity_tau_0_2,4932.4,43278.8,0.0,0.0,48211.2,4932.4,43278.8,0.10230818275889138,1.0,0.0,,1.0,0.0,0.10230818275889138,0.5,0.1856253213467286,0.36299226289234265,,0.6901005086364768,0.31045971472645806,0.9574686754693301
dst_dempster_fire_specificity_silence_sensitivity_tau_0_3,4932.4,43278.8,0.0,0.0,48211.2,4932.4,43278.8,0.10230818275889138,1.0,0.0,,1.0,0.0,0.10230818275889138,0.5,0.1856253213467286,0.36299226289234265,,0.6901005086364768,0.31045971472645806,0.8013616691983738
dst_dempster_fire_specificity_silence_sensitivity_tau_0_4,4932.4,43278.8,0.0,0.0,48211.2,4932.4,43278.8,0.10230818275889138,1.0,0.0,,1.0,0.0,0.10230818275889138,0.5,0.1856253213467286,0.36299226289234265,,0.6901005086364768,0.31045971472645806,0.6289416692989487
dst_dempster_fire_specificity_silence_sensitivity_tau_0_5,4932.4,43278.8,0.0,0.0,48211.2,4932.4,43278.8,0.10230818275889138,1.0,0.0,,1.0,0.0,0.10230818275889138,0.5,0.1856253213467286,0.36299226289234265,,0.6901005086364768,0.31045971472645806,0.2620983137898474
dst_dempster_fire_specificity_silence_sensitivity_tau_0_6,2125.8,2275.0,41003.8,2806.6,48211.2,4932.4,43278.8,0.48308963133966476,0.43098539658813734,0.9474337135376423,0.9359374595723541,0.05256628646235765,0.5690146034118627,0.8945970388476395,0.6892095550628898,0.45554319259939396,0.44048187429538765,0.3982024964025221,0.6901005086364768,0.31045971472645806,0.46326355652002904
dst_dempster_fire_specificity_silence_sensitivity_tau_0_7,2125.8,2275.0,41003.8,2806.6,48211.2,4932.4,43278.8,0.48308963133966476,0.43098539658813734,0.9474337135376423,0.9359374595723541,0.05256628646235765,0.5690146034118627,0.8945970388476395,0.6892095550628898,0.45554319259939396,0.44048187429538765,0.3982024964025221,0.6901005086364768,0.31045971472645806,0.46326355652002904
dst_dempster_fire_specificity_silence_sensitivity_tau_0_8,2125.8,2275.0,41003.8,2806.6,48211.2,4932.4,43278.8,0.48308963133966476,0.43098539658813734,0.9474337135376423,0.9359374595723541,0.05256628646235765,0.5690146034118627,0.8945970388476395,0.6892095550628898,0.45554319259939396,0.44048187429538765,0.3982024964025221,0.6901005086364768,0.31045971472645806,0.46326355652002904
dst_dempster_fire_specificity_silence_sensitivity_tau_0_9,2125.8,2275.0,41003.8,2806.6,48211.2,4932.4,43278.8,0.48308963133966476,0.43098539658813734,0.9474337135376423,0.9359374595723541,0.05256628646235765,0.5690146034118627,0.8945970388476395,0.6892095550628898,0.45554319259939396,0.44048187429538765,0.3982024964025221,0.6901005086364768,0.31045971472645806,0.46326355652002904
dst_pcr6_fire_specificity_silence_sensitivity_tau_0_1,4932.4,43278.8,0.0,0.0,48211.2,4932.4,43278.8,0.10230818275889138,1.0,0.0,,1.0,0.0,0.10230818275889138,0.5,0.1856253213467286,0.36299226289234265,,0.6900976975327751,0.30882216334113527,0.9574686754693301
dst_pcr6_fire_specificity_silence_sensitivity_tau_0_2,4932.4,43278.8,0.0,0.0,48211.2,4932.4,43278.8,0.10230818275889138,1.0,0.0,,1.0,0.0,0.10230818275889138,0.5,0.1856253213467286,0.36299226289234265,,0.6900976975327751,0.30882216334113527,0.9574686754693301
dst_pcr6_fire_specificity_silence_sensitivity_tau_0_3,4932.4,43278.8,0.0,0.0,48211.2,4932.4,43278.8,0.10230818275889138,1.0,0.0,,1.0,0.0,0.10230818275889138,0.5,0.1856253213467286,0.36299226289234265,,0.6900976975327751,0.30882216334113527,0.8013616691983738
dst_pcr6_fire_specificity_silence_sensitivity_tau_0_4,4932.4,43278.8,0.0,0.0,48211.2,4932.4,43278.8,0.10230818275889138,1.0,0.0,,1.0,0.0,0.10230818275889138,0.5,0.1856253213467286,0.36299226289234265,,0.6900976975327751,0.30882216334113527,0.6289416692989487
dst_pcr6_fire_specificity_silence_sensitivity_tau_0_5,4932.4,43278.8,0.0,0.0,48211.2,4932.4,43278.8,0.10230818275889138,1.0,0.0,,1.0,0.0,0.10230818275889138,0.5,0.1856253213467286,0.36299226289234265,,0.6900976975327751,0.30882216334113527,0.2620983137898474
dst_pcr6_fire_specificity_silence_sensitivity_tau_0_6,2125.8,2275.0,41003.8,2806.6,48211.2,4932.4,43278.8,0.48308963133966476,0.43098539658813734,0.9474337135376423,0.9359374595723541,0.05256628646235765,0.5690146034118627,0.8945970388476395,0.6892095550628898,0.45554319259939396,0.44048187429538765,0.3982024964025221,0.6900976975327751,0.30882216334113527,0.46326355652002904
dst_pcr6_fire_specificity_silence_sensitivity_tau_0_7,2125.8,2275.0,41003.8,2806.6,48211.2,4932.4,43278.8,0.48308963133966476,0.43098539658813734,0.9474337135376423,0.9359374595723541,0.05256628646235765,0.5690146034118627,0.8945970388476395,0.6892095550628898,0.45554319259939396,0.44048187429538765,0.3982024964025221,0.6900976975327751,0.30882216334113527,0.46326355652002904
dst_pcr6_fire_specificity_silence_sensitivity_tau_0_8,2125.8,2275.0,41003.8,2806.6,48211.2,4932.4,43278.8,0.48308963133966476,0.43098539658813734,0.9474337135376423,0.9359374595723541,0.05256628646235765,0.5690146034118627,0.8945970388476395,0.6892095550628898,0.45554319259939396,0.44048187429538765,0.3982024964025221,0.6900976975327751,0.30882216334113527,0.46326355652002904
dst_pcr6_fire_specificity_silence_sensitivity_tau_0_9,2120.2,2267.2,41011.6,2812.2,48211.2,4932.4,43278.8,0.48328391808700555,0.42985002427480967,0.947613950094987,0.9358293068045528,0.052386049905013096,0.5701499757251903,0.8946426767499422,0.6887319871848983,0.45499447020438827,0.4395649071884818,0.39774057915709343,0.6900976975327751,0.30882216334113527,0.45505824615079077
dst_yager_fire_specificity_silence_sensitivity_tau_0_1,4932.4,43278.8,0.0,0.0,48211.2,4932.4,43278.8,0.10230818275889138,1.0,0.0,,1.0,0.0,0.10230818275889138,0.5,0.1856253213467286,0.36299226289234265,,0.6900176918906566,0.30646630440224476,0.9574686754693301
dst_yager_fire_specificity_silence_sensitivity_tau_0_2,4932.4,43278.8,0.0,0.0,48211.2,4932.4,43278.8,0.10230818275889138,1.0,0.0,,1.0,0.0,0.10230818275889138,0.5,0.1856253213467286,0.36299226289234265,,0.6900176918906566,0.30646630440224476,0.9574686754693301
dst_yager_fire_specificity_silence_sensitivity_tau_0_3,4932.4,43278.8,0.0,0.0,48211.2,4932.4,43278.8,0.10230818275889138,1.0,0.0,,1.0,0.0,0.10230818275889138,0.5,0.1856253213467286,0.36299226289234265,,0.6900176918906566,0.30646630440224476,0.8013616691983738
dst_yager_fire_specificity_silence_sensitivity_tau_0_4,4932.4,43278.8,0.0,0.0,48211.2,4932.4,43278.8,0.10230818275889138,1.0,0.0,,1.0,0.0,0.10230818275889138,0.5,0.1856253213467286,0.36299226289234265,,0.6900176918906566,0.30646630440224476,0.6289416692989487
dst_yager_fire_specificity_silence_sensitivity_tau_0_5,4932.4,43278.8,0.0,0.0,48211.2,4932.4,43278.8,0.10230818275889138,1.0,0.0,,1.0,0.0,0.10230818275889138,0.5,0.1856253213467286,0.36299226289234265,,0.6900176918906566,0.30646630440224476,0.2620983137898474
dst_yager_fire_specificity_silence_sensitivity_tau_0_6,2125.8,2275.0,41003.8,2806.6,48211.2,4932.4,43278.8,0.48308963133966476,0.43098539658813734,0.9474337135376423,0.9359374595723541,0.05256628646235765,0.5690146034118627,0.8945970388476395,0.6892095550628898,0.45554319259939396,0.44048187429538765,0.3982024964025221,0.6900176918906566,0.30646630440224476,0.46326355652002904
dst_yager_fire_specificity_silence_sensitivity_tau_0_7,2125.8,2275.0,41003.8,2806.6,48211.2,4932.4,43278.8,0.48308963133966476,0.43098539658813734,0.9474337135376423,0.9359374595723541,0.05256628646235765,0.5690146034118627,0.8945970388476395,0.6892095550628898,0.45554319259939396,0.44048187429538765,0.3982024964025221,0.6900176918906566,0.30646630440224476,0.46326355652002904
dst_yager_fire_specificity_silence_sensitivity_tau_0_8,2124.4,2273.8,41005.0,2808.0,48211.2,4932.4,43278.8,0.483057775915264,0.43070067012891416,0.9474614284436426,0.9359093488908856,0.05253857155635737,0.5692993298710858,0.8945928907609444,0.6890810492862784,0.45536847791857227,0.44023778081824333,0.39803824432957624,0.6900176918906566,0.30646630440224476,0.46318329698261096
dst_yager_fire_specificity_silence_sensitivity_tau_0_9,2119.0,2266.4,41012.4,2813.4,48211.2,4932.4,43278.8,0.4832324393441342,0.4296068131439358,0.947632431181838,0.935804847495114,0.05236756881816194,0.5703931868560642,0.8946343781673001,0.688619622162887,0.45483506033146026,0.4393527271674988,0.3975860224667307,0.6900176918906566,0.30646630440224476,0.453997165917101
naive_bayes_tau_0_1,1700.6,1782.0,41496.8,3231.8,48211.2,4932.4,43278.8,0.4883750943048836,0.34478069522667554,0.9588250046688156,0.927746337158186,0.041174995331184384,0.6552193047733245,0.8960033508062979,0.6518028499477456,0.40419158091242346,0.3663165016948392,0.3554342870644006,0.6653022466923941,0.27358651492100244,0.5099272225234054
naive_bayes_tau_0_2,1687.2,1770.0,41508.8,3245.2,48211.2,4932.4,43278.8,0.488088270314336,0.3420640741944466,0.9591022808637847,0.9274879399869824,0.04089771913621531,0.6579359258055534,0.8959743157481718,0.6505831775291157,0.4022207124205148,0.3638281671354176,0.3537712964743964,0.6653022466923941,0.27358651492100244,0.5085329720682206
naive_bayes_tau_0_3,169.6,142.8,43136.0,4762.8,48211.2,4932.4,43278.8,0.5435355196649233,0.034383450027573106,0.9967004688104204,0.9005653757555209,0.003299531189579601,0.9656165499724269,0.8982477109370699,0.5155419594189967,0.06466561768438803,0.04230839600741818,0.11745346508496965,0.6653022466923941,0.27358651492100244,0.6260573360178383
naive_bayes_tau_0_4,114.0,86.2,43192.6,4818.4,48211.2,4932.4,43278.8,0.5692819650149751,0.02311131613947641,0.998008274351849,0.8996396699440756,0.001991725648150883,0.9768886838605237,0.8982684510262697,0.5105597952456628,0.04441817241484487,0.02859868833643109,0.09950749895061275,0.6653022466923941,0.27358651492100244,0.5210558861396161
naive_bayes_tau_0_5,114.0,86.2,43192.6,4818.4,48211.2,4932.4,43278.8,0.5692819650149751,0.02311131613947641,0.998008274351849,0.8996396699440756,0.001991725648150883,0.9768886838605237,0.8982684510262697,0.5105597952456628,0.04441817241484487,0.02859868833643109,0.09950749895061275,0.6653022466923941,0.27358651492100244,0.5210558861396161
naive_bayes_tau_0_6,112.2,85.8,43193.0,4820.2,48211.2,4932.4,43278.8,0.5665919725640581,0.02274635968448194,0.998017519486597,0.8996067765238157,0.001982480513403044,0.9772536403155181,0.8982394120961589,0.5103819395855395,0.043736115853435883,0.028150290952562336,0.09838190453443368,0.6653022466923941,0.27358651492100244,0.5133953026177493
naive_bayes_tau_0_7,56.8,30.2,43248.6,4875.6,48211.2,4932.4,43278.8,0.6545037614805056,0.011513392346165467,0.9993021885019621,0.898687146712905,0.0006978114980379022,0.9884866076538346,0.8982435664638156,0.5054077904240637,0.022618768192138768,0.014327107770106855,0.07710503042006416,0.6653022466923941,0.27358651492100244,0.4927794456505203
naive_bayes_tau_0_8,19.6,13.4,43265.4,4912.8,48211.2,4932.4,43278.8,0.5848675117020365,0.003973276003049692,0.999690373310254,0.8980285693722333,0.00030962668974592294,0.9960267239969504,0.8978204232446044,0.5018318246566519,0.007891510632414429,0.004957948749541607,0.04191922993627441,0.6653022466923941,0.27358651492100244,0.7042174401521043
naive_bayes_tau_0_9,19.6,13.4,43265.4,4912.8,48211.2,4932.4,43278.8,0.5848675117020365,0.003973276003049692,0.999690373310254,0.8980285693722333,0.00030962668974592294,0.9960267239969504,0.8978204232446044,0.5018318246566519,0.007891510632414429,0.004957948749541607,0.04191922993627441,0.6653022466923941,0.27358651492100244,0.7042174401521043
bks_tau_0_1,1699.4,1779.2,41499.6,3233.0,48211.2,4932.4,43278.8,0.4885929916370384,0.3445368838754475,0.9588897001104619,0.9277259740830754,0.04111029988953794,0.6554631161245525,0.896036539716093,0.6517132919929548,0.4040980881305867,0.36612056924460873,0.3554135760025469,0.665573490681476,0.2766533452830929,0.5111045205795107
bks_tau_0_2,1682.6,1758.8,41520.0,3249.8,48211.2,4932.4,43278.8,0.4890294090111415,0.34113258105968514,0.9593610827964503,0.9274108696777214,0.04063891720354971,0.6588674189403149,0.8961112156880932,0.6502468319280676,0.40188312411003313,0.3630835162170736,0.35373885977670116,0.665573490681476,0.2766533452830929,0.5079885094217375
bks_tau_0_3,118.2,78.6,43200.2,4814.2,48211.2,4932.4,43278.8,0.6032507663713667,0.023960741523971298,0.9981838481049274,0.8997342835199262,0.001816151895072477,0.9760392584760288,0.8985132124061334,0.5110722948144495,0.046063851192954676,0.029651850390062056,0.10532996387884697,0.665573490681476,0.2766533452830929,0.6895103351536325
bks_tau_0_4,34.2,6.6,43272.2,4898.2,48211.2,4932.4,43278.8,0.8468461538461538,0.006932557288314161,0.999847486247629,0.8983151516413488,0.00015251375237117448,0.9930674427116859,0.8982643036277255,0.5033900217679715,0.013746446163626736,0.008647029400655355,0.07057473724654212,0.665573490681476,0.2766533452830929,0.8012063492063491
bks_tau_0_5,33.2,5.6,43273.2,4899.2,48211.2,4932.4,43278.8,0.8596666666666668,0.006730210060471184,0.9998705990844984,0.8982986169143194,0.0001294009155015771,0.9932697899395289,0.8982643036277255,0.5033004045724848,0.013351590314135436,0.008395650381711004,0.07035838778248621,0.665573490681476,0.2766533452830929,0.8169206349206348
bks_tau_0_6,22.6,0.6,43278.2,4909.8,48211.2,4932.4,43278.8,0.9749002849002849,0.004581370743394713,0.9999861366756179,0.8981115579987652,1.3863324382053476e-05,0.9954186292566053,0.8981481464446247,0.5022837537095064,0.009119222097612196,0.005719888849999298,0.06302340152002613,0.665573490681476,0.2766533452830929,0.818819926069354
bks_tau_0_7,9.8,0.4,43278.4,4922.6,48211.2,4932.4,43278.8,0.982,0.0019888237947424366,0.9999907592429919,0.89787354288312,9.240757008134002e-06,0.9980111762052575,0.8978867933202752,0.5009897915188672,0.003961343925631547,0.0024834734799534164,0.035488849455870615,0.665573490681476,0.2766533452830929,0.9223684210526315
bks_tau_0_8,1.2,0.0,43278.8,4931.2,48211.2,4932.4,43278.8,1.0,0.0002433430593829518,1.0,0.8977141622858424,0.0,0.9997566569406171,0.897716707396149,0.5001216715296914,0.0006081520503882372,0.0003801913967900222,0.0162861692300895,0.665573490681476,0.2766533452830929,1.0
bks_tau_0_9,0.0,0.0,43278.8,4932.4,48211.2,4932.4,43278.8,,0.0,1.0,0.8976918172411086,0.0,1.0,0.8976918172411086,0.5,,,,0.665573490681476,0.2766533452830929,
logistic_regression_tau_0_1,4932.4,43278.8,0.0,0.0,48211.2,4932.4,43278.8,0.10230818275889138,1.0,0.0,,1.0,0.0,0.10230818275889138,0.5,0.1856253213467286,0.36299226289234265,,0.6496902564764586,0.28286608524392204,0.9600229513590854
logistic_regression_tau_0_2,4932.4,43278.8,0.0,0.0,48211.2,4932.4,43278.8,0.10230818275889138,1.0,0.0,,1.0,0.0,0.10230818275889138,0.5,0.1856253213467286,0.36299226289234265,,0.6496902564764586,0.28286608524392204,0.9599823916348915
logistic_regression_tau_0_3,4932.4,43278.8,0.0,0.0,48211.2,4932.4,43278.8,0.10230818275889138,1.0,0.0,,1.0,0.0,0.10230818275889138,0.5,0.1856253213467286,0.36299226289234265,,0.6496902564764586,0.28286608524392204,0.959941716426431
logistic_regression_tau_0_4,4932.4,43278.8,0.0,0.0,48211.2,4932.4,43278.8,0.10230818275889138,1.0,0.0,,1.0,0.0,0.10230818275889138,0.5,0.1856253213467286,0.36299226289234265,,0.6496902564764586,0.28286608524392204,0.7020098308962979
logistic_regression_tau_0_5,4932.4,43278.8,0.0,0.0,48211.2,4932.4,43278.8,0.10230818275889138,1.0,0.0,,1.0,0.0,0.10230818275889138,0.5,0.1856253213467286,0.36299226289234265,,0.6496902564764586,0.28286608524392204,0.28026084906176096
logistic_regression_tau_0_6,1889.8,1991.2,41287.6,3042.6,48211.2,4932.4,43278.8,0.4869584095520019,0.3831373829289851,0.9539912290840482,0.931365051007569,0.04600877091595185,0.6168626170710149,0.895588517613545,0.6685643060065166,0.4288470289864855,0.40019869817697956,0.37553548391773084,0.6496902564764586,0.28286608524392204,0.5176608209678651
logistic_regression_tau_0_7,1869.2,1971.2,41307.6,3063.2,48211.2,4932.4,43278.8,0.48671496723003466,0.3789591137103635,0.9544533127454391,0.9309640087239828,0.04554668725456089,0.6210408862896365,0.8955760697395944,0.6667062132279014,0.42611544017242453,0.39650863918185386,0.373169069464559,0.6496902564764586,0.28286608524392204,0.5216322529829653
logistic_regression_tau_0_8,1855.2,1956.2,41322.6,3077.2,48211.2,4932.4,43278.8,0.4867917056874663,0.37612297155089436,0.9547999244391612,0.9306933340132728,0.04520007556083885,0.6238770284491056,0.895596813786985,0.6654614479950277,0.42435004327377596,0.3940339321015524,0.37168857434673047,0.6496902564764586,0.28286608524392204,0.5249089966153736
logistic_regression_tau_0_9,650.8,640.4,42638.4,4281.6,48211.2,4932.4,43278.8,0.5035445986564026,0.1319328425652842,0.9852028584087069,0.9087489540387355,0.014797141591293136,0.8680671574347159,0.8979075619767241,0.5585678504869955,0.2088820974380222,0.154725142445382,0.21960808310233831,0.6496902564764586,0.28286608524392204,0.29320113915964086
logistic_interactions_tau_0_1,4932.4,43278.8,0.0,0.0,48211.2,4932.4,43278.8,0.10230818275889138,1.0,0.0,,1.0,0.0,0.10230818275889138,0.5,0.1856253213467286,0.36299226289234265,,0.6499733011952351,0.27895307555255927,0.9600229513590854
logistic_interactions_tau_0_2,4932.4,43278.8,0.0,0.0,48211.2,4932.4,43278.8,0.10230818275889138,1.0,0.0,,1.0,0.0,0.10230818275889138,0.5,0.1856253213467286,0.36299226289234265,,0.6499733011952351,0.27895307555255927,0.9599823916348915
logistic_interactions_tau_0_3,4932.4,43278.8,0.0,0.0,48211.2,4932.4,43278.8,0.10230818275889138,1.0,0.0,,1.0,0.0,0.10230818275889138,0.5,0.1856253213467286,0.36299226289234265,,0.6499733011952351,0.27895307555255927,0.959941716426431
logistic_interactions_tau_0_4,4932.4,43278.8,0.0,0.0,48211.2,4932.4,43278.8,0.10230818275889138,1.0,0.0,,1.0,0.0,0.10230818275889138,0.5,0.1856253213467286,0.36299226289234265,,0.6499733011952351,0.27895307555255927,0.7020098308962979
logistic_interactions_tau_0_5,4932.4,43278.8,0.0,0.0,48211.2,4932.4,43278.8,0.10230818275889138,1.0,0.0,,1.0,0.0,0.10230818275889138,0.5,0.1856253213467286,0.36299226289234265,,0.6499733011952351,0.27895307555255927,0.2708261436041072
logistic_interactions_tau_0_6,1895.8,1999.0,41279.8,3036.6,48211.2,4932.4,43278.8,0.4867760076381494,0.3843539890165048,0.9538109995747066,0.9314790726292758,0.04618900042529351,0.6156460109834951,0.8955511800147358,0.6690824942956056,0.42953637802314565,0.4012348967819356,0.3760812644256831,0.6499733011952351,0.27895307555255927,0.5181231286697541
logistic_interactions_tau_0_7,1876.8,1980.6,41298.2,3055.6,48211.2,4932.4,43278.8,0.4865437619642254,0.38049977945157337,0.9542361070748457,0.9311088714019732,0.04576389292515419,0.6195002205484267,0.8955387293873827,0.6673679432632096,0.4270217986780177,0.39783420391619334,0.37389718962162777,0.6499733011952351,0.27895307555255927,0.5219541747290534
logistic_interactions_tau_0_8,1861.2,1965.4,41313.4,3071.2,48211.2,4932.4,43278.8,0.4864331717494963,0.3773395377710714,0.954587337919568,0.9308047345564325,0.04541266208043211,0.6226604622289287,0.8955304345907189,0.6659634378453196,0.4249861977751018,0.3950541272916631,0.37214168452943797,0.6499733011952351,0.27895307555255927,0.5252526825034417
logistic_interactions_tau_0_9,653.4,633.0,42645.8,4279.0,48211.2,4932.4,43278.8,0.507248073747675,0.13246081750455804,0.9853738318015832,0.9088136093065262,0.014626168198416736,0.8675391824954419,0.8981149929854848,0.5589173246530706,0.20988930538519907,0.15538325594387023,0.22128494273137692,0.6499733011952351,0.27895307555255927,0.27242374599780633
decision_tree_tau_0_1,4932.4,43278.8,0.0,0.0,48211.2,4932.4,43278.8,0.10230818275889138,1.0,0.0,,1.0,0.0,0.10230818275889138,0.5,0.1856253213467286,0.36299226289234265,,0.6486910661078212,0.27706749055298285,0.9596579285030419
decision_tree_tau_0_2,4932.4,43278.8,0.0,0.0,48211.2,4932.4,43278.8,0.10230818275889138,1.0,0.0,,1.0,0.0,0.10230818275889138,0.5,0.1856253213467286,0.36299226289234265,,0.6486910661078212,0.27706749055298285,0.9596579285030419
decision_tree_tau_0_3,4932.4,43278.8,0.0,0.0,48211.2,4932.4,43278.8,0.10230818275889138,1.0,0.0,,1.0,0.0,0.10230818275889138,0.5,0.1856253213467286,0.36299226289234265,,0.6486910661078212,0.27706749055298285,0.9596579285030419
decision_tree_tau_0_4,4932.4,43278.8,0.0,0.0,48211.2,4932.4,43278.8,0.10230818275889138,1.0,0.0,,1.0,0.0,0.10230818275889138,0.5,0.1856253213467286,0.36299226289234265,,0.6486910661078212,0.27706749055298285,0.7004692308521508
decision_tree_tau_0_5,4932.4,43278.8,0.0,0.0,48211.2,4932.4,43278.8,0.10230818275889138,1.0,0.0,,1.0,0.0,0.10230818275889138,0.5,0.1856253213467286,0.36299226289234265,,0.6486910661078212,0.27706749055298285,0.29206662514098064
decision_tree_tau_0_6,1885.8,1987.4,41291.4,3046.6,48211.2,4932.4,43278.8,0.48690376521900935,0.38232678606366394,0.9540790338377338,0.9312869303243897,0.045920966162266146,0.617673213936336,0.8955843696128563,0.668202909950699,0.428317609473371,0.399483563982993,0.37507315855540524,0.6486910661078212,0.27706749055298285,0.5170663089864578
decision_tree_tau_0_7,1867.0,1969.2,41309.6,3065.4,48211.2,4932.4,43278.8,0.48667141536310626,0.37851311977868385,0.9544995221868732,0.9309209818162998,0.04550047781312688,0.621486880221316,0.8955719195878226,0.6665063209827784,0.42581674096222377,0.3961122228976838,0.37290664398582274,0.6486910661078212,0.27706749055298285,0.5210761277008797
decision_tree_tau_0_8,1852.6,1954.4,41324.4,3079.8,48211.2,4932.4,43278.8,0.48667027401063184,0.37559607224064145,0.9548415124881696,0.9306416277512767,0.04515848751183038,0.6244039277593585,0.8955802183425522,0.6652187923644055,0.42396931156707607,0.3935557834346618,0.37133923378156597,0.6486910661078212,0.27706749055298285,0.5246793662663104
decision_tree_tau_0_9,652.8,633.8,42645.0,4279.6,48211.2,4932.4,43278.8,0.5072469334066869,0.1323461763949087,0.9853554695151973,0.9087996739503827,0.01464453048480277,0.8676538236050912,0.8980859553460689,0.558850822955053,0.20979635724015547,0.15527043606103896,0.22119363416426077,0.6486910661078212,0.27706749055298285,0.2495171804582285
