strategy,base_strategy,tau,tp,fp,tn,fn,support,positive_support,negative_support,precision,recall,specificity,npv,fpr,fnr,accuracy,balanced_accuracy,f1,f2,mcc,roc_auc,pr_auc,cwe_attribution_acc
weighted_fire_specificity_silence_sensitivity_tau_0_1,weighted_fire_specificity_silence_sensitivity,0.1,522.4,284.8,340.4,600.0,1747.6,1122.4,625.2,0.6473021322028021,0.46544596661890897,0.5443868929441383,0.3619129119506483,0.45561310705586167,0.534554033381091,0.49375620178479773,0.5049164297815236,0.5415028123098561,0.4931506272235843,0.00951906211890249,0.49315885574080404,0.592592451014013,0.7465532990173488
weighted_fire_specificity_silence_sensitivity_tau_0_2,weighted_fire_specificity_silence_sensitivity,0.2,522.4,284.8,340.4,600.0,1747.6,1122.4,625.2,0.6473021322028021,0.46544596661890897,0.5443868929441383,0.3619129119506483,0.45561310705586167,0.534554033381091,0.49375620178479773,0.5049164297815236,0.5415028123098561,0.4931506272235843,0.00951906211890249,0.49315885574080404,0.592592451014013,0.7465532990173488
weighted_fire_specificity_silence_sensitivity_tau_0_3,weighted_fire_specificity_silence_sensitivity,0.3,522.4,284.8,340.4,600.0,1747.6,1122.4,625.2,0.6473021322028021,0.46544596661890897,0.5443868929441383,0.3619129119506483,0.45561310705586167,0.534554033381091,0.49375620178479773,0.5049164297815236,0.5415028123098561,0.4931506272235843,0.00951906211890249,0.49315885574080404,0.592592451014013,0.7465532990173488
weighted_fire_specificity_silence_sensitivity_tau_0_4,weighted_fire_specificity_silence_sensitivity,0.4,522.4,284.8,340.4,600.0,1747.6,1122.4,625.2,0.6473021322028021,0.46544596661890897,0.5443868929441383,0.3619129119506483,0.45561310705586167,0.534554033381091,0.49375620178479773,0.5049164297815236,0.5415028123098561,0.4931506272235843,0.00951906211890249,0.49315885574080404,0.592592451014013,0.7465532990173488
weighted_fire_specificity_silence_sensitivity_tau_0_5,weighted_fire_specificity_silence_sensitivity,0.5,522.2,284.8,340.4,600.2,1747.6,1122.4,625.2,0.6472162245829138,0.465270988491175,0.5443868929441383,0.3618384326810901,0.45561310705586167,0.534729011508825,0.49364275878990266,0.5048289407176567,0.5413545323573057,0.4929836069436687,0.009351538381070165,0.49315885574080404,0.592592451014013,0.7468340195804827
weighted_fire_specificity_silence_sensitivity_tau_0_6,weighted_fire_specificity_silence_sensitivity,0.6,507.0,277.4,347.8,615.4,1747.6,1122.4,625.2,0.6465474065255721,0.4516232228400753,0.5561979532185922,0.3609062887741262,0.4438020467814078,0.5483767771599247,0.4891654220755516,0.5039105880293338,0.5317247579398116,0.4805732389684373,0.007635631804216211,0.49315885574080404,0.592592451014013,0.7491390597890298
weighted_fire_specificity_silence_sensitivity_tau_0_7,weighted_fire_specificity_silence_sensitivity,0.7,456.4,241.2,384.0,666.0,1747.6,1122.4,625.2,0.6544752544157875,0.40665429519883245,0.6141266985493183,0.3656711649740915,0.3858733014506816,0.5933457048011677,0.4809591114359536,0.5103904968740753,0.5016137291013986,0.4399686954248976,0.02046116030273124,0.49315885574080404,0.592592451014013,0.6950726642253706
weighted_fire_specificity_silence_sensitivity_tau_0_8,weighted_fire_specificity_silence_sensitivity,0.8,453.2,239.2,386.0,669.2,1747.6,1122.4,625.2,0.6547207334877484,0.40381891393743563,0.6173319288914852,0.36579606659374714,0.38266807110851475,0.5961810860625644,0.4802746772113232,0.5105754214144604,0.4995277967306295,0.4373352860097907,0.020831311801506772,0.49315885574080404,0.592592451014013,0.6607039695053538
weighted_fire_specificity_silence_sensitivity_tau_0_9,weighted_fire_specificity_silence_sensitivity,0.9,399.4,239.2,386.0,723.0,1747.6,1122.4,625.2,0.6255250361672668,0.35586983520772864,0.6173319288914852,0.34807727381306985,0.38266807110851475,0.6441301647922714,0.44948916331833544,0.486600882049607,0.4536306642228857,0.38943853770869447,-0.02659685290659831,0.49315885574080404,0.592592451014013,0.6973856355034693
dst_dempster_fire_specificity_silence_sensitivity_tau_0_1,dst_dempster_fire_specificity_silence_sensitivity,0.1,1122.4,625.2,0.0,0.0,1747.6,1122.4,625.2,0.6422200863607275,1.0,0.0,,1.0,0.0,0.6422200863607275,0.5,0.7821280702780786,0.899741940422021,,0.5460619601665185,0.7001492107320026,0.9080637781030514
dst_dempster_fire_specificity_silence_sensitivity_tau_0_2,dst_dempster_fire_specificity_silence_sensitivity,0.2,1122.4,625.2,0.0,0.0,1747.6,1122.4,625.2,0.6422200863607275,1.0,0.0,,1.0,0.0,0.6422200863607275,0.5,0.7821280702780786,0.899741940422021,,0.5460619601665185,0.7001492107320026,0.8444391993476696
dst_dempster_fire_specificity_silence_sensitivity_tau_0_3,dst_dempster_fire_specificity_silence_sensitivity,0.3,1122.4,625.2,0.0,0.0,1747.6,1122.4,625.2,0.6422200863607275,1.0,0.0,,1.0,0.0,0.6422200863607275,0.5,0.7821280702780786,0.899741940422021,,0.5460619601665185,0.7001492107320026,0.8211238709925128
dst_dempster_fire_specificity_silence_sensitivity_tau_0_4,dst_dempster_fire_specificity_silence_sensitivity,0.4,1122.4,625.2,0.0,0.0,1747.6,1122.4,625.2,0.6422200863607275,1.0,0.0,,1.0,0.0,0.6422200863607275,0.5,0.7821280702780786,0.899741940422021,,0.5460619601665185,0.7001492107320026,0.7967569972126366
dst_dempster_fire_specificity_silence_sensitivity_tau_0_5,dst_dempster_fire_specificity_silence_sensitivity,0.5,1122.4,625.2,0.0,0.0,1747.6,1122.4,625.2,0.6422200863607275,1.0,0.0,,1.0,0.0,0.6422200863607275,0.5,0.7821280702780786,0.899741940422021,,0.5460619601665185,0.7001492107320026,0.4416566304155657
dst_dempster_fire_specificity_silence_sensitivity_tau_0_6,dst_dempster_fire_specificity_silence_sensitivity,0.6,522.4,284.8,340.4,600.0,1747.6,1122.4,625.2,0.6473021322028021,0.46544596661890897,0.5443868929441383,0.3619129119506483,0.45561310705586167,0.534554033381091,0.49375620178479773,0.5049164297815236,0.5415028123098561,0.4931506272235843,0.00951906211890249,0.5460619601665185,0.7001492107320026,0.7465532990173488
dst_dempster_fire_specificity_silence_sensitivity_tau_0_7,dst_dempster_fire_specificity_silence_sensitivity,0.7,522.4,284.8,340.4,600.0,1747.6,1122.4,625.2,0.6473021322028021,0.46544596661890897,0.5443868929441383,0.3619129119506483,0.45561310705586167,0.534554033381091,0.49375620178479773,0.5049164297815236,0.5415028123098561,0.4931506272235843,0.00951906211890249,0.5460619601665185,0.7001492107320026,0.7465532990173488
dst_dempster_fire_specificity_silence_sensitivity_tau_0_8,dst_dempster_fire_specificity_silence_sensitivity,0.8,508.2,275.0,350.2,614.2,1747.6,1122.4,625.2,0.649001777924026,0.4527631555113283,0.5600678592255545,0.36305010659626114,0.43993214077444553,0.5472368444886717,0.49123134068503826,0.5064155073684413,0.533386966813679,0.48189687014048765,0.012435361960462497,0.5460619601665185,0.7001492107320026,0.742976021045584
dst_dempster_fire_specificity_silence_sensitivity_tau_0_9,dst_dempster_fire_specificity_silence_sensitivity,0.9,470.0,248.2,377.0,652.4,1747.6,1122.4,625.2,0.6545849141274147,0.4187732146759896,0.6029377133834384,0.36620714087549755,0.3970622866165616,0.5812267853240105,0.48473137845440056,0.5108554640297139,0.5107686992738903,0.4512850881178654,0.021246404626584146,0.5460619601665185,0.7001492107320026,0.7226257845172073
dst_pcr6_fire_specificity_silence_sensitivity_tau_0_1,dst_pcr6_fire_specificity_silence_sensitivity,0.1,1122.4,625.2,0.0,0.0,1747.6,1122.4,625.2,0.6422200863607275,1.0,0.0,,1.0,0.0,0.6422200863607275,0.5,0.7821280702780786,0.899741940422021,,0.541550688868935,0.695282273622985,0.9080637781030514
dst_pcr6_fire_specificity_silence_sensitivity_tau_0_2,dst_pcr6_fire_specificity_silence_sensitivity,0.2,1122.4,625.2,0.0,0.0,1747.6,1122.4,625.2,0.6422200863607275,1.0,0.0,,1.0,0.0,0.6422200863607275,0.5,0.7821280702780786,0.899741940422021,,0.541550688868935,0.695282273622985,0.8444391993476696
dst_pcr6_fire_specificity_silence_sensitivity_tau_0_3,dst_pcr6_fire_specificity_silence_sensitivity,0.3,1122.4,625.2,0.0,0.0,1747.6,1122.4,625.2,0.6422200863607275,1.0,0.0,,1.0,0.0,0.6422200863607275,0.5,0.7821280702780786,0.899741940422021,,0.541550688868935,0.695282273622985,0.8211238709925128
dst_pcr6_fire_specificity_silence_sensitivity_tau_0_4,dst_pcr6_fire_specificity_silence_sensitivity,0.4,1122.4,625.2,0.0,0.0,1747.6,1122.4,625.2,0.6422200863607275,1.0,0.0,,1.0,0.0,0.6422200863607275,0.5,0.7821280702780786,0.899741940422021,,0.541550688868935,0.695282273622985,0.7967569972126366
dst_pcr6_fire_specificity_silence_sensitivity_tau_0_5,dst_pcr6_fire_specificity_silence_sensitivity,0.5,1122.4,625.2,0.0,0.0,1747.6,1122.4,625.2,0.6422200863607275,1.0,0.0,,1.0,0.0,0.6422200863607275,0.5,0.7821280702780786,0.899741940422021,,0.541550688868935,0.695282273622985,0.4416566304155657
dst_pcr6_fire_specificity_silence_sensitivity_tau_0_6,dst_pcr6_fire_specificity_silence_sensitivity,0.6,520.6,283.8,341.4,601.8,1747.6,1122.4,625.2,0.6473245479234528,0.46382707361428965,0.5459833589396181,0.36188080332698447,0.45401664106038186,0.5361729263857103,0.49329623214405105,0.5049052162769538,0.5404119279192872,0.4916978466907601,0.009503206934100786,0.541550688868935,0.695282273622985,0.7487783567508777
dst_pcr6_fire_specificity_silence_sensitivity_tau_0_7,dst_pcr6_fire_specificity_silence_sensitivity,0.7,505.8,273.8,351.4,616.6,1747.6,1122.4,625.2,0.6489321240318072,0.45061623936573564,0.5619833044873819,0.36292498524856354,0.43801669551261807,0.5493837606342644,0.4905442916857602,0.5062997719265587,0.5318673972325068,0.4799405805358809,0.012222719218510581,0.541550688868935,0.695282273622985,0.7461187099091326
dst_pcr6_fire_specificity_silence_sensitivity_tau_0_8,dst_pcr6_fire_specificity_silence_sensitivity,0.8,461.0,245.4,379.8,661.4,1747.6,1122.4,625.2,0.6528059231681287,0.4107541127572718,0.6074168158102855,0.36473896693084723,0.39258318418971444,0.5892458872427282,0.4811858707660962,0.5090854642837787,0.5042246876241546,0.44364934104155357,0.017855147412359003,0.541550688868935,0.695282273622985,0.7276237102254913
dst_pcr6_fire_specificity_silence_sensitivity_tau_0_9,dst_pcr6_fire_specificity_silence_sensitivity,0.9,453.6,240.8,384.4,668.8,1747.6,1122.4,625.2,0.6534360359617419,0.40417195895067487,0.6147682584608274,0.36495882644389416,0.38523174153917267,0.5958280410493251,0.479589112675092,0.5094701087057512,0.499421779253811,0.4375509590779233,0.018665527289677405,0.541550688868935,0.695282273622985,0.6937275852116725
dst_yager_fire_specificity_silence_sensitivity_tau_0_1,dst_yager_fire_specificity_silence_sensitivity,0.1,1122.4,625.2,0.0,0.0,1747.6,1122.4,625.2,0.6422200863607275,1.0,0.0,,1.0,0.0,0.6422200863607275,0.5,0.7821280702780786,0.899741940422021,,0.5303715946753702,0.6814923292599366,0.9080637781030514
dst_yager_fire_specificity_silence_sensitivity_tau_0_2,dst_yager_fire_specificity_silence_sensitivity,0.2,1122.4,625.2,0.0,0.0,1747.6,1122.4,625.2,0.6422200863607275,1.0,0.0,,1.0,0.0,0.6422200863607275,0.5,0.7821280702780786,0.899741940422021,,0.5303715946753702,0.6814923292599366,0.8444391993476696
dst_yager_fire_specificity_silence_sensitivity_tau_0_3,dst_yager_fire_specificity_silence_sensitivity,0.3,1122.4,625.2,0.0,0.0,1747.6,1122.4,625.2,0.6422200863607275,1.0,0.0,,1.0,0.0,0.6422200863607275,0.5,0.7821280702780786,0.899741940422021,,0.5303715946753702,0.6814923292599366,0.8211238709925128
dst_yager_fire_specificity_silence_sensitivity_tau_0_4,dst_yager_fire_specificity_silence_sensitivity,0.4,1122.4,625.2,0.0,0.0,1747.6,1122.4,625.2,0.6422200863607275,1.0,0.0,,1.0,0.0,0.6422200863607275,0.5,0.7821280702780786,0.899741940422021,,0.5303715946753702,0.6814923292599366,0.7967569972126366
dst_yager_fire_specificity_silence_sensitivity_tau_0_5,dst_yager_fire_specificity_silence_sensitivity,0.5,1122.4,625.2,0.0,0.0,1747.6,1122.4,625.2,0.6422200863607275,1.0,0.0,,1.0,0.0,0.6422200863607275,0.5,0.7821280702780786,0.899741940422021,,0.5303715946753702,0.6814923292599366,0.4416566304155657
dst_yager_fire_specificity_silence_sensitivity_tau_0_6,dst_yager_fire_specificity_silence_sensitivity,0.6,520.0,283.6,341.6,602.4,1747.6,1122.4,625.2,0.6472238080805235,0.46329905047331643,0.5463023382059659,0.36179028340889,0.45369766179403415,0.5367009495266836,0.49306915278551966,0.504800694339641,0.5400184447681108,0.4912115183832004,0.009303251826296849,0.5303715946753702,0.6814923292599366,0.7496257712956195
dst_yager_fire_specificity_silence_sensitivity_tau_0_7,dst_yager_fire_specificity_silence_sensitivity,0.7,498.6,273.2,352.0,623.8,1747.6,1122.4,625.2,0.6461661781150132,0.4442167889531959,0.5629417823786287,0.36065152841610526,0.43705821762137137,0.5557832110468042,0.4867734082982092,0.5035792856659123,0.5264680148114953,0.4738244728067162,0.006986349015025553,0.5303715946753702,0.6814923292599366,0.7436902024667217
dst_yager_fire_specificity_silence_sensitivity_tau_0_8,dst_yager_fire_specificity_silence_sensitivity,0.8,453.6,240.8,384.4,668.8,1747.6,1122.4,625.2,0.6534360359617419,0.40417195895067487,0.6147682584608274,0.36495882644389416,0.38523174153917267,0.5958280410493251,0.479589112675092,0.5094701087057512,0.499421779253811,0.4375509590779233,0.018665527289677405,0.5303715946753702,0.6814923292599366,0.6937275852116725
dst_yager_fire_specificity_silence_sensitivity_tau_0_9,dst_yager_fire_specificity_silence_sensitivity,0.9,399.4,239.2,386.0,723.0,1747.6,1122.4,625.2,0.6255250361672668,0.35586983520772864,0.6173319288914852,0.34807727381306985,0.38266807110851475,0.6441301647922714,0.44948916331833544,0.486600882049607,0.4536306642228857,0.38943853770869447,-0.02659685290659831,0.5303715946753702,0.6814923292599366,0.6973856355034693
naive_bayes_tau_0_1,naive_bayes,0.1,1118.2,602.2,23.0,4.2,1747.6,1122.4,625.2,0.649938900049049,0.9962713131298001,0.036787663315411404,0.8549944749033109,0.9632123366845885,0.003728686870199972,0.6529889776813386,0.5165294882226057,0.7866646797843603,0.9003116370889664,0.12886511702170264,0.5565420014586607,0.6937066355761206,0.5137169981290155
naive_bayes_tau_0_2,naive_bayes,0.2,482.4,246.2,379.0,640.0,1747.6,1122.4,625.2,0.6621586948502165,0.4298089537015165,0.6061588138840885,0.37193685316440445,0.39384118611591146,0.5701910462984834,0.4929461217582233,0.5179838837928026,0.5212504772857096,0.4622432941652071,0.03501886434505876,0.5565420014586607,0.6937066355761206,0.7968864161366727
naive_bayes_tau_0_3,naive_bayes,0.3,460.2,168.0,457.2,662.2,1747.6,1122.4,625.2,0.7329127141411871,0.4099809145921423,0.7312165796816099,0.4083630008886109,0.2687834203183901,0.5900190854078577,0.5249882675700001,0.5705987471368761,0.5257315544435404,0.44956394192736066,0.1412311875120871,0.5565420014586607,0.6937066355761206,0.8071913685212622
naive_bayes_tau_0_4,naive_bayes,0.4,383.8,157.4,467.8,738.6,1747.6,1122.4,625.2,0.7096931357797945,0.34195730189389345,0.7481642285557173,0.38771351107058266,0.25183577144428276,0.6580426981061065,0.48736070271784737,0.5450607652248054,0.4614419020301369,0.3814597376846492,0.09368825404237102,0.5565420014586607,0.6937066355761206,0.8765088225807004
naive_bayes_tau_0_5,naive_bayes,0.5,303.0,96.4,528.8,819.4,1747.6,1122.4,625.2,0.7597198976966861,0.27003597046371564,0.8457736126780707,0.3922405678490106,0.15422638732192923,0.7299640295362844,0.4760554934016734,0.5579047915708932,0.3982644147918517,0.309942918639707,0.13264128447063647,0.5565420014586607,0.6937066355761206,0.8907145603727082
naive_bayes_tau_0_6,naive_bayes,0.6,284.2,91.8,533.4,838.2,1747.6,1122.4,625.2,0.75662314686048,0.2532597832217549,0.8531265791149167,0.3889107308092373,0.1468734208850832,0.7467402167782451,0.46791695286991314,0.5531931811683358,0.3793752754276433,0.29209438172589597,0.1244150180736292,0.5565420014586607,0.6937066355761206,0.909671231551539
naive_bayes_tau_0_7,naive_bayes,0.7,232.4,74.0,551.2,890.0,1747.6,1122.4,625.2,0.7599566997683327,0.207081681758649,0.8815914431998507,0.38245208954872384,0.11840855680014925,0.7929183182413511,0.44846523933764965,0.5443365624792499,0.325420777246353,0.24232882395009017,0.11235944124663184,0.5565420014586607,0.6937066355761206,0.9296902216510153
naive_bayes_tau_0_8,naive_bayes,0.8,156.4,42.4,582.8,966.0,1747.6,1122.4,625.2,0.8351913416520814,0.13900608862442126,0.9321359264544224,0.3761151961089577,0.06786407354557766,0.8609939113755788,0.4229715244841804,0.5355710075394218,0.2311973404833199,0.16520401249846386,0.1205042727286088,0.5565420014586607,0.6937066355761206,0.8888533896146834
naive_bayes_tau_0_9,naive_bayes,0.9,79.6,3.8,621.4,1042.8,1747.6,1122.4,625.2,0.9544704544882044,0.07093257939333689,0.9939111306345678,0.37343180309267004,0.0060888693654322056,0.9290674206066631,0.40116008591646934,0.5324218550139523,0.13202641307031324,0.08704383668097844,0.145764972156816,0.5565420014586607,0.6937066355761206,0.9674619319061973
bks_tau_0_1,bks,0.1,1115.0,598.0,27.2,7.4,1747.6,1122.4,625.2,0.6508744930097358,0.9934089000407222,0.04349500337034263,0.791379650160138,0.9565049966296574,0.006591099959277771,0.6535586574796467,0.5184519517055325,0.7864563882287785,0.8987994242132572,0.12747936984261793,0.5853957225774293,0.6939969111168514,0.5040442841848499
bks_tau_0_2,bks,0.2,457.4,167.4,457.8,665.0,1747.6,1122.4,625.2,0.7325349366978122,0.4074776966560777,0.7321725444602927,0.40762826168262345,0.26782745553970727,0.5925223033439223,0.5237295763034587,0.5698251205581852,0.5235501141518932,0.44711712638491496,0.13990023085840092,0.5853957225774293,0.6939969111168514,0.8112616619739168
bks_tau_0_3,bks,0.3,453.0,165.6,459.6,669.4,1747.6,1122.4,625.2,0.7326774988554298,0.4035584127009176,0.7350566914123261,0.4070073253406349,0.2649433085876739,0.5964415872990825,0.5222387591421519,0.5693075520566218,0.5203536953836673,0.4433536589110673,0.13914297372719572,0.5853957225774293,0.6939969111168514,0.814791797242877
bks_tau_0_4,bks,0.4,331.8,116.2,509.0,790.6,1747.6,1122.4,625.2,0.7414963738516216,0.2956779748316947,0.8140624517064297,0.3916416979762705,0.18593754829357034,0.7043220251683053,0.4812085048279989,0.5548702132690622,0.4226582283194157,0.3360556042269839,0.12086458310416162,0.5853957225774293,0.6939969111168514,0.8965752921771063
bks_tau_0_5,bks,0.5,276.8,88.6,536.6,845.6,1747.6,1122.4,625.2,0.7588710800591394,0.2467158312418729,0.8582611655710357,0.38823726357058813,0.14173883442896434,0.7532841687581271,0.4655246951911499,0.5524884984064543,0.37219959975699635,0.2851642590663138,0.12425392798747259,0.5853957225774293,0.6939969111168514,0.931341777507624
bks_tau_0_6,bks,0.6,247.4,84.6,540.6,875.0,1747.6,1122.4,625.2,0.7472635156651555,0.22034654749701255,0.8646562079228401,0.3818229256792362,0.13534379207715985,0.7796534525029875,0.4509343464755653,0.5425013777099263,0.3399648997401484,0.2564203636109314,0.10470176377331539,0.5853957225774293,0.6939969111168514,0.9563201182349607
bks_tau_0_7,bks,0.7,66.4,0.8,624.4,1056.0,1747.6,1122.4,625.2,0.9890350877192983,0.05913678821773557,0.9987132787981684,0.371605582683037,0.0012867212018315584,0.9408632117822645,0.3953092423520386,0.5289250335079521,0.11156175747294247,0.07282534799175336,0.14431731423217045,0.5853957225774293,0.6939969111168514,0.9845987170349252
bks_tau_0_8,bks,0.8,63.8,0.2,625.0,1058.6,1747.6,1122.4,625.2,0.9973684210526315,0.05683869637062543,0.9996810207336523,0.3712637546095544,0.0003189792663476874,0.9431613036293746,0.3941670964246736,0.5282598585521389,0.107501552300675,0.07004203911392391,0.14420991110634218,0.5853957225774293,0.6939969111168514,0.987274983791794
bks_tau_0_9,bks,0.9,62.6,0.0,625.2,1059.8,1747.6,1122.4,625.2,1.0,0.05577956133090787,1.0,0.3710742646311722,0.0,0.9442204386690921,0.39359891460649177,0.5278897806654539,0.10564938696828852,0.06876273728642264,0.143824157297372,0.5853957225774293,0.6939969111168514,0.9899416504584607
logistic_regression_tau_0_1,logistic_regression,0.1,1122.4,625.2,0.0,0.0,1747.6,1122.4,625.2,0.6422200863607275,1.0,0.0,,1.0,0.0,0.6422200863607275,0.5,0.7821280702780786,0.899741940422021,,0.624581319934294,0.7176546310072789,0.9258430790623473
logistic_regression_tau_0_2,logistic_regression,0.2,1122.4,625.2,0.0,0.0,1747.6,1122.4,625.2,0.6422200863607275,1.0,0.0,,1.0,0.0,0.6422200863607275,0.5,0.7821280702780786,0.899741940422021,,0.624581319934294,0.7176546310072789,0.9148074953956113
logistic_regression_tau_0_3,logistic_regression,0.3,1122.4,625.2,0.0,0.0,1747.6,1122.4,625.2,0.6422200863607275,1.0,0.0,,1.0,0.0,0.6422200863607275,0.5,0.7821280702780786,0.899741940422021,,0.624581319934294,0.7176546310072789,0.9069481552882955
logistic_regression_tau_0_4,logistic_regression,0.4,1122.4,625.2,0.0,0.0,1747.6,1122.4,625.2,0.6422200863607275,1.0,0.0,,1.0,0.0,0.6422200863607275,0.5,0.7821280702780786,0.899741940422021,,0.624581319934294,0.7176546310072789,0.8048807132677162
logistic_regression_tau_0_5,logistic_regression,0.5,1122.4,625.2,0.0,0.0,1747.6,1122.4,625.2,0.6422200863607275,1.0,0.0,,1.0,0.0,0.6422200863607275,0.5,0.7821280702780786,0.899741940422021,,0.624581319934294,0.7176546310072789,0.6319594908667069
logistic_regression_tau_0_6,logistic_regression,0.6,459.0,167.8,457.4,663.4,1747.6,1122.4,625.2,0.7327450101894947,0.40890273579850406,0.7315309845487837,0.40799760014421815,0.26846901545121626,0.591097264201496,0.5244171058449745,0.5702168601736439,0.5247894991336433,0.44850921494151025,0.14058204700728508,0.624581319934294,0.7176546310072789,0.8110496990386533
logistic_regression_tau_0_7,logistic_regression,0.7,459.0,167.8,457.4,663.4,1747.6,1122.4,625.2,0.7327450101894947,0.40890273579850406,0.7315309845487837,0.40799760014421815,0.26846901545121626,0.591097264201496,0.5244171058449745,0.5702168601736439,0.5247894991336433,0.44850921494151025,0.14058204700728508,0.624581319934294,0.7176546310072789,0.8110496990386533
logistic_regression_tau_0_8,logistic_regression,0.8,458.6,167.8,457.4,663.8,1747.6,1122.4,625.2,0.73258113039193,0.40854643400803203,0.7315309845487837,0.4078509550503761,0.26846901545121626,0.591453565991968,0.5241881226998771,0.5700387092784078,0.5244516957431307,0.44815306573835156,0.1402485507044629,0.624581319934294,0.7176546310072789,0.8108806243111047
logistic_regression_tau_0_9,logistic_regression,0.9,273.2,59.8,565.4,849.2,1747.6,1122.4,625.2,0.8206483288732217,0.24344710965933833,0.9043086599263896,0.3997357240759515,0.09569134007361042,0.7565528903406616,0.4799007871260265,0.573877884792864,0.37540486501159187,0.2832721596239751,0.18043112949397466,0.624581319934294,0.7176546310072789,0.7307773901165951
logistic_interactions_tau_0_1,logistic_interactions,0.1,1122.4,625.2,0.0,0.0,1747.6,1122.4,625.2,0.6422200863607275,1.0,0.0,,1.0,0.0,0.6422200863607275,0.5,0.7821280702780786,0.899741940422021,,0.6243856871587481,0.7218309347664561,0.9258430790623473
logistic_interactions_tau_0_2,logistic_interactions,0.2,1122.4,625.2,0.0,0.0,1747.6,1122.4,625.2,0.6422200863607275,1.0,0.0,,1.0,0.0,0.6422200863607275,0.5,0.7821280702780786,0.899741940422021,,0.6243856871587481,0.7218309347664561,0.9148074953956113
logistic_interactions_tau_0_3,logistic_interactions,0.3,1122.4,625.2,0.0,0.0,1747.6,1122.4,625.2,0.6422200863607275,1.0,0.0,,1.0,0.0,0.6422200863607275,0.5,0.7821280702780786,0.899741940422021,,0.6243856871587481,0.7218309347664561,0.9035061263027881
logistic_interactions_tau_0_4,logistic_interactions,0.4,1122.4,625.2,0.0,0.0,1747.6,1122.4,625.2,0.6422200863607275,1.0,0.0,,1.0,0.0,0.6422200863607275,0.5,0.7821280702780786,0.899741940422021,,0.6243856871587481,0.7218309347664561,0.7981365377724892
logistic_interactions_tau_0_5,logistic_interactions,0.5,1122.4,625.2,0.0,0.0,1747.6,1122.4,625.2,0.6422200863607275,1.0,0.0,,1.0,0.0,0.6422200863607275,0.5,0.7821280702780786,0.899741940422021,,0.6243856871587481,0.7218309347664561,0.6319594908667069
logistic_interactions_tau_0_6,logistic_interactions,0.6,460.6,168.4,456.8,661.8,1747.6,1122.4,625.2,0.7326658709329164,0.41034401971516726,0.7305755705360448,0.4082853716762987,0.2694244294639551,0.5896559802848327,0.5249913844921716,0.5704597951256061,0.5259691965571103,0.4498956739022132,0.1409303358101738,0.6243856871587481,0.7218309347664561,0.8086198729938993
logistic_interactions_tau_0_7,logistic_interactions,0.7,459.0,167.8,457.4,663.4,1747.6,1122.4,625.2,0.7327450101894947,0.40890273579850406,0.7315309845487837,0.40799760014421815,0.26846901545121626,0.591097264201496,0.5244171058449745,0.5702168601736439,0.5247894991336433,0.44850921494151025,0.14058204700728508,0.6243856871587481,0.7218309347664561,0.8110496990386533
logistic_interactions_tau_0_8,logistic_interactions,0.8,416.2,129.6,495.6,706.2,1747.6,1122.4,625.2,0.7633561100480954,0.37081856781006667,0.7926398821217704,0.4122944226969478,0.20736011787822967,0.6291814321899334,0.5218076471134737,0.5817292249659185,0.49903209366428775,0.4132807982062584,0.16943438228076652,0.6243856871587481,0.7218309347664561,0.8021902441172335
logistic_interactions_tau_0_9,logistic_interactions,0.9,372.2,113.0,512.2,750.2,1747.6,1122.4,625.2,0.7711223114289332,0.3312718255785176,0.819117509940906,0.4057886337065869,0.18088249005909393,0.6687281744214825,0.5060587670610541,0.5751946677597118,0.4605616879692997,0.37300437537919173,0.16274427199811642,0.6243856871587481,0.7218309347664561,0.7945096517011078
decision_tree_tau_0_1,decision_tree,0.1,1122.4,625.2,0.0,0.0,1747.6,1122.4,625.2,0.6422200863607275,1.0,0.0,,1.0,0.0,0.6422200863607275,0.5,0.7821280702780786,0.899741940422021,,0.6243237389178177,0.7214369242713293,0.9254807602217674
decision_tree_tau_0_2,decision_tree,0.2,1122.4,625.2,0.0,0.0,1747.6,1122.4,625.2,0.6422200863607275,1.0,0.0,,1.0,0.0,0.6422200863607275,0.5,0.7821280702780786,0.899741940422021,,0.6243237389178177,0.7214369242713293,0.9146263359753215
decision_tree_tau_0_3,decision_tree,0.3,1122.4,625.2,0.0,0.0,1747.6,1122.4,625.2,0.6422200863607275,1.0,0.0,,1.0,0.0,0.6422200863607275,0.5,0.7821280702780786,0.899741940422021,,0.6243237389178177,0.7214369242713293,0.9035061263027881
decision_tree_tau_0_4,decision_tree,0.4,1122.4,625.2,0.0,0.0,1747.6,1122.4,625.2,0.6422200863607275,1.0,0.0,,1.0,0.0,0.6422200863607275,0.5,0.7821280702780786,0.899741940422021,,0.6243237389178177,0.7214369242713293,0.7981365377724892
decision_tree_tau_0_5,decision_tree,0.5,1122.4,625.2,0.0,0.0,1747.6,1122.4,625.2,0.6422200863607275,1.0,0.0,,1.0,0.0,0.6422200863607275,0.5,0.7821280702780786,0.899741940422021,,0.6243237389178177,0.7214369242713293,0.6292152993724991
decision_tree_tau_0_6,decision_tree,0.6,462.2,168.4,456.8,660.2,1747.6,1122.4,625.2,0.733351757080916,0.4117491032855886,0.7305735225150731,0.40885503894454944,0.2694264774849269,0.5882508967144113,0.525899508557556,0.5711613129003309,0.5272919846408235,0.4512952989844382,0.14225906330079993,0.6243237389178177,0.7214369242713293,0.8058859533160504
decision_tree_tau_0_7,decision_tree,0.7,459.2,167.4,457.8,663.2,1747.6,1122.4,625.2,0.7332777219474023,0.4090792583051237,0.7321709911024509,0.4082852153284489,0.2678290088975491,0.5909207416948763,0.5247585338233887,0.5706251247037872,0.5250754619059113,0.4487206379310401,0.14140053254908305,0.6243237389178177,0.7214369242713293,0.8106957874594656
decision_tree_tau_0_8,decision_tree,0.8,416.6,129.2,496.0,705.8,1747.6,1122.4,625.2,0.7640440105436659,0.3711748696005387,0.7932798886754375,0.41263370701400576,0.20672011132456253,0.6288251303994613,0.5222644218733489,0.582227379137988,0.49950937017593666,0.41367799419784446,0.17044654460178923,0.6243237389178177,0.7214369242713293,0.8023876916609123
decision_tree_tau_0_9,decision_tree,0.9,377.8,115.6,509.6,744.6,1747.6,1122.4,625.2,0.7700826686462341,0.3362541583204207,0.8149528419527703,0.40637069445900414,0.18504715804722963,0.6637458416795793,0.5077796335062945,0.5756035001365956,0.4649536823191836,0.3779310680208553,0.16295297679001924,0.6243237389178177,0.7214369242713293,0.7911784335631445
