baseline,baseline_strategy,strategy,metric,n_pairs,mean_difference,weighted_difference,n_effective,hodges_lehmann,p_value,ci_low,ci_high,ci_level,status,n_coverage_gain,n_coverage_loss
traditional_2,traditional_2_of_6,weighted_fire_specificity_silence_sensitivity_tau_0_9,pr_auc,20,0.0003727882206486557,2.75649982308531e-05,4.4666366523331025,0.0,0.8589549227374824,-0.00021060644753545608,0.00021060644753545608,0.95,inconcludente,0,0
traditional_2,traditional_2_of_6,dst_dempster_fire_specificity_silence_sensitivity_tau_0_4,pr_auc,20,0.0006186273531427155,0.001727007029832392,4.4666366523331025,3.052503052505123e-05,0.08583095844428565,-0.00017290281857454003,0.0002339528796246425,0.95,inconcludente,0,0
traditional_2,traditional_2_of_6,dst_pcr6_fire_specificity_silence_sensitivity_tau_0_4,pr_auc,20,0.0013509150507670963,0.0015687928001349666,4.4666366523331025,0.0005895734742517751,0.018602929901135743,0.0003078587293298126,0.0008712882191737377,0.95,incremento_statistico,0,0
traditional_2,traditional_2_of_6,dst_yager_fire_specificity_silence_sensitivity_tau_0_4,pr_auc,20,0.0009224836165886063,0.00015837146097149685,4.4666366523331025,8.264093629899855e-06,0.13941397332153205,-0.00024115168128020716,0.00025767986854000687,0.95,inconcludente,0,0
traditional_2,traditional_2_of_6,naive_bayes_tau_0_1,pr_auc,20,0.0009370728906415065,0.003161113830412863,4.4666366523331025,0.0,0.9587607499379828,-0.0003318048745903446,0.0003318048745903446,0.95,inconcludente,0,0
traditional_2,traditional_2_of_6,bks_tau_0_1,pr_auc,20,0.0009462347161273213,0.0036581090326328605,4.4666366523331025,3.128508938999696e-07,1.0,-0.00032466759868501514,0.0003252933004728151,0.95,inconcludente,0,0
traditional_2,traditional_2_of_6,logistic_regression_tau_0_5,pr_auc,20,0.0008943466535110557,0.0028411838405638557,4.4666366523331025,0.0,0.981116590883351,-0.00032811677883517776,0.00032811677883517776,0.95,inconcludente,0,0
traditional_2,traditional_2_of_6,logistic_interactions_tau_0_5,pr_auc,20,0.0010011096046434412,0.0037784641424649943,4.4666366523331025,0.0,0.981116590883351,-0.0003398874685512431,0.0003398874685512431,0.95,inconcludente,0,0
traditional_2,traditional_2_of_6,decision_tree_tau_0_5,pr_auc,20,0.000755259868736241,0.0020729042890462856,4.4666366523331025,-5.062276420025012e-06,0.9679000486136345,-0.00030666967983327423,0.0002965451269932242,0.95,inconcludente,0,0
traditional_2,traditional_2_of_6,random_forest_tau_0_5,pr_auc,20,0.0010599400092919115,0.004378998901579884,4.4666366523331025,3.128508938999696e-07,1.0,-0.0003477065120538103,0.00034833221384161024,0.95,inconcludente,0,0
traditional_2,traditional_2_of_6,gradient_boosting_tau_0_5,pr_auc,20,0.001063754444780166,0.0041914048453650845,4.4666366523331025,3.128508938999696e-07,1.0,-0.00035060943532293394,0.0003512351371107339,0.95,inconcludente,0,0
traditional_2,traditional_2_of_6,xgboost_tau_0_5,pr_auc,20,0.0010328339290832556,0.004021756070632548,4.4666366523331025,2.3638700482470076e-07,0.9679000486136345,-0.00034488193529918853,0.00034535470930883793,0.95,inconcludente,0,0
