family,fold,delta,family_support,language,n_tools,log_gt_kept,log_n_samples,kept_frac,union_recall,log_family_support
CWE-116,0,,11,java,3,3.8614746688571686,3.9414120403735495,0.7598787371942296,0.272802311184482,1.041392685158225
CWE-116,1,,12,java,3,3.8614746688571686,3.9414120403735495,0.7598787371942296,0.272802311184482,1.0791812460476249
CWE-116,2,,12,java,3,3.8614746688571686,3.9414120403735495,0.7598787371942296,0.272802311184482,1.0791812460476249
CWE-116,3,,11,java,3,3.8614746688571686,3.9414120403735495,0.7598787371942296,0.272802311184482,1.041392685158225
CWE-116,4,,12,java,3,3.8614746688571686,3.9414120403735495,0.7598787371942296,0.272802311184482,1.0791812460476249
CWE-190,0,,28,java,3,3.8614746688571686,3.9414120403735495,0.7598787371942296,0.272802311184482,1.4471580313422192
CWE-190,1,,28,java,3,3.8614746688571686,3.9414120403735495,0.7598787371942296,0.272802311184482,1.4471580313422192
CWE-190,2,,28,java,3,3.8614746688571686,3.9414120403735495,0.7598787371942296,0.272802311184482,1.4471580313422192
CWE-190,3,,28,java,3,3.8614746688571686,3.9414120403735495,0.7598787371942296,0.272802311184482,1.4471580313422192
CWE-190,4,,28,java,3,3.8614746688571686,3.9414120403735495,0.7598787371942296,0.272802311184482,1.4471580313422192
CWE-191,0,,18,java,3,3.8614746688571686,3.9414120403735495,0.7598787371942296,0.272802311184482,1.255272505103306
CWE-191,1,,18,java,3,3.8614746688571686,3.9414120403735495,0.7598787371942296,0.272802311184482,1.255272505103306
CWE-191,2,,19,java,3,3.8614746688571686,3.9414120403735495,0.7598787371942296,0.272802311184482,1.2787536009528289
CWE-191,3,,19,java,3,3.8614746688571686,3.9414120403735495,0.7598787371942296,0.272802311184482,1.2787536009528289
CWE-191,4,,18,java,3,3.8614746688571686,3.9414120403735495,0.7598787371942296,0.272802311184482,1.255272505103306
CWE-20,0,,68,java,3,3.8614746688571686,3.9414120403735495,0.7598787371942296,0.272802311184482,1.8325089127062364
CWE-20,1,,68,java,3,3.8614746688571686,3.9414120403735495,0.7598787371942296,0.272802311184482,1.8325089127062364
CWE-20,2,,68,java,3,3.8614746688571686,3.9414120403735495,0.7598787371942296,0.272802311184482,1.8325089127062364
CWE-20,3,,68,java,3,3.8614746688571686,3.9414120403735495,0.7598787371942296,0.272802311184482,1.8325089127062364
CWE-20,4,,68,java,3,3.8614746688571686,3.9414120403735495,0.7598787371942296,0.272802311184482,1.8325089127062364
CWE-269,0,,18,java,3,3.8614746688571686,3.9414120403735495,0.7598787371942296,0.272802311184482,1.255272505103306
CWE-269,1,,17,java,3,3.8614746688571686,3.9414120403735495,0.7598787371942296,0.272802311184482,1.2304489213782739
CWE-269,2,,17,java,3,3.8614746688571686,3.9414120403735495,0.7598787371942296,0.272802311184482,1.2304489213782739
CWE-269,3,,18,java,3,3.8614746688571686,3.9414120403735495,0.7598787371942296,0.272802311184482,1.255272505103306
CWE-269,4,,17,java,3,3.8614746688571686,3.9414120403735495,0.7598787371942296,0.272802311184482,1.2304489213782739
CWE-285,0,,58,java,3,3.8614746688571686,3.9414120403735495,0.7598787371942296,0.272802311184482,1.7634279935629373
CWE-285,1,,58,java,3,3.8614746688571686,3.9414120403735495,0.7598787371942296,0.272802311184482,1.7634279935629373
CWE-285,2,,58,java,3,3.8614746688571686,3.9414120403735495,0.7598787371942296,0.272802311184482,1.7634279935629373
CWE-285,3,,59,java,3,3.8614746688571686,3.9414120403735495,0.7598787371942296,0.272802311184482,1.7708520116421442
CWE-285,4,,58,java,3,3.8614746688571686,3.9414120403735495,0.7598787371942296,0.272802311184482,1.7634279935629373
CWE-287,0,,125,java,3,3.8614746688571686,3.9414120403735495,0.7598787371942296,0.272802311184482,2.0969100130080562
CWE-287,1,,124,java,3,3.8614746688571686,3.9414120403735495,0.7598787371942296,0.272802311184482,2.093421685162235
CWE-287,2,0.09240401960799488,125,java,3,3.8614746688571686,3.9414120403735495,0.7598787371942296,0.272802311184482,2.0969100130080562
CWE-287,3,,125,java,3,3.8614746688571686,3.9414120403735495,0.7598787371942296,0.272802311184482,2.0969100130080562
CWE-287,4,0.09636664922904713,124,java,3,3.8614746688571686,3.9414120403735495,0.7598787371942296,0.272802311184482,2.093421685162235
CWE-311,0,0.16345561946141368,77,java,3,3.8614746688571686,3.9414120403735495,0.7598787371942296,0.272802311184482,1.8864907251724818
CWE-311,1,0.06193214086227085,77,java,3,3.8614746688571686,3.9414120403735495,0.7598787371942296,0.272802311184482,1.8864907251724818
CWE-311,2,0.01826767910581072,77,java,3,3.8614746688571686,3.9414120403735495,0.7598787371942296,0.272802311184482,1.8864907251724818
CWE-311,3,0.029177836322560987,78,java,3,3.8614746688571686,3.9414120403735495,0.7598787371942296,0.272802311184482,1.8920946026904804
CWE-311,4,0.09601658741234811,77,java,3,3.8614746688571686,3.9414120403735495,0.7598787371942296,0.272802311184482,1.8864907251724818
CWE-326,0,,6,java,3,3.8614746688571686,3.9414120403735495,0.7598787371942296,0.272802311184482,0.7781512503836436
CWE-326,1,,5,java,3,3.8614746688571686,3.9414120403735495,0.7598787371942296,0.272802311184482,0.6989700043360189
CWE-326,2,,5,java,3,3.8614746688571686,3.9414120403735495,0.7598787371942296,0.272802311184482,0.6989700043360189
CWE-326,3,,5,java,3,3.8614746688571686,3.9414120403735495,0.7598787371942296,0.272802311184482,0.6989700043360189
CWE-326,4,,5,java,3,3.8614746688571686,3.9414120403735495,0.7598787371942296,0.272802311184482,0.6989700043360189
CWE-327,0,0.1908174767464892,70,java,3,3.8614746688571686,3.9414120403735495,0.7598787371942296,0.272802311184482,1.845098040014257
CWE-327,1,0.11522163230544334,70,java,3,3.8614746688571686,3.9414120403735495,0.7598787371942296,0.272802311184482,1.845098040014257
CWE-327,2,0.13357394540986042,70,java,3,3.8614746688571686,3.9414120403735495,0.7598787371942296,0.272802311184482,1.845098040014257
CWE-327,3,0.11524920626157872,70,java,3,3.8614746688571686,3.9414120403735495,0.7598787371942296,0.272802311184482,1.845098040014257
CWE-327,4,0.22689317973714881,70,java,3,3.8614746688571686,3.9414120403735495,0.7598787371942296,0.272802311184482,1.845098040014257
CWE-330,0,-0.03889068816769301,50,java,3,3.8614746688571686,3.9414120403735495,0.7598787371942296,0.272802311184482,1.6989700043360187
CWE-330,1,-0.03193530941280315,50,java,3,3.8614746688571686,3.9414120403735495,0.7598787371942296,0.272802311184482,1.6989700043360187
CWE-330,2,-0.04431657762833726,50,java,3,3.8614746688571686,3.9414120403735495,0.7598787371942296,0.272802311184482,1.6989700043360187
CWE-330,3,-0.036318422666524006,50,java,3,3.8614746688571686,3.9414120403735495,0.7598787371942296,0.272802311184482,1.6989700043360187
CWE-330,4,-0.05402542308682946,50,java,3,3.8614746688571686,3.9414120403735495,0.7598787371942296,0.272802311184482,1.6989700043360187
CWE-345,0,,106,java,3,3.8614746688571686,3.9414120403735495,0.7598787371942296,0.272802311184482,2.0253058652647704
CWE-345,1,,106,java,3,3.8614746688571686,3.9414120403735495,0.7598787371942296,0.272802311184482,2.0253058652647704
CWE-345,2,,106,java,3,3.8614746688571686,3.9414120403735495,0.7598787371942296,0.272802311184482,2.0253058652647704
CWE-345,3,,106,java,3,3.8614746688571686,3.9414120403735495,0.7598787371942296,0.272802311184482,2.0253058652647704
CWE-345,4,,106,java,3,3.8614746688571686,3.9414120403735495,0.7598787371942296,0.272802311184482,2.0253058652647704
CWE-400,0,,50,java,3,3.8614746688571686,3.9414120403735495,0.7598787371942296,0.272802311184482,1.6989700043360187
CWE-400,1,,50,java,3,3.8614746688571686,3.9414120403735495,0.7598787371942296,0.272802311184482,1.6989700043360187
CWE-400,2,,51,java,3,3.8614746688571686,3.9414120403735495,0.7598787371942296,0.272802311184482,1.7075701760979363
CWE-400,3,,51,java,3,3.8614746688571686,3.9414120403735495,0.7598787371942296,0.272802311184482,1.7075701760979363
CWE-400,4,,50,java,3,3.8614746688571686,3.9414120403735495,0.7598787371942296,0.272802311184482,1.6989700043360187
CWE-501,0,0.31470807733764866,18,java,3,3.8614746688571686,3.9414120403735495,0.7598787371942296,0.272802311184482,1.255272505103306
CWE-501,1,0.06666482359968041,18,java,3,3.8614746688571686,3.9414120403735495,0.7598787371942296,0.272802311184482,1.255272505103306
CWE-501,2,0.15006157173820853,18,java,3,3.8614746688571686,3.9414120403735495,0.7598787371942296,0.272802311184482,1.255272505103306
CWE-501,3,0.08312772369411521,18,java,3,3.8614746688571686,3.9414120403735495,0.7598787371942296,0.272802311184482,1.255272505103306
CWE-501,4,0.11939016347279657,18,java,3,3.8614746688571686,3.9414120403735495,0.7598787371942296,0.272802311184482,1.255272505103306
CWE-610,0,0.22951192504015427,53,java,3,3.8614746688571686,3.9414120403735495,0.7598787371942296,0.272802311184482,1.7242758696007892
CWE-610,1,0.30515953117524686,53,java,3,3.8614746688571686,3.9414120403735495,0.7598787371942296,0.272802311184482,1.7242758696007892
CWE-610,2,,54,java,3,3.8614746688571686,3.9414120403735495,0.7598787371942296,0.272802311184482,1.7323937598229686
CWE-610,3,,54,java,3,3.8614746688571686,3.9414120403735495,0.7598787371942296,0.272802311184482,1.7323937598229686
CWE-610,4,0.24601190515583113,53,java,3,3.8614746688571686,3.9414120403735495,0.7598787371942296,0.272802311184482,1.7242758696007892
CWE-662,0,,18,java,3,3.8614746688571686,3.9414120403735495,0.7598787371942296,0.272802311184482,1.255272505103306
CWE-662,1,,19,java,3,3.8614746688571686,3.9414120403735495,0.7598787371942296,0.272802311184482,1.2787536009528289
CWE-662,2,,19,java,3,3.8614746688571686,3.9414120403735495,0.7598787371942296,0.272802311184482,1.2787536009528289
CWE-662,3,,19,java,3,3.8614746688571686,3.9414120403735495,0.7598787371942296,0.272802311184482,1.2787536009528289
CWE-662,4,,19,java,3,3.8614746688571686,3.9414120403735495,0.7598787371942296,0.272802311184482,1.2787536009528289
CWE-665,0,,3,java,3,3.8614746688571686,3.9414120403735495,0.7598787371942296,0.272802311184482,0.47712125471966244
CWE-665,1,,3,java,3,3.8614746688571686,3.9414120403735495,0.7598787371942296,0.272802311184482,0.47712125471966244
CWE-665,2,,4,java,3,3.8614746688571686,3.9414120403735495,0.7598787371942296,0.272802311184482,0.6020599913279624
CWE-665,3,,3,java,3,3.8614746688571686,3.9414120403735495,0.7598787371942296,0.272802311184482,0.47712125471966244
CWE-665,4,,3,java,3,3.8614746688571686,3.9414120403735495,0.7598787371942296,0.272802311184482,0.47712125471966244
CWE-668,0,,220,java,3,3.8614746688571686,3.9414120403735495,0.7598787371942296,0.272802311184482,2.342422680822206
CWE-668,1,,219,java,3,3.8614746688571686,3.9414120403735495,0.7598787371942296,0.272802311184482,2.3404441148401185
CWE-668,2,,219,java,3,3.8614746688571686,3.9414120403735495,0.7598787371942296,0.272802311184482,2.3404441148401185
CWE-668,3,,219,java,3,3.8614746688571686,3.9414120403735495,0.7598787371942296,0.272802311184482,2.3404441148401185
CWE-668,4,,220,java,3,3.8614746688571686,3.9414120403735495,0.7598787371942296,0.272802311184482,2.342422680822206
CWE-704,0,,8,java,3,3.8614746688571686,3.9414120403735495,0.7598787371942296,0.272802311184482,0.9030899869919435
CWE-704,1,,9,java,3,3.8614746688571686,3.9414120403735495,0.7598787371942296,0.272802311184482,0.9542425094393249
CWE-704,2,,8,java,3,3.8614746688571686,3.9414120403735495,0.7598787371942296,0.272802311184482,0.9030899869919435
CWE-704,3,,8,java,3,3.8614746688571686,3.9414120403735495,0.7598787371942296,0.272802311184482,0.9030899869919435
CWE-704,4,,8,java,3,3.8614746688571686,3.9414120403735495,0.7598787371942296,0.272802311184482,0.9030899869919435
CWE-705,0,,1,java,3,3.8614746688571686,3.9414120403735495,0.7598787371942296,0.272802311184482,0.0
CWE-705,1,,1,java,3,3.8614746688571686,3.9414120403735495,0.7598787371942296,0.272802311184482,0.0
CWE-705,2,,1,java,3,3.8614746688571686,3.9414120403735495,0.7598787371942296,0.272802311184482,0.0
CWE-705,3,,1,java,3,3.8614746688571686,3.9414120403735495,0.7598787371942296,0.272802311184482,0.0
CWE-705,4,,1,java,3,3.8614746688571686,3.9414120403735495,0.7598787371942296,0.272802311184482,0.0
CWE-706,0,0.26944916241793365,60,java,3,3.8614746688571686,3.9414120403735495,0.7598787371942296,0.272802311184482,1.7781512503836436
CWE-706,1,0.20984970388567317,59,java,3,3.8614746688571686,3.9414120403735495,0.7598787371942296,0.272802311184482,1.7708520116421442
CWE-706,2,0.2248069458672172,60,java,3,3.8614746688571686,3.9414120403735495,0.7598787371942296,0.272802311184482,1.7781512503836436
CWE-706,3,0.26252570148982274,60,java,3,3.8614746688571686,3.9414120403735495,0.7598787371942296,0.272802311184482,1.7781512503836436
CWE-706,4,0.2906948217821818,59,java,3,3.8614746688571686,3.9414120403735495,0.7598787371942296,0.272802311184482,1.7708520116421442
CWE-74,0,-0.03344067719219716,286,java,3,3.8614746688571686,3.9414120403735495,0.7598787371942296,0.272802311184482,2.456366033129043
CWE-74,1,-0.038987007842723784,285,java,3,3.8614746688571686,3.9414120403735495,0.7598787371942296,0.272802311184482,2.45484486000851
CWE-74,2,-0.042441589085896285,285,java,3,3.8614746688571686,3.9414120403735495,0.7598787371942296,0.272802311184482,2.45484486000851
CWE-74,3,-0.026249233815098305,286,java,3,3.8614746688571686,3.9414120403735495,0.7598787371942296,0.272802311184482,2.456366033129043
CWE-74,4,-0.051350427890294786,285,java,3,3.8614746688571686,3.9414120403735495,0.7598787371942296,0.272802311184482,2.45484486000851
CWE-754,0,,5,java,3,3.8614746688571686,3.9414120403735495,0.7598787371942296,0.272802311184482,0.6989700043360189
CWE-754,1,,5,java,3,3.8614746688571686,3.9414120403735495,0.7598787371942296,0.272802311184482,0.6989700043360189
CWE-754,2,,5,java,3,3.8614746688571686,3.9414120403735495,0.7598787371942296,0.272802311184482,0.6989700043360189
CWE-754,3,,4,java,3,3.8614746688571686,3.9414120403735495,0.7598787371942296,0.272802311184482,0.6020599913279624
CWE-754,4,,4,java,3,3.8614746688571686,3.9414120403735495,0.7598787371942296,0.272802311184482,0.6020599913279624
CWE-807,0,,4,java,3,3.8614746688571686,3.9414120403735495,0.7598787371942296,0.272802311184482,0.6020599913279624
CWE-807,1,,4,java,3,3.8614746688571686,3.9414120403735495,0.7598787371942296,0.272802311184482,0.6020599913279624
CWE-807,2,,5,java,3,3.8614746688571686,3.9414120403735495,0.7598787371942296,0.272802311184482,0.6989700043360189
CWE-807,3,,5,java,3,3.8614746688571686,3.9414120403735495,0.7598787371942296,0.272802311184482,0.6989700043360189
CWE-807,4,,4,java,3,3.8614746688571686,3.9414120403735495,0.7598787371942296,0.272802311184482,0.6020599913279624
CWE-834,0,,5,java,3,3.8614746688571686,3.9414120403735495,0.7598787371942296,0.272802311184482,0.6989700043360189
CWE-834,1,,5,java,3,3.8614746688571686,3.9414120403735495,0.7598787371942296,0.272802311184482,0.6989700043360189
CWE-834,2,,6,java,3,3.8614746688571686,3.9414120403735495,0.7598787371942296,0.272802311184482,0.7781512503836436
CWE-834,3,,5,java,3,3.8614746688571686,3.9414120403735495,0.7598787371942296,0.272802311184482,0.6989700043360189
CWE-834,4,,5,java,3,3.8614746688571686,3.9414120403735495,0.7598787371942296,0.272802311184482,0.6989700043360189
CWE-913,0,,21,java,3,3.8614746688571686,3.9414120403735495,0.7598787371942296,0.272802311184482,1.3222192947339193
CWE-913,1,,21,java,3,3.8614746688571686,3.9414120403735495,0.7598787371942296,0.272802311184482,1.3222192947339193
CWE-913,2,,22,java,3,3.8614746688571686,3.9414120403735495,0.7598787371942296,0.272802311184482,1.3424226808222062
CWE-913,3,,22,java,3,3.8614746688571686,3.9414120403735495,0.7598787371942296,0.272802311184482,1.3424226808222062
CWE-913,4,,21,java,3,3.8614746688571686,3.9414120403735495,0.7598787371942296,0.272802311184482,1.3222192947339193
CWE-923,0,,66,java,3,3.8614746688571686,3.9414120403735495,0.7598787371942296,0.272802311184482,1.8195439355418688
CWE-923,1,,66,java,3,3.8614746688571686,3.9414120403735495,0.7598787371942296,0.272802311184482,1.8195439355418688
CWE-923,2,,66,java,3,3.8614746688571686,3.9414120403735495,0.7598787371942296,0.272802311184482,1.8195439355418688
CWE-923,3,,67,java,3,3.8614746688571686,3.9414120403735495,0.7598787371942296,0.272802311184482,1.8260748027008264
CWE-923,4,,66,java,3,3.8614746688571686,3.9414120403735495,0.7598787371942296,0.272802311184482,1.8195439355418688
CWE-116,0,,15,python,5,3.9439888750737717,4.0290589500845,0.7609072022160664,0.2524459613196814,1.1760912590556813
CWE-116,1,,15,python,5,3.9439888750737717,4.0290589500845,0.7609072022160664,0.2524459613196814,1.1760912590556813
CWE-116,2,,15,python,5,3.9439888750737717,4.0290589500845,0.7609072022160664,0.2524459613196814,1.1760912590556813
CWE-116,3,,15,python,5,3.9439888750737717,4.0290589500845,0.7609072022160664,0.2524459613196814,1.1760912590556813
CWE-116,4,,14,python,5,3.9439888750737717,4.0290589500845,0.7609072022160664,0.2524459613196814,1.146128035678238
CWE-185,0,,3,python,5,3.9439888750737717,4.0290589500845,0.7609072022160664,0.2524459613196814,0.47712125471966244
CWE-185,1,,3,python,5,3.9439888750737717,4.0290589500845,0.7609072022160664,0.2524459613196814,0.47712125471966244
CWE-185,2,,3,python,5,3.9439888750737717,4.0290589500845,0.7609072022160664,0.2524459613196814,0.47712125471966244
CWE-185,3,,3,python,5,3.9439888750737717,4.0290589500845,0.7609072022160664,0.2524459613196814,0.47712125471966244
CWE-185,4,,3,python,5,3.9439888750737717,4.0290589500845,0.7609072022160664,0.2524459613196814,0.47712125471966244
CWE-20,0,,92,python,5,3.9439888750737717,4.0290589500845,0.7609072022160664,0.2524459613196814,1.9637878273455553
CWE-20,1,,92,python,5,3.9439888750737717,4.0290589500845,0.7609072022160664,0.2524459613196814,1.9637878273455553
CWE-20,2,0.04375734224852389,92,python,5,3.9439888750737717,4.0290589500845,0.7609072022160664,0.2524459613196814,1.9637878273455553
CWE-20,3,,92,python,5,3.9439888750737717,4.0290589500845,0.7609072022160664,0.2524459613196814,1.9637878273455553
CWE-20,4,0.06050341272049327,92,python,5,3.9439888750737717,4.0290589500845,0.7609072022160664,0.2524459613196814,1.9637878273455553
CWE-285,0,-0.036375034758353894,73,python,5,3.9439888750737717,4.0290589500845,0.7609072022160664,0.2524459613196814,1.863322860120456
CWE-285,1,-0.02090665566514942,73,python,5,3.9439888750737717,4.0290589500845,0.7609072022160664,0.2524459613196814,1.863322860120456
CWE-285,2,-0.0003913498157940467,74,python,5,3.9439888750737717,4.0290589500845,0.7609072022160664,0.2524459613196814,1.8692317197309762
CWE-285,3,-0.013666532594394883,73,python,5,3.9439888750737717,4.0290589500845,0.7609072022160664,0.2524459613196814,1.863322860120456
CWE-285,4,0.0016257985569225928,73,python,5,3.9439888750737717,4.0290589500845,0.7609072022160664,0.2524459613196814,1.863322860120456
CWE-287,0,0.11844898475193096,197,python,5,3.9439888750737717,4.0290589500845,0.7609072022160664,0.2524459613196814,2.294466226161593
CWE-287,1,0.18671819389294678,197,python,5,3.9439888750737717,4.0290589500845,0.7609072022160664,0.2524459613196814,2.294466226161593
CWE-287,2,0.19647321854256838,197,python,5,3.9439888750737717,4.0290589500845,0.7609072022160664,0.2524459613196814,2.294466226161593
CWE-287,3,0.15249488099327022,197,python,5,3.9439888750737717,4.0290589500845,0.7609072022160664,0.2524459613196814,2.294466226161593
CWE-287,4,0.1400862466569548,196,python,5,3.9439888750737717,4.0290589500845,0.7609072022160664,0.2524459613196814,2.292256071356476
CWE-311,0,0.06824988754515385,78,python,5,3.9439888750737717,4.0290589500845,0.7609072022160664,0.2524459613196814,1.8920946026904804
CWE-311,1,,79,python,5,3.9439888750737717,4.0290589500845,0.7609072022160664,0.2524459613196814,1.8976270912904414
CWE-311,2,0.01870758944430468,79,python,5,3.9439888750737717,4.0290589500845,0.7609072022160664,0.2524459613196814,1.8976270912904414
CWE-311,3,0.058443846112322444,78,python,5,3.9439888750737717,4.0290589500845,0.7609072022160664,0.2524459613196814,1.8920946026904804
CWE-311,4,0.08625264753877003,78,python,5,3.9439888750737717,4.0290589500845,0.7609072022160664,0.2524459613196814,1.8920946026904804
CWE-326,0,-0.020883213620643742,11,python,5,3.9439888750737717,4.0290589500845,0.7609072022160664,0.2524459613196814,1.041392685158225
CWE-326,1,,10,python,5,3.9439888750737717,4.0290589500845,0.7609072022160664,0.2524459613196814,1.0
CWE-326,2,-0.07556660833256579,10,python,5,3.9439888750737717,4.0290589500845,0.7609072022160664,0.2524459613196814,1.0
CWE-326,3,,11,python,5,3.9439888750737717,4.0290589500845,0.7609072022160664,0.2524459613196814,1.041392685158225
CWE-326,4,,10,python,5,3.9439888750737717,4.0290589500845,0.7609072022160664,0.2524459613196814,1.0
CWE-327,0,-0.04799104901010057,33,python,5,3.9439888750737717,4.0290589500845,0.7609072022160664,0.2524459613196814,1.5185139398778875
CWE-327,1,-0.06334295557277231,33,python,5,3.9439888750737717,4.0290589500845,0.7609072022160664,0.2524459613196814,1.5185139398778875
CWE-327,2,-0.024905679214092882,32,python,5,3.9439888750737717,4.0290589500845,0.7609072022160664,0.2524459613196814,1.505149978319906
CWE-327,3,0.00562676501927444,33,python,5,3.9439888750737717,4.0290589500845,0.7609072022160664,0.2524459613196814,1.5185139398778875
CWE-327,4,-0.01650324939817003,32,python,5,3.9439888750737717,4.0290589500845,0.7609072022160664,0.2524459613196814,1.505149978319906
CWE-330,0,,30,python,5,3.9439888750737717,4.0290589500845,0.7609072022160664,0.2524459613196814,1.4771212547196624
CWE-330,1,0.2590885764199889,30,python,5,3.9439888750737717,4.0290589500845,0.7609072022160664,0.2524459613196814,1.4771212547196624
CWE-330,2,,30,python,5,3.9439888750737717,4.0290589500845,0.7609072022160664,0.2524459613196814,1.4771212547196624
CWE-330,3,0.4247501202264629,30,python,5,3.9439888750737717,4.0290589500845,0.7609072022160664,0.2524459613196814,1.4771212547196624
CWE-330,4,0.2500985786908615,30,python,5,3.9439888750737717,4.0290589500845,0.7609072022160664,0.2524459613196814,1.4771212547196624
CWE-345,0,,129,python,5,3.9439888750737717,4.0290589500845,0.7609072022160664,0.2524459613196814,2.110589710299249
CWE-345,1,,130,python,5,3.9439888750737717,4.0290589500845,0.7609072022160664,0.2524459613196814,2.113943352306837
CWE-345,2,,130,python,5,3.9439888750737717,4.0290589500845,0.7609072022160664,0.2524459613196814,2.113943352306837
CWE-345,3,,129,python,5,3.9439888750737717,4.0290589500845,0.7609072022160664,0.2524459613196814,2.110589710299249
CWE-345,4,,129,python,5,3.9439888750737717,4.0290589500845,0.7609072022160664,0.2524459613196814,2.110589710299249
CWE-400,0,,69,python,5,3.9439888750737717,4.0290589500845,0.7609072022160664,0.2524459613196814,1.8388490907372552
CWE-400,1,,69,python,5,3.9439888750737717,4.0290589500845,0.7609072022160664,0.2524459613196814,1.8388490907372552
CWE-400,2,,69,python,5,3.9439888750737717,4.0290589500845,0.7609072022160664,0.2524459613196814,1.8388490907372552
CWE-400,3,,68,python,5,3.9439888750737717,4.0290589500845,0.7609072022160664,0.2524459613196814,1.8325089127062364
CWE-400,4,,68,python,5,3.9439888750737717,4.0290589500845,0.7609072022160664,0.2524459613196814,1.8325089127062364
CWE-477,0,,5,python,5,3.9439888750737717,4.0290589500845,0.7609072022160664,0.2524459613196814,0.6989700043360189
CWE-477,1,,5,python,5,3.9439888750737717,4.0290589500845,0.7609072022160664,0.2524459613196814,0.6989700043360189
CWE-477,2,,6,python,5,3.9439888750737717,4.0290589500845,0.7609072022160664,0.2524459613196814,0.7781512503836436
CWE-477,3,,5,python,5,3.9439888750737717,4.0290589500845,0.7609072022160664,0.2524459613196814,0.6989700043360189
CWE-477,4,,5,python,5,3.9439888750737717,4.0290589500845,0.7609072022160664,0.2524459613196814,0.6989700043360189
CWE-489,0,,1,python,5,3.9439888750737717,4.0290589500845,0.7609072022160664,0.2524459613196814,0.0
CWE-489,1,,1,python,5,3.9439888750737717,4.0290589500845,0.7609072022160664,0.2524459613196814,0.0
CWE-489,2,,1,python,5,3.9439888750737717,4.0290589500845,0.7609072022160664,0.2524459613196814,0.0
CWE-489,3,,1,python,5,3.9439888750737717,4.0290589500845,0.7609072022160664,0.2524459613196814,0.0
CWE-489,4,,1,python,5,3.9439888750737717,4.0290589500845,0.7609072022160664,0.2524459613196814,0.0
CWE-573,0,,15,python,5,3.9439888750737717,4.0290589500845,0.7609072022160664,0.2524459613196814,1.1760912590556813
CWE-573,1,,15,python,5,3.9439888750737717,4.0290589500845,0.7609072022160664,0.2524459613196814,1.1760912590556813
CWE-573,2,,15,python,5,3.9439888750737717,4.0290589500845,0.7609072022160664,0.2524459613196814,1.1760912590556813
CWE-573,3,,16,python,5,3.9439888750737717,4.0290589500845,0.7609072022160664,0.2524459613196814,1.2041199826559248
CWE-573,4,,15,python,5,3.9439888750737717,4.0290589500845,0.7609072022160664,0.2524459613196814,1.1760912590556813
CWE-610,0,0.020052194806165262,96,python,5,3.9439888750737717,4.0290589500845,0.7609072022160664,0.2524459613196814,1.9822712330395684
CWE-610,1,0.07268649123406465,95,python,5,3.9439888750737717,4.0290589500845,0.7609072022160664,0.2524459613196814,1.9777236052888478
CWE-610,2,0.052423667099120864,96,python,5,3.9439888750737717,4.0290589500845,0.7609072022160664,0.2524459613196814,1.9822712330395684
CWE-610,3,0.0949456875196484,95,python,5,3.9439888750737717,4.0290589500845,0.7609072022160664,0.2524459613196814,1.9777236052888478
CWE-610,4,0.07691498125055526,95,python,5,3.9439888750737717,4.0290589500845,0.7609072022160664,0.2524459613196814,1.9777236052888478
CWE-668,0,0.09732914774284744,301,python,5,3.9439888750737717,4.0290589500845,0.7609072022160664,0.2524459613196814,2.478566495593843
CWE-668,1,0.10745542612034305,301,python,5,3.9439888750737717,4.0290589500845,0.7609072022160664,0.2524459613196814,2.478566495593843
CWE-668,2,0.08878674821210866,301,python,5,3.9439888750737717,4.0290589500845,0.7609072022160664,0.2524459613196814,2.478566495593843
CWE-668,3,0.09419833493075044,301,python,5,3.9439888750737717,4.0290589500845,0.7609072022160664,0.2524459613196814,2.478566495593843
CWE-668,4,0.0708058041117971,300,python,5,3.9439888750737717,4.0290589500845,0.7609072022160664,0.2524459613196814,2.4771212547196626
CWE-669,0,,50,python,5,3.9439888750737717,4.0290589500845,0.7609072022160664,0.2524459613196814,1.6989700043360187
CWE-669,1,,50,python,5,3.9439888750737717,4.0290589500845,0.7609072022160664,0.2524459613196814,1.6989700043360187
CWE-669,2,,50,python,5,3.9439888750737717,4.0290589500845,0.7609072022160664,0.2524459613196814,1.6989700043360187
CWE-669,3,,49,python,5,3.9439888750737717,4.0290589500845,0.7609072022160664,0.2524459613196814,1.6901960800285136
CWE-669,4,,49,python,5,3.9439888750737717,4.0290589500845,0.7609072022160664,0.2524459613196814,1.6901960800285136
CWE-704,0,,2,python,5,3.9439888750737717,4.0290589500845,0.7609072022160664,0.2524459613196814,0.3010299956639812
CWE-704,1,,2,python,5,3.9439888750737717,4.0290589500845,0.7609072022160664,0.2524459613196814,0.3010299956639812
CWE-704,2,,3,python,5,3.9439888750737717,4.0290589500845,0.7609072022160664,0.2524459613196814,0.47712125471966244
CWE-704,3,,2,python,5,3.9439888750737717,4.0290589500845,0.7609072022160664,0.2524459613196814,0.3010299956639812
CWE-704,4,,2,python,5,3.9439888750737717,4.0290589500845,0.7609072022160664,0.2524459613196814,0.3010299956639812
CWE-706,0,0.11803394365900538,101,python,5,3.9439888750737717,4.0290589500845,0.7609072022160664,0.2524459613196814,2.0043213737826426
CWE-706,1,0.030808445568062084,101,python,5,3.9439888750737717,4.0290589500845,0.7609072022160664,0.2524459613196814,2.0043213737826426
CWE-706,2,0.05520735795787398,101,python,5,3.9439888750737717,4.0290589500845,0.7609072022160664,0.2524459613196814,2.0043213737826426
CWE-706,3,0.04577695559258377,101,python,5,3.9439888750737717,4.0290589500845,0.7609072022160664,0.2524459613196814,2.0043213737826426
CWE-706,4,0.09698324530593244,101,python,5,3.9439888750737717,4.0290589500845,0.7609072022160664,0.2524459613196814,2.0043213737826426
CWE-74,0,-0.006094910785498869,336,python,5,3.9439888750737717,4.0290589500845,0.7609072022160664,0.2524459613196814,2.526339277389844
CWE-74,1,-0.008110322644772594,336,python,5,3.9439888750737717,4.0290589500845,0.7609072022160664,0.2524459613196814,2.526339277389844
CWE-74,2,-0.00885083476309058,336,python,5,3.9439888750737717,4.0290589500845,0.7609072022160664,0.2524459613196814,2.526339277389844
CWE-74,3,1.85971463005985e-05,336,python,5,3.9439888750737717,4.0290589500845,0.7609072022160664,0.2524459613196814,2.526339277389844
CWE-74,4,0.02598306621668563,335,python,5,3.9439888750737717,4.0290589500845,0.7609072022160664,0.2524459613196814,2.525044807036845
CWE-834,0,,12,python,5,3.9439888750737717,4.0290589500845,0.7609072022160664,0.2524459613196814,1.0791812460476249
CWE-834,1,,12,python,5,3.9439888750737717,4.0290589500845,0.7609072022160664,0.2524459613196814,1.0791812460476249
CWE-834,2,,13,python,5,3.9439888750737717,4.0290589500845,0.7609072022160664,0.2524459613196814,1.1139433523068367
CWE-834,3,,12,python,5,3.9439888750737717,4.0290589500845,0.7609072022160664,0.2524459613196814,1.0791812460476249
CWE-834,4,,13,python,5,3.9439888750737717,4.0290589500845,0.7609072022160664,0.2524459613196814,1.1139433523068367
CWE-913,0,-0.09271535454214397,41,python,5,3.9439888750737717,4.0290589500845,0.7609072022160664,0.2524459613196814,1.6127838567197355
CWE-913,1,-0.08016836939423803,41,python,5,3.9439888750737717,4.0290589500845,0.7609072022160664,0.2524459613196814,1.6127838567197355
CWE-913,2,-0.03982155002844661,41,python,5,3.9439888750737717,4.0290589500845,0.7609072022160664,0.2524459613196814,1.6127838567197355
CWE-913,3,-0.17263367563991489,41,python,5,3.9439888750737717,4.0290589500845,0.7609072022160664,0.2524459613196814,1.6127838567197355
CWE-913,4,-0.07222070466834243,41,python,5,3.9439888750737717,4.0290589500845,0.7609072022160664,0.2524459613196814,1.6127838567197355
CWE-923,0,,69,python,5,3.9439888750737717,4.0290589500845,0.7609072022160664,0.2524459613196814,1.8388490907372552
CWE-923,1,,69,python,5,3.9439888750737717,4.0290589500845,0.7609072022160664,0.2524459613196814,1.8388490907372552
CWE-923,2,,70,python,5,3.9439888750737717,4.0290589500845,0.7609072022160664,0.2524459613196814,1.845098040014257
CWE-923,3,,69,python,5,3.9439888750737717,4.0290589500845,0.7609072022160664,0.2524459613196814,1.8388490907372552
CWE-923,4,,69,python,5,3.9439888750737717,4.0290589500845,0.7609072022160664,0.2524459613196814,1.8388490907372552
CWE-1164,0,,15,c_cpp,6,4.382071100764085,5.382117945752491,0.9836353248449233,0.2044973654731776,1.1760912590556813
CWE-1164,1,,15,c_cpp,6,4.382071100764085,5.382117945752491,0.9836353248449233,0.2044973654731776,1.1760912590556813
CWE-1164,2,,14,c_cpp,6,4.382071100764085,5.382117945752491,0.9836353248449233,0.2044973654731776,1.146128035678238
CWE-1164,3,,15,c_cpp,6,4.382071100764085,5.382117945752491,0.9836353248449233,0.2044973654731776,1.1760912590556813
CWE-1164,4,,15,c_cpp,6,4.382071100764085,5.382117945752491,0.9836353248449233,0.2044973654731776,1.1760912590556813
CWE-118,0,0.1442181041896412,2117,c_cpp,6,4.382071100764085,5.382117945752491,0.9836353248449233,0.2044973654731776,3.325720858019412
CWE-118,1,0.12595612627918096,2117,c_cpp,6,4.382071100764085,5.382117945752491,0.9836353248449233,0.2044973654731776,3.325720858019412
CWE-118,2,0.151468805876516,2117,c_cpp,6,4.382071100764085,5.382117945752491,0.9836353248449233,0.2044973654731776,3.325720858019412
CWE-118,3,0.14831047409109344,2117,c_cpp,6,4.382071100764085,5.382117945752491,0.9836353248449233,0.2044973654731776,3.325720858019412
CWE-118,4,0.14601215052097405,2117,c_cpp,6,4.382071100764085,5.382117945752491,0.9836353248449233,0.2044973654731776,3.325720858019412
CWE-131,0,,4,c_cpp,6,4.382071100764085,5.382117945752491,0.9836353248449233,0.2044973654731776,0.6020599913279624
CWE-131,1,,4,c_cpp,6,4.382071100764085,5.382117945752491,0.9836353248449233,0.2044973654731776,0.6020599913279624
CWE-131,2,,4,c_cpp,6,4.382071100764085,5.382117945752491,0.9836353248449233,0.2044973654731776,0.6020599913279624
CWE-131,3,,4,c_cpp,6,4.382071100764085,5.382117945752491,0.9836353248449233,0.2044973654731776,0.6020599913279624
CWE-131,4,,4,c_cpp,6,4.382071100764085,5.382117945752491,0.9836353248449233,0.2044973654731776,0.6020599913279624
CWE-190,0,0.011207846143645709,281,c_cpp,6,4.382071100764085,5.382117945752491,0.9836353248449233,0.2044973654731776,2.44870631990508
CWE-190,1,0.02703836965413534,281,c_cpp,6,4.382071100764085,5.382117945752491,0.9836353248449233,0.2044973654731776,2.44870631990508
CWE-190,2,0.03119046114777364,281,c_cpp,6,4.382071100764085,5.382117945752491,0.9836353248449233,0.2044973654731776,2.44870631990508
CWE-190,3,0.014852048145176539,281,c_cpp,6,4.382071100764085,5.382117945752491,0.9836353248449233,0.2044973654731776,2.44870631990508
CWE-190,4,0.037461707457391795,282,c_cpp,6,4.382071100764085,5.382117945752491,0.9836353248449233,0.2044973654731776,2.450249108319361
CWE-191,0,,33,c_cpp,6,4.382071100764085,5.382117945752491,0.9836353248449233,0.2044973654731776,1.5185139398778875
CWE-191,1,,34,c_cpp,6,4.382071100764085,5.382117945752491,0.9836353248449233,0.2044973654731776,1.5314789170422551
CWE-191,2,,33,c_cpp,6,4.382071100764085,5.382117945752491,0.9836353248449233,0.2044973654731776,1.5185139398778875
CWE-191,3,,33,c_cpp,6,4.382071100764085,5.382117945752491,0.9836353248449233,0.2044973654731776,1.5185139398778875
CWE-191,4,,34,c_cpp,6,4.382071100764085,5.382117945752491,0.9836353248449233,0.2044973654731776,1.5314789170422551
CWE-20,0,0.027558157066350116,385,c_cpp,6,4.382071100764085,5.382117945752491,0.9836353248449233,0.2044973654731776,2.5854607295085006
CWE-20,1,0.012859673666915724,385,c_cpp,6,4.382071100764085,5.382117945752491,0.9836353248449233,0.2044973654731776,2.5854607295085006
CWE-20,2,0.023702721354177614,385,c_cpp,6,4.382071100764085,5.382117945752491,0.9836353248449233,0.2044973654731776,2.5854607295085006
CWE-20,3,0.019657979856296016,386,c_cpp,6,4.382071100764085,5.382117945752491,0.9836353248449233,0.2044973654731776,2.586587304671755
CWE-20,4,0.03418267497732687,385,c_cpp,6,4.382071100764085,5.382117945752491,0.9836353248449233,0.2044973654731776,2.5854607295085006
CWE-269,0,,24,c_cpp,6,4.382071100764085,5.382117945752491,0.9836353248449233,0.2044973654731776,1.380211241711606
CWE-269,1,,23,c_cpp,6,4.382071100764085,5.382117945752491,0.9836353248449233,0.2044973654731776,1.3617278360175928
CWE-269,2,,23,c_cpp,6,4.382071100764085,5.382117945752491,0.9836353248449233,0.2044973654731776,1.3617278360175928
CWE-269,3,,23,c_cpp,6,4.382071100764085,5.382117945752491,0.9836353248449233,0.2044973654731776,1.3617278360175928
CWE-269,4,,24,c_cpp,6,4.382071100764085,5.382117945752491,0.9836353248449233,0.2044973654731776,1.380211241711606
CWE-285,0,,56,c_cpp,6,4.382071100764085,5.382117945752491,0.9836353248449233,0.2044973654731776,1.7481880270062005
CWE-285,1,,57,c_cpp,6,4.382071100764085,5.382117945752491,0.9836353248449233,0.2044973654731776,1.7558748556724915
CWE-285,2,,57,c_cpp,6,4.382071100764085,5.382117945752491,0.9836353248449233,0.2044973654731776,1.7558748556724915
CWE-285,3,,57,c_cpp,6,4.382071100764085,5.382117945752491,0.9836353248449233,0.2044973654731776,1.7558748556724915
CWE-285,4,,56,c_cpp,6,4.382071100764085,5.382117945752491,0.9836353248449233,0.2044973654731776,1.7481880270062005
CWE-287,0,,64,c_cpp,6,4.382071100764085,5.382117945752491,0.9836353248449233,0.2044973654731776,1.806179973983887
CWE-287,1,,64,c_cpp,6,4.382071100764085,5.382117945752491,0.9836353248449233,0.2044973654731776,1.806179973983887
CWE-287,2,,63,c_cpp,6,4.382071100764085,5.382117945752491,0.9836353248449233,0.2044973654731776,1.7993405494535817
CWE-287,3,,64,c_cpp,6,4.382071100764085,5.382117945752491,0.9836353248449233,0.2044973654731776,1.806179973983887
CWE-287,4,,64,c_cpp,6,4.382071100764085,5.382117945752491,0.9836353248449233,0.2044973654731776,1.806179973983887
CWE-311,0,,8,c_cpp,6,4.382071100764085,5.382117945752491,0.9836353248449233,0.2044973654731776,0.9030899869919435
CWE-311,1,,8,c_cpp,6,4.382071100764085,5.382117945752491,0.9836353248449233,0.2044973654731776,0.9030899869919435
CWE-311,2,,8,c_cpp,6,4.382071100764085,5.382117945752491,0.9836353248449233,0.2044973654731776,0.9030899869919435
CWE-311,3,,9,c_cpp,6,4.382071100764085,5.382117945752491,0.9836353248449233,0.2044973654731776,0.9542425094393249
CWE-311,4,,8,c_cpp,6,4.382071100764085,5.382117945752491,0.9836353248449233,0.2044973654731776,0.9030899869919435
CWE-327,0,,4,c_cpp,6,4.382071100764085,5.382117945752491,0.9836353248449233,0.2044973654731776,0.6020599913279624
CWE-327,1,,5,c_cpp,6,4.382071100764085,5.382117945752491,0.9836353248449233,0.2044973654731776,0.6989700043360189
CWE-327,2,,4,c_cpp,6,4.382071100764085,5.382117945752491,0.9836353248449233,0.2044973654731776,0.6020599913279624
CWE-327,3,,4,c_cpp,6,4.382071100764085,5.382117945752491,0.9836353248449233,0.2044973654731776,0.6020599913279624
CWE-327,4,,5,c_cpp,6,4.382071100764085,5.382117945752491,0.9836353248449233,0.2044973654731776,0.6989700043360189
CWE-369,0,,54,c_cpp,6,4.382071100764085,5.382117945752491,0.9836353248449233,0.2044973654731776,1.7323937598229686
CWE-369,1,,55,c_cpp,6,4.382071100764085,5.382117945752491,0.9836353248449233,0.2044973654731776,1.7403626894942439
CWE-369,2,,55,c_cpp,6,4.382071100764085,5.382117945752491,0.9836353248449233,0.2044973654731776,1.7403626894942439
CWE-369,3,,55,c_cpp,6,4.382071100764085,5.382117945752491,0.9836353248449233,0.2044973654731776,1.7403626894942439
CWE-369,4,,55,c_cpp,6,4.382071100764085,5.382117945752491,0.9836353248449233,0.2044973654731776,1.7403626894942439
CWE-400,0,,116,c_cpp,6,4.382071100764085,5.382117945752491,0.9836353248449233,0.2044973654731776,2.0644579892269186
CWE-400,1,,116,c_cpp,6,4.382071100764085,5.382117945752491,0.9836353248449233,0.2044973654731776,2.0644579892269186
CWE-400,2,,115,c_cpp,6,4.382071100764085,5.382117945752491,0.9836353248449233,0.2044973654731776,2.060697840353612
CWE-400,3,,115,c_cpp,6,4.382071100764085,5.382117945752491,0.9836353248449233,0.2044973654731776,2.060697840353612
CWE-400,4,,116,c_cpp,6,4.382071100764085,5.382117945752491,0.9836353248449233,0.2044973654731776,2.0644579892269186
CWE-404,0,,245,c_cpp,6,4.382071100764085,5.382117945752491,0.9836353248449233,0.2044973654731776,2.3891660843645326
CWE-404,1,,245,c_cpp,6,4.382071100764085,5.382117945752491,0.9836353248449233,0.2044973654731776,2.3891660843645326
CWE-404,2,,246,c_cpp,6,4.382071100764085,5.382117945752491,0.9836353248449233,0.2044973654731776,2.3909351071033793
CWE-404,3,,246,c_cpp,6,4.382071100764085,5.382117945752491,0.9836353248449233,0.2044973654731776,2.3909351071033793
CWE-404,4,,245,c_cpp,6,4.382071100764085,5.382117945752491,0.9836353248449233,0.2044973654731776,2.3891660843645326
CWE-476,0,,336,c_cpp,6,4.382071100764085,5.382117945752491,0.9836353248449233,0.2044973654731776,2.526339277389844
CWE-476,1,,336,c_cpp,6,4.382071100764085,5.382117945752491,0.9836353248449233,0.2044973654731776,2.526339277389844
CWE-476,2,,337,c_cpp,6,4.382071100764085,5.382117945752491,0.9836353248449233,0.2044973654731776,2.5276299008713385
CWE-476,3,,337,c_cpp,6,4.382071100764085,5.382117945752491,0.9836353248449233,0.2044973654731776,2.5276299008713385
CWE-476,4,,337,c_cpp,6,4.382071100764085,5.382117945752491,0.9836353248449233,0.2044973654731776,2.5276299008713385
CWE-573,0,,11,c_cpp,6,4.382071100764085,5.382117945752491,0.9836353248449233,0.2044973654731776,1.041392685158225
CWE-573,1,,11,c_cpp,6,4.382071100764085,5.382117945752491,0.9836353248449233,0.2044973654731776,1.041392685158225
CWE-573,2,,11,c_cpp,6,4.382071100764085,5.382117945752491,0.9836353248449233,0.2044973654731776,1.041392685158225
CWE-573,3,,10,c_cpp,6,4.382071100764085,5.382117945752491,0.9836353248449233,0.2044973654731776,1.0
CWE-573,4,,11,c_cpp,6,4.382071100764085,5.382117945752491,0.9836353248449233,0.2044973654731776,1.041392685158225
CWE-662,0,-0.002801875292867775,159,c_cpp,6,4.382071100764085,5.382117945752491,0.9836353248449233,0.2044973654731776,2.2013971243204513
CWE-662,1,,159,c_cpp,6,4.382071100764085,5.382117945752491,0.9836353248449233,0.2044973654731776,2.2013971243204513
CWE-662,2,-0.002944318828249361,159,c_cpp,6,4.382071100764085,5.382117945752491,0.9836353248449233,0.2044973654731776,2.2013971243204513
CWE-662,3,,159,c_cpp,6,4.382071100764085,5.382117945752491,0.9836353248449233,0.2044973654731776,2.2013971243204513
CWE-662,4,,159,c_cpp,6,4.382071100764085,5.382117945752491,0.9836353248449233,0.2044973654731776,2.2013971243204513
CWE-665,0,,28,c_cpp,6,4.382071100764085,5.382117945752491,0.9836353248449233,0.2044973654731776,1.4471580313422192
CWE-665,1,-0.0756376027308127,28,c_cpp,6,4.382071100764085,5.382117945752491,0.9836353248449233,0.2044973654731776,1.4471580313422192
CWE-665,2,,28,c_cpp,6,4.382071100764085,5.382117945752491,0.9836353248449233,0.2044973654731776,1.4471580313422192
CWE-665,3,,29,c_cpp,6,4.382071100764085,5.382117945752491,0.9836353248449233,0.2044973654731776,1.462397997898956
CWE-665,4,,28,c_cpp,6,4.382071100764085,5.382117945752491,0.9836353248449233,0.2044973654731776,1.4471580313422192
CWE-666,0,,6,c_cpp,6,4.382071100764085,5.382117945752491,0.9836353248449233,0.2044973654731776,0.7781512503836436
CWE-666,1,,6,c_cpp,6,4.382071100764085,5.382117945752491,0.9836353248449233,0.2044973654731776,0.7781512503836436
CWE-666,2,,5,c_cpp,6,4.382071100764085,5.382117945752491,0.9836353248449233,0.2044973654731776,0.6989700043360189
CWE-666,3,,6,c_cpp,6,4.382071100764085,5.382117945752491,0.9836353248449233,0.2044973654731776,0.7781512503836436
CWE-666,4,,6,c_cpp,6,4.382071100764085,5.382117945752491,0.9836353248449233,0.2044973654731776,0.7781512503836436
CWE-668,0,0.06595981750174632,273,c_cpp,6,4.382071100764085,5.382117945752491,0.9836353248449233,0.2044973654731776,2.436162647040756
CWE-668,1,,272,c_cpp,6,4.382071100764085,5.382117945752491,0.9836353248449233,0.2044973654731776,2.4345689040341987
CWE-668,2,,273,c_cpp,6,4.382071100764085,5.382117945752491,0.9836353248449233,0.2044973654731776,2.436162647040756
CWE-668,3,,273,c_cpp,6,4.382071100764085,5.382117945752491,0.9836353248449233,0.2044973654731776,2.436162647040756
CWE-668,4,0.06669824999090364,273,c_cpp,6,4.382071100764085,5.382117945752491,0.9836353248449233,0.2044973654731776,2.436162647040756
CWE-669,0,,4,c_cpp,6,4.382071100764085,5.382117945752491,0.9836353248449233,0.2044973654731776,0.6020599913279624
CWE-669,1,,4,c_cpp,6,4.382071100764085,5.382117945752491,0.9836353248449233,0.2044973654731776,0.6020599913279624
CWE-669,2,,4,c_cpp,6,4.382071100764085,5.382117945752491,0.9836353248449233,0.2044973654731776,0.6020599913279624
CWE-669,3,,5,c_cpp,6,4.382071100764085,5.382117945752491,0.9836353248449233,0.2044973654731776,0.6989700043360189
CWE-669,4,,4,c_cpp,6,4.382071100764085,5.382117945752491,0.9836353248449233,0.2044973654731776,0.6020599913279624
CWE-670,0,,2,c_cpp,6,4.382071100764085,5.382117945752491,0.9836353248449233,0.2044973654731776,0.3010299956639812
CWE-670,1,,2,c_cpp,6,4.382071100764085,5.382117945752491,0.9836353248449233,0.2044973654731776,0.3010299956639812
CWE-670,2,,2,c_cpp,6,4.382071100764085,5.382117945752491,0.9836353248449233,0.2044973654731776,0.3010299956639812
CWE-670,3,,2,c_cpp,6,4.382071100764085,5.382117945752491,0.9836353248449233,0.2044973654731776,0.3010299956639812
CWE-670,4,,2,c_cpp,6,4.382071100764085,5.382117945752491,0.9836353248449233,0.2044973654731776,0.3010299956639812
CWE-704,0,,88,c_cpp,6,4.382071100764085,5.382117945752491,0.9836353248449233,0.2044973654731776,1.9444826721501687
CWE-704,1,,88,c_cpp,6,4.382071100764085,5.382117945752491,0.9836353248449233,0.2044973654731776,1.9444826721501687
CWE-704,2,,88,c_cpp,6,4.382071100764085,5.382117945752491,0.9836353248449233,0.2044973654731776,1.9444826721501687
CWE-704,3,,88,c_cpp,6,4.382071100764085,5.382117945752491,0.9836353248449233,0.2044973654731776,1.9444826721501687
CWE-704,4,,88,c_cpp,6,4.382071100764085,5.382117945752491,0.9836353248449233,0.2044973654731776,1.9444826721501687
CWE-705,0,,53,c_cpp,6,4.382071100764085,5.382117945752491,0.9836353248449233,0.2044973654731776,1.7242758696007892
CWE-705,1,,53,c_cpp,6,4.382071100764085,5.382117945752491,0.9836353248449233,0.2044973654731776,1.7242758696007892
CWE-705,2,,53,c_cpp,6,4.382071100764085,5.382117945752491,0.9836353248449233,0.2044973654731776,1.7242758696007892
CWE-705,3,,53,c_cpp,6,4.382071100764085,5.382117945752491,0.9836353248449233,0.2044973654731776,1.7242758696007892
CWE-705,4,,52,c_cpp,6,4.382071100764085,5.382117945752491,0.9836353248449233,0.2044973654731776,1.7160033436347992
CWE-706,0,,161,c_cpp,6,4.382071100764085,5.382117945752491,0.9836353248449233,0.2044973654731776,2.2068258760318495
CWE-706,1,,162,c_cpp,6,4.382071100764085,5.382117945752491,0.9836353248449233,0.2044973654731776,2.2095150145426308
CWE-706,2,,161,c_cpp,6,4.382071100764085,5.382117945752491,0.9836353248449233,0.2044973654731776,2.2068258760318495
CWE-706,3,,162,c_cpp,6,4.382071100764085,5.382117945752491,0.9836353248449233,0.2044973654731776,2.2095150145426308
CWE-706,4,,161,c_cpp,6,4.382071100764085,5.382117945752491,0.9836353248449233,0.2044973654731776,2.2068258760318495
CWE-74,0,,188,c_cpp,6,4.382071100764085,5.382117945752491,0.9836353248449233,0.2044973654731776,2.27415784926368
CWE-74,1,,188,c_cpp,6,4.382071100764085,5.382117945752491,0.9836353248449233,0.2044973654731776,2.27415784926368
CWE-74,2,,187,c_cpp,6,4.382071100764085,5.382117945752491,0.9836353248449233,0.2044973654731776,2.271841606536499
CWE-74,3,,188,c_cpp,6,4.382071100764085,5.382117945752491,0.9836353248449233,0.2044973654731776,2.27415784926368
CWE-74,4,,187,c_cpp,6,4.382071100764085,5.382117945752491,0.9836353248449233,0.2044973654731776,2.271841606536499
CWE-754,0,,34,c_cpp,6,4.382071100764085,5.382117945752491,0.9836353248449233,0.2044973654731776,1.5314789170422551
CWE-754,1,,34,c_cpp,6,4.382071100764085,5.382117945752491,0.9836353248449233,0.2044973654731776,1.5314789170422551
CWE-754,2,,33,c_cpp,6,4.382071100764085,5.382117945752491,0.9836353248449233,0.2044973654731776,1.5185139398778875
CWE-754,3,,33,c_cpp,6,4.382071100764085,5.382117945752491,0.9836353248449233,0.2044973654731776,1.5185139398778875
CWE-754,4,,33,c_cpp,6,4.382071100764085,5.382117945752491,0.9836353248449233,0.2044973654731776,1.5185139398778875
CWE-834,0,,70,c_cpp,6,4.382071100764085,5.382117945752491,0.9836353248449233,0.2044973654731776,1.845098040014257
CWE-834,1,,71,c_cpp,6,4.382071100764085,5.382117945752491,0.9836353248449233,0.2044973654731776,1.8512583487190752
CWE-834,2,,70,c_cpp,6,4.382071100764085,5.382117945752491,0.9836353248449233,0.2044973654731776,1.845098040014257
CWE-834,3,,70,c_cpp,6,4.382071100764085,5.382117945752491,0.9836353248449233,0.2044973654731776,1.845098040014257
CWE-834,4,,70,c_cpp,6,4.382071100764085,5.382117945752491,0.9836353248449233,0.2044973654731776,1.845098040014257
