fold,strategy,tp,fp,tn,fn,support,positive_support,negative_support,precision,recall,specificity,npv,fpr,fnr,accuracy,balanced_accuracy,f1,f2,mcc,roc_auc,pr_auc
0,dst_dempster,150,816,134079,5667,140712,5817,134895,0.15527950310559005,0.025786487880350695,0.9939508506616257,0.9594478553947877,0.0060491493383742915,0.9742135121196493,0.953927170390585,0.5098686692709882,0.0442282176028306,0.03094825451844516,0.04758584573955422,0.6511979267991265,0.09957371332669976
0,dst_pcr6,150,816,134079,5667,140712,5817,134895,0.15527950310559005,0.025786487880350695,0.9939508506616257,0.9594478553947877,0.0060491493383742915,0.9742135121196493,0.953927170390585,0.5098686692709882,0.0442282176028306,0.03094825451844516,0.04758584573955422,0.6597464395279061,0.10499970313079494
0,logistic_regression,2316,41321,93574,3501,140712,5817,134895,0.05307422600087082,0.39814337287261475,0.6936802698395048,0.96393510172547,0.3063197301604952,0.6018566271273853,0.6814628460969925,0.5459118213560598,0.09366279775144579,0.17308123458635377,0.03952035465322735,0.584485552573528,0.07952174270013516
0,naive_bayes,140,143,134752,5677,140712,5817,134895,0.49469964664310956,0.024067388688327317,0.9989399162311428,0.9595738771906088,0.0010600837688572594,0.9759326113116726,0.9586389220535562,0.5115036524597351,0.0459016393442623,0.029722729395779378,0.10223311342067454,0.7361946168370419,0.13259948818503847
0,traditional_2_of_5,134,178,134717,5683,140712,5817,134895,0.42948717948717946,0.023035929173113288,0.998680455168835,0.959522792022792,0.0013195448311649801,0.9769640708268867,0.9583475467621809,0.5108581921709742,0.04372654592918909,0.028413910093299407,0.09191240424535148,0.5289095958174717,0.052840910766721684
0,traditional_2_of_supported,134,178,134717,5683,140712,5817,134895,0.42948717948717946,0.023035929173113288,0.998680455168835,0.959522792022792,0.0013195448311649801,0.9769640708268867,0.9583475467621809,0.5108581921709742,0.04372654592918909,0.028413910093299407,0.09191240424535148,0.5288172140687194,0.04474253709611377
0,weighted_fire_ppv_silence_npv,194,494,134401,5623,140712,5817,134895,0.2819767441860465,0.03335052432525357,0.9963378924348567,0.9598425984117008,0.0036621075651432594,0.9666494756747465,0.9565282278696913,0.5148442083800552,0.059646425826287465,0.04049089998330272,0.08473035715549546,0.5296434547240128,0.05207698220962594
0,weighted_fire_ppv_silence_sensitivity,374,1099,133796,5443,140712,5817,134895,0.25390359809911744,0.0642943097816744,0.9918529226435375,0.9609089407421771,0.008147077356462433,0.9357056902183256,0.9535078742395816,0.528073616212606,0.10260631001371742,0.07558304029748192,0.10982317399425333,0.5296079570047169,0.05068750523952447
0,weighted_fire_specificity_silence_npv,281,1045,133850,5536,140712,5817,134895,0.2119155354449472,0.04830668729585697,0.9922532339968123,0.9602829552465815,0.007746766003187664,0.951693312704143,0.9532307123770538,0.5202799606463346,0.07867842643147135,0.0571277547369277,0.0835724669323866,0.5288400519182102,0.04518655602346266
0,weighted_fire_specificity_silence_sensitivity,428,2162,132733,5389,140712,5817,134895,0.16525096525096525,0.07357744541860066,0.9839727195225917,0.960983767973241,0.016027280477408354,0.9264225545813993,0.9463371993859798,0.5287750824705961,0.10181991197811349,0.08275968752417048,0.08523397044817566,0.5287884865888375,0.044239672575177816
1,dst_dempster,149,783,134195,5717,140844,5866,134978,0.15987124463519314,0.025400613706102967,0.9941990546607595,0.9591386014065985,0.005800945339240469,0.9745993862938971,0.9538496492573344,0.5097998341834312,0.043836422477199176,0.030537793080832928,0.048296516590852365,0.6645336040593894,0.10499432816433715
1,dst_pcr6,153,786,134192,5713,140844,5866,134978,0.16293929712460065,0.02608250937606546,0.9941768288165479,0.95916514777885,0.005823171183452118,0.9739174906239345,0.9538567493112947,0.5101296690963066,0.0449669360764144,0.031348604679752486,0.04973686001468456,0.6713835503907578,0.10965027974861366
1,logistic_regression,2274,37251,97727,3592,140844,5866,134978,0.057533206831119545,0.3876576883736788,0.7240216924239505,0.9645476169326582,0.2759783075760494,0.6123423116263211,0.7100124960949703,0.5558396903988146,0.10019607411160801,0.18050770769499436,0.04965856145157936,0.5898023237103704,0.0787846413382231
1,naive_bayes,155,156,134822,5711,140844,5866,134978,0.4983922829581994,0.02642345721104671,0.9988442561009943,0.9593618580689233,0.0011557438990057638,0.9735765427889533,0.958343983414274,0.5126338566560205,0.050186174518374614,0.03259726603575184,0.1075472008137492,0.7319531057976404,0.13117636358040663
1,traditional_2_of_5,144,178,134800,5722,140844,5866,134978,0.4472049689440994,0.024548244118649847,0.9986812665767755,0.9592803973755,0.0013187334232245254,0.9754517558813501,0.9581096816335805,0.5116147553477126,0.046541693600517124,0.03026990666778778,0.09717230142615235,0.5268165450982789,0.051390024682480204
1,traditional_2_of_supported,144,178,134800,5722,140844,5866,134978,0.4472049689440994,0.024548244118649847,0.9986812665767755,0.9592803973755,0.0013187334232245254,0.9754517558813501,0.9581096816335805,0.5116147553477126,0.046541693600517124,0.03026990666778778,0.09717230142615235,0.526727612672994,0.04265452863307982
1,weighted_fire_ppv_silence_npv,193,574,134404,5673,140844,5866,134978,0.2516297262059974,0.032901466075690416,0.9957474551408377,0.9595008459632917,0.004252544859162234,0.9670985339243096,0.9556459629093181,0.5143244606082641,0.058193879089401476,0.0398250175395155,0.07777315172010504,0.5276232821151438,0.04775202757294365
1,weighted_fire_ppv_silence_sensitivity,355,1201,133777,5511,140844,5866,134978,0.22814910025706941,0.0605182407091715,0.991102253700603,0.9604344954339211,0.00889774629939694,0.9394817592908286,0.9523444378177274,0.5258102472048872,0.0956615467528968,0.07094324540367705,0.09866498085512386,0.5275840749328058,0.046491397745649074
1,weighted_fire_specificity_silence_npv,276,1029,133949,5590,140844,5866,134978,0.21149425287356322,0.0470508012274122,0.9923765354354043,0.9599395151176373,0.007623464564595712,0.9529491987725878,0.9530047428360455,0.5197136683314082,0.0769767117556826,0.05571480479631798,0.08221421340598133,0.5267473454034158,0.04301902289656698
1,weighted_fire_specificity_silence_sensitivity,405,2117,132861,5461,140844,5866,134978,0.16058683584456782,0.0690419365837027,0.9843159626013128,0.9605196570321424,0.015684037398687192,0.9309580634162973,0.9461957910880122,0.5266789495925077,0.09656652360515022,0.07792657584853382,0.08038649163613437,0.526697070134605,0.042047879142391095
2,dst_dempster,119,819,134925,5707,141570,5826,135744,0.12686567164179105,0.020425677995193958,0.9939665841584159,0.9594189089254224,0.006033415841584159,0.9795743220048061,0.9539026629935721,0.507196131076805,0.03518628030751035,0.024544179523141654,0.035239612701299675,0.6466326547736795,0.09503954282052642
2,dst_pcr6,119,819,134925,5707,141570,5826,135744,0.12686567164179105,0.020425677995193958,0.9939665841584159,0.9594189089254224,0.006033415841584159,0.9795743220048061,0.9539026629935721,0.507196131076805,0.03518628030751035,0.024544179523141654,0.035239612701299675,0.6553153561365406,0.099736710754779
2,logistic_regression,2196,35334,100410,3630,141570,5826,135744,0.05851318944844125,0.3769309989701339,0.7397012022630834,0.9651095732410612,0.26029879773691655,0.6230690010298661,0.7247721974994702,0.5583161006166086,0.1013008580127318,0.18049117269947726,0.05248975911248383,0.5944306761253954,0.07967506269591472
2,naive_bayes,125,129,135615,5701,141570,5826,135744,0.4921259842519685,0.021455544112598694,0.9990496817538896,0.9596577882193099,0.0009503182461103253,0.9785444558874014,0.9588189588189588,0.5102526129332442,0.04111842105263158,0.02653026572714152,0.09624930284078817,0.7323657985557273,0.12941924561837526
2,traditional_2_of_5,119,182,135562,5707,141570,5826,135744,0.3953488372093023,0.020425677995193958,0.9986592409240924,0.9596018942584714,0.0013407590759075907,0.9795743220048061,0.9584022038567493,0.5095424594596432,0.03884445895217888,0.02520652404151663,0.08230556439514798,0.5258877818091137,0.0492515175178062
2,traditional_2_of_supported,119,182,135562,5707,141570,5826,135744,0.3953488372093023,0.020425677995193958,0.9986592409240924,0.9596018942584714,0.0013407590759075907,0.9795743220048061,0.9584022038567493,0.5095424594596432,0.03884445895217888,0.02520652404151663,0.08230556439514798,0.5257776122433488,0.04265151971731053
2,weighted_fire_ppv_silence_npv,159,583,135161,5667,141570,5826,135744,0.21428571428571427,0.02729145211122554,0.9957051508722301,0.9597594228420484,0.0042948491277699195,0.9727085478887745,0.9558522285795014,0.5114983014917278,0.048416565164433614,0.03306163187224487,0.06326489484483676,0.526873140443642,0.04808179502651584
2,weighted_fire_ppv_silence_sensitivity,338,1177,134567,5488,141570,5826,135744,0.22310231023102312,0.058015791280466876,0.9913292668552569,0.9608153939523758,0.008670733144743046,0.9419842087195331,0.9529208165571802,0.5246725290678619,0.09208554692821143,0.0680929932712841,0.0952650502814053,0.5268252789514092,0.04669322849162477
2,weighted_fire_specificity_silence_npv,259,1146,134598,5567,141570,5826,135744,0.18434163701067616,0.044455887401304496,0.9915576379066479,0.9602825241679449,0.008442362093352192,0.9555441125986955,0.9525817616726707,0.5180067626539762,0.07163601161665054,0.05241005301711927,0.07216942488857482,0.5257990292210956,0.04308371717260266
2,weighted_fire_specificity_silence_sensitivity,391,2146,133598,5435,141570,5826,135744,0.1541190382341348,0.06711294198420872,0.9841908297972655,0.9609085612768191,0.01580917020273456,0.9328870580157913,0.9464505191777919,0.5256518858907371,0.0935071146717685,0.07565496691304517,0.07682024286528123,0.5257546273215485,0.042326985926942166
3,dst_dempster,120,869,134769,5746,141504,5866,135638,0.12133468149646107,0.020456870098874872,0.9935932408322151,0.9591075685869836,0.006406759167784839,0.9795431299011251,0.9532522048846676,0.507025055465545,0.0350109409190372,0.0245368666421298,0.03361878250649306,0.6456545393054929,0.09477092677215118
3,dst_pcr6,120,869,134769,5746,141504,5866,135638,0.12133468149646107,0.020456870098874872,0.9935932408322151,0.9591075685869836,0.006406759167784839,0.9795431299011251,0.9532522048846676,0.507025055465545,0.0350109409190372,0.0245368666421298,0.03361878250649306,0.653373562293855,0.09972078904902547
3,logistic_regression,2094,33495,102143,3772,141504,5866,135638,0.05883840512517913,0.3569723832253665,0.7530559282796856,0.964386536373507,0.24694407172031438,0.6430276167746335,0.7366364201718679,0.5550141557525261,0.10102520805692919,0.1772983591011464,0.050550975241869044,0.5898629273220364,0.07834279369170619
3,naive_bayes,140,139,135499,5726,141504,5866,135638,0.5017921146953405,0.02386634844868735,0.9989752134357628,0.959454770755886,0.0010247865642371607,0.9761336515513126,0.958552408412483,0.5114207809422251,0.04556550040683482,0.029482373752263827,0.10264306736474753,0.7286858630752912,0.12869303025338943
3,traditional_2_of_5,138,179,135459,5728,141504,5866,135638,0.4353312302839117,0.0235254006137061,0.9986803108273493,0.9594296925354318,0.001319689172650732,0.9764745993862939,0.9582555970149254,0.5111028557205277,0.044638524987869965,0.02901475968209916,0.09362663691669733,0.5262136024084524,0.05148830121074196
3,traditional_2_of_supported,138,179,135459,5728,141504,5866,135638,0.4353312302839117,0.0235254006137061,0.9986803108273493,0.9594296925354318,0.001319689172650732,0.9764745993862939,0.9582555970149254,0.5111028557205277,0.044638524987869965,0.02901475968209916,0.09362663691669733,0.5260810640214811,0.04298175928501765
3,weighted_fire_ppv_silence_npv,170,642,134996,5696,141504,5866,135638,0.20935960591133004,0.028980565973406067,0.9952668131349621,0.9595144002501919,0.004733186865037821,0.971019434026594,0.9552097467209407,0.5121236895541841,0.050913447139862233,0.0350140056022409,0.06399024963967041,0.5271048595752054,0.04784208508222043
3,weighted_fire_ppv_silence_sensitivity,342,1264,134374,5524,141504,5866,135638,0.2129514321295143,0.05830207978179339,0.9906810775741312,0.9605140888361521,0.009318922425868856,0.9416979202182066,0.9520296246042514,0.5244915786779623,0.09154175588865097,0.06820901475867572,0.09217857077048147,0.5270655509578309,0.04673990250987974
3,weighted_fire_specificity_silence_npv,250,1127,134511,5616,141504,5866,135638,0.18155410312273057,0.04261847937265598,0.9916911190079476,0.9599220706930142,0.008308880992052375,0.957381520627344,0.9523476368159204,0.5171547991903018,0.0690321689907497,0.05032003542530494,0.0696705870797905,0.526095966884076,0.04321687992370148
3,weighted_fire_specificity_silence_sensitivity,401,2199,133439,5465,141504,5866,135638,0.15423076923076923,0.06836004091374019,0.9837877291024639,0.9606562805966711,0.016212270897536088,0.9316399590862599,0.945838986883763,0.526073885008102,0.09473186865107489,0.07692602823818293,0.07740221865193232,0.526045169583001,0.04242219104690747
4,dst_dempster,135,832,134395,5680,141042,5815,135227,0.13960703205791106,0.023215821152192607,0.9938473825493429,0.9594502944850972,0.006152617450657043,0.9767841788478074,0.9538293557947278,0.5085316018507677,0.03981126511353583,0.027861476864655135,0.04111247184167934,0.6520819865829758,0.1000854949690261
4,dst_pcr6,135,832,134395,5680,141042,5815,135227,0.13960703205791106,0.023215821152192607,0.9938473825493429,0.9594502944850972,0.006152617450657043,0.9767841788478074,0.9538293557947278,0.5085316018507677,0.03981126511353583,0.027861476864655135,0.04111247184167934,0.6600531798380279,0.10493998066771101
4,logistic_regression,2249,35298,99929,3566,141042,5815,135227,0.059898260846405836,0.38675838349097164,0.738972246666716,0.965544229189816,0.26102775333328404,0.6132416165090284,0.7244508727896655,0.5628653150788439,0.10373137770398044,0.1849293666847567,0.05655882163760885,0.588325694266984,0.07889485592892999
4,naive_bayes,149,132,135095,5666,141042,5815,135227,0.5302491103202847,0.025623387790197766,0.99902386357754,0.9597473732070673,0.0009761364224600117,0.9743766122098022,0.958891677656301,0.5123236256838689,0.04888451443569554,0.03164691389490676,0.10989570737206353,0.7356958915253744,0.1331921098351182
4,traditional_2_of_5,144,198,135029,5671,141042,5815,135227,0.42105263157894735,0.02476354256233878,0.99853579536631,0.9596943852167733,0.0014642046336900175,0.9752364574376612,0.9583882815048,0.5116496689643244,0.04677602728601592,0.030505889331412593,0.09418680061265698,0.5276976433518517,0.05279782748398617
4,traditional_2_of_supported,144,198,135029,5671,141042,5815,135227,0.42105263157894735,0.02476354256233878,0.99853579536631,0.9596943852167733,0.0014642046336900175,0.9752364574376612,0.9583882815048,0.5116496689643244,0.04677602728601592,0.030505889331412593,0.09418680061265698,0.5275766869022077,0.04323277229713971
4,weighted_fire_ppv_silence_npv,182,597,134630,5633,141042,5815,135227,0.2336328626444159,0.03129836629406707,0.9955852011802376,0.9598397296507276,0.004414798819762326,0.968701633705933,0.95582876022745,0.5134417837371523,0.055201698513800426,0.037855152044594206,0.07211957771226299,0.5282396433611224,0.04797363036263005
4,weighted_fire_ppv_silence_sensitivity,353,1224,134003,5462,141042,5815,135227,0.2238427393785669,0.06070507308684437,0.9909485531735526,0.9608360520560714,0.00905144682644738,0.9392949269131556,0.9525956807192184,0.5258268131301985,0.09550865800865802,0.07106333293070823,0.09766948996993183,0.5281936209412305,0.04653642667659389
4,weighted_fire_specificity_silence_npv,268,1082,134145,5547,141042,5815,135227,0.1985185185185185,0.04608770421324162,0.9919986393249869,0.9602912120951809,0.008001360675013126,0.9539122957867584,0.9529998156577474,0.5190431717691143,0.07480809490579206,0.054449410808614394,0.07777198697067522,0.5275977794250757,0.04360672793873184
4,weighted_fire_specificity_silence_sensitivity,415,2200,133027,5400,141042,5815,135227,0.1586998087954111,0.07136715391229578,0.9837310596256664,0.9609902692393825,0.01626894037433353,0.9286328460877042,0.9461153415294735,0.5275491067689811,0.09845788849347568,0.08019323671497584,0.08120781660613972,0.5275546495014615,0.04282224633027549
