fold,strategy,tp,fp,tn,fn,support,positive_support,negative_support,precision,recall,specificity,npv,fpr,fnr,accuracy,balanced_accuracy,f1,f2,mcc,roc_auc,pr_auc,cwe_attribution_acc
0,dst_dempster,407,178,521,1026,2132,1433,699,0.6957264957264957,0.2840195394277739,0.7453505007153076,0.3367808661926309,0.25464949928469244,0.7159804605722261,0.4352720450281426,0.5146850200715407,0.40336967294350845,0.32214658857052403,0.030898908144308714,0.5364801875273918,0.6921233357562933,0.29975429975429974
0,dst_pcr6,407,178,521,1026,2132,1433,699,0.6957264957264957,0.2840195394277739,0.7453505007153076,0.3367808661926309,0.25464949928469244,0.7159804605722261,0.4352720450281426,0.5146850200715407,0.40336967294350845,0.32214658857052403,0.030898908144308714,0.5417693704594441,0.6991300296023338,0.29975429975429974
0,logistic_regression,1433,699,0,0,2132,1433,699,0.6721388367729831,1.0,0.0,,1.0,0.0,0.6721388367729831,0.5,0.8039270687237027,0.9111139369277722,,0.6218568646067006,0.75682679920061,0.7543614794138171
0,naive_bayes,212,30,669,1221,2132,1433,699,0.8760330578512396,0.1479413817166783,0.9570815450643777,0.353968253968254,0.04291845493562232,0.8520586182833217,0.41322701688555347,0.552511463390528,0.2531343283582089,0.17743555406762643,0.1554201110885123,0.585929255930364,0.7273951602663238,0.5990566037735849
0,traditional_2_of_5,228,44,655,1205,2132,1433,699,0.8382352941176471,0.15910676901605025,0.9370529327610873,0.3521505376344086,0.06294706723891273,0.8408932309839497,0.41416510318949346,0.5480798508885687,0.2674486803519062,0.189873417721519,0.13530500657355568,0.565373023170375,0.6932650736935904,0.5789473684210527
0,traditional_2_of_supported,228,44,655,1205,2132,1433,699,0.8382352941176471,0.15910676901605025,0.9370529327610873,0.3521505376344086,0.06294706723891273,0.8408932309839497,0.41416510318949346,0.5480798508885687,0.2674486803519062,0.189873417721519,0.13530500657355568,0.539461218149345,0.6443927736991241,0.5789473684210527
0,weighted_fire_ppv_silence_npv,340,75,624,1093,2132,1433,699,0.8192771084337349,0.23726448011165388,0.8927038626609443,0.36342457775189285,0.1072961373390558,0.7627355198883461,0.4521575984990619,0.5649841713862991,0.367965367965368,0.27655767040832924,0.15409553976447637,0.5976881538475362,0.7115451471354785,0.49411764705882355
0,weighted_fire_ppv_silence_sensitivity,581,136,563,852,2132,1433,699,0.810320781032078,0.4054431263084438,0.8054363376251789,0.3978798586572438,0.19456366237482117,0.5945568736915562,0.5365853658536586,0.6054397319668113,0.5404651162790698,0.45045743526128085,0.20953577090397124,0.5989011318132673,0.7126245446303705,0.5060240963855421
0,weighted_fire_specificity_silence_npv,564,214,485,869,2132,1433,699,0.7249357326478149,0.3935799023028611,0.6938483547925608,0.3581979320531758,0.3061516452074392,0.6064200976971389,0.4920262664165103,0.543714128547711,0.5101763907734057,0.43317972350230405,0.0852539231400105,0.5437875062271194,0.6504002175767195,0.40070921985815605
0,weighted_fire_specificity_silence_sensitivity,807,331,368,626,2132,1433,699,0.7091388400702988,0.5631542219120725,0.5264663805436338,0.3702213279678068,0.47353361945636624,0.4368457780879274,0.551125703564728,0.5448103012278531,0.6277712952158694,0.5873362445414847,0.08433448921147928,0.5432728641354861,0.64965232247774,0.40644361833952913
1,dst_dempster,390,180,523,1041,2134,1431,703,0.6842105263157895,0.27253668763102723,0.7439544807965861,0.3343989769820972,0.25604551920341395,0.7274633123689728,0.42783505154639173,0.5082455842138067,0.38980509745127434,0.30981887511916106,0.017518346190199412,0.5313257646921996,0.6874246304362364,0.30256410256410254
1,dst_pcr6,394,182,521,1037,2134,1431,703,0.6840277777777778,0.2753319357092942,0.7411095305832148,0.334403080872914,0.25889046941678523,0.7246680642907058,0.4287722586691659,0.5082207331462545,0.39262580966616845,0.3126984126984127,0.01740776669327075,0.5412154955352572,0.6959117665447869,0.3096446700507614
1,logistic_regression,1431,703,0,0,2134,1431,703,0.6705716963448922,1.0,0.0,,1.0,0.0,0.6705716963448922,0.5,0.802805049088359,0.9105370323237465,,0.642772862236616,0.760592765699327,0.7547169811320755
1,naive_bayes,238,31,672,1193,2134,1431,703,0.8847583643122676,0.1663172606568833,0.9559032716927454,0.36032171581769434,0.044096728307254626,0.8336827393431167,0.42642924086223055,0.5611102661748143,0.28,0.19856499249123974,0.17307171306072408,0.5957799905168326,0.7241931872082369,0.5798319327731093
1,traditional_2_of_5,251,41,662,1180,2134,1431,703,0.8595890410958904,0.17540181691125087,0.9416785206258891,0.35939196525515743,0.05832147937411095,0.8245981830887491,0.42783505154639173,0.5585401687685699,0.2913522925130586,0.20861037234042554,0.16011986178423732,0.576764947668622,0.6955552089597544,0.5657370517928287
1,traditional_2_of_supported,251,41,662,1180,2134,1431,703,0.8595890410958904,0.17540181691125087,0.9416785206258891,0.35939196525515743,0.05832147937411095,0.8245981830887491,0.42783505154639173,0.5585401687685699,0.2913522925130586,0.20861037234042554,0.16011986178423732,0.5408506818635915,0.6341710326571705,0.5657370517928287
1,weighted_fire_ppv_silence_npv,348,76,627,1083,2134,1431,703,0.8207547169811321,0.2431865828092243,0.8918918918918919,0.36666666666666664,0.10810810810810811,0.7568134171907757,0.4568884723523899,0.5675392373505581,0.3752021563342318,0.2830188679245283,0.15911189342571905,0.6097900283600383,0.7106691826873036,0.46839080459770116
1,weighted_fire_ppv_silence_sensitivity,581,137,566,850,2134,1431,703,0.8091922005571031,0.4060097833682739,0.8051209103840683,0.3997175141242938,0.19487908961593173,0.593990216631726,0.5374882849109653,0.6055653468761711,0.5407166123778502,0.4509469108972368,0.21001726831926745,0.6098407245378447,0.7093440368834316,0.48881239242685026
1,weighted_fire_specificity_silence_npv,569,217,486,862,2134,1431,703,0.7239185750636132,0.3976240391334731,0.6913229018492176,0.36053412462908013,0.30867709815078237,0.6023759608665269,0.4943767572633552,0.5444734704913454,0.5133062697338746,0.43701996927803377,0.08667069455931976,0.5445147232634819,0.6396892024258131,0.3989455184534271
1,weighted_fire_specificity_silence_sensitivity,803,320,383,628,2134,1431,703,0.7150489759572574,0.5611460517120894,0.5448079658605974,0.3788328387734916,0.45519203413940257,0.4388539482879106,0.555763823805061,0.5529770087863435,0.6288175411119812,0.5863881992113334,0.09973542724497403,0.5433009971242344,0.6378847896162384,0.39975093399750933
2,dst_dempster,399,186,513,1047,2145,1446,699,0.6820512820512821,0.27593360995850624,0.7339055793991416,0.32884615384615384,0.26609442060085836,0.7240663900414938,0.4251748251748252,0.5049195946788239,0.39290989660265885,0.31323598681111636,0.010354802523838925,0.5231198689295318,0.6813292165050657,0.2531328320802005
2,dst_pcr6,399,186,513,1047,2145,1446,699,0.6820512820512821,0.27593360995850624,0.7339055793991416,0.32884615384615384,0.26609442060085836,0.7240663900414938,0.4251748251748252,0.5049195946788239,0.39290989660265885,0.31323598681111636,0.010354802523838925,0.5305128646535161,0.6869005123160832,0.2531328320802005
2,logistic_regression,1446,699,0,0,2145,1446,699,0.6741258741258741,1.0,0.0,,1.0,0.0,0.6741258741258741,0.5,0.8053467000835423,0.911842603102535,,0.602316686354939,0.7366538500944407,0.7365145228215768
2,naive_bayes,189,31,668,1257,2145,1446,699,0.8590909090909091,0.13070539419087138,0.9556509298998569,0.347012987012987,0.044349070100143065,0.8692946058091287,0.3995337995337995,0.5431781620453642,0.22689075630252103,0.15739506995336444,0.13341054998878404,0.5649658571719726,0.7076730563065953,0.5925925925925926
2,traditional_2_of_5,216,53,646,1230,2145,1446,699,0.8029739776951673,0.14937759336099585,0.9241773962804005,0.3443496801705757,0.07582260371959942,0.8506224066390041,0.4018648018648019,0.5367774948206981,0.2518950437317784,0.17842392202213778,0.10409798330538088,0.5498687118725228,0.6852426113809404,0.5324074074074074
2,traditional_2_of_supported,216,53,646,1230,2145,1446,699,0.8029739776951673,0.14937759336099585,0.9241773962804005,0.3443496801705757,0.07582260371959942,0.8506224066390041,0.4018648018648019,0.5367774948206981,0.2518950437317784,0.17842392202213778,0.10409798330538088,0.5266825557949808,0.6462516676225528,0.5324074074074074
2,weighted_fire_ppv_silence_npv,327,85,614,1119,2145,1446,699,0.7936893203883495,0.22614107883817428,0.8783977110157367,0.35429890363531447,0.12160228898426323,0.7738589211618258,0.4386946386946387,0.5522693949269555,0.35199138858988155,0.26387992253066495,0.12438050430860667,0.5804800178876364,0.697386073339507,0.43119266055045874
2,weighted_fire_ppv_silence_sensitivity,538,142,557,908,2145,1446,699,0.7911764705882353,0.37206085753803597,0.7968526466380543,0.3802047781569966,0.20314735336194564,0.627939142461964,0.5104895104895105,0.5844567520880452,0.5061147695202258,0.41615099009900985,0.17014290251324415,0.5759754599041903,0.6911136252769999,0.49070631970260226
2,weighted_fire_specificity_silence_npv,577,225,474,869,2145,1446,699,0.7194513715710723,0.39903181189488246,0.6781115879828327,0.35294117647058826,0.3218884120171674,0.6009681881051175,0.48997668997668997,0.5385716999388576,0.5133451957295374,0.43805040996052236,0.07473023003941924,0.5294443554020068,0.6509900879217413,0.36915077989601386
2,weighted_fire_specificity_silence_sensitivity,786,333,366,660,2145,1446,699,0.7024128686327078,0.5435684647302904,0.5236051502145923,0.3567251461988304,0.47639484978540775,0.45643153526970953,0.5370629370629371,0.5335868074724414,0.6128654970760234,0.5693176879617557,0.06302788459799766,0.5288853667658006,0.6492207899359942,0.3816793893129771
3,dst_dempster,412,197,503,1032,2144,1444,700,0.6765188834154351,0.2853185595567867,0.7185714285714285,0.3276872964169381,0.2814285714285714,0.7146814404432132,0.42677238805970147,0.5019449940641076,0.4013638577691183,0.3226311667971809,0.004044995625840707,0.5272304115552038,0.6891555135036764,0.24757281553398058
3,dst_pcr6,412,197,503,1032,2144,1444,700,0.6765188834154351,0.2853185595567867,0.7185714285714285,0.3276872964169381,0.2814285714285714,0.7146814404432132,0.42677238805970147,0.5019449940641076,0.4013638577691183,0.3226311667971809,0.004044995625840707,0.5319534032449544,0.6940888706159809,0.24757281553398058
3,logistic_regression,1444,700,0,0,2144,1444,700,0.6735074626865671,1.0,0.0,,1.0,0.0,0.6735074626865671,0.5,0.8049052396878483,0.9116161616161617,,0.6280030668777207,0.7605376891987451,0.7250692520775623
3,naive_bayes,225,24,676,1219,2144,1444,700,0.9036144578313253,0.15581717451523547,0.9657142857142857,0.3567282321899736,0.03428571428571429,0.8441828254847645,0.42024253731343286,0.5607657301147606,0.2658003544004725,0.18672199170124482,0.17787587604385832,0.5814913929560744,0.7273604444287161,0.5777777777777777
3,traditional_2_of_5,248,42,658,1196,2144,1444,700,0.8551724137931035,0.17174515235457063,0.94,0.35490830636461707,0.06,0.8282548476454293,0.42257462686567165,0.5558725761772852,0.2860438292964244,0.2044180679195516,0.15321717293039444,0.5700850811238622,0.7042681593790692,0.5564516129032258
3,traditional_2_of_supported,248,42,658,1196,2144,1444,700,0.8551724137931035,0.17174515235457063,0.94,0.35490830636461707,0.06,0.8282548476454293,0.42257462686567165,0.5558725761772852,0.2860438292964244,0.2044180679195516,0.15321717293039444,0.5337119113573408,0.6394944073862825,0.5564516129032258
3,weighted_fire_ppv_silence_npv,357,91,609,1087,2144,1444,700,0.796875,0.24722991689750692,0.87,0.3590801886792453,0.13,0.752770083102493,0.4505597014925373,0.5586149584487534,0.37737843551797035,0.28679305912596403,0.1352132161018402,0.5953131183221211,0.6960752757408454,0.4257703081232493
3,weighted_fire_ppv_silence_sensitivity,574,142,558,870,2144,1444,700,0.8016759776536313,0.3975069252077562,0.7971428571428572,0.3907563025210084,0.20285714285714285,0.6024930747922438,0.5279850746268657,0.5973248911753066,0.5314814814814816,0.4420825631546519,0.19353785534934986,0.596524040364068,0.6948535688518962,0.4912891986062718
3,weighted_fire_specificity_silence_npv,585,227,473,859,2144,1444,700,0.7204433497536946,0.4051246537396122,0.6757142857142857,0.3551051051051051,0.3242857142857143,0.5948753462603878,0.49347014925373134,0.540419469726949,0.5186170212765957,0.44398907103825147,0.07814894092798728,0.5372645429362881,0.64429199528939,0.3641025641025641
3,weighted_fire_specificity_silence_sensitivity,808,328,372,636,2144,1444,700,0.7112676056338029,0.5595567867036011,0.5314285714285715,0.36904761904761907,0.4685714285714286,0.4404432132963989,0.5503731343283582,0.5454926790660863,0.6263565891472868,0.5844907407407407,0.08548397207140687,0.5365171151563118,0.6425141651091562,0.3972772277227723
4,dst_dempster,409,198,509,1021,2137,1430,707,0.6738056013179572,0.28601398601398603,0.7199434229137199,0.3326797385620915,0.28005657708628007,0.713986013986014,0.42957416939635,0.502978704463853,0.4015709376534119,0.32321795479690213,0.006215772011633746,0.5298285872543298,0.6825686364987917,0.2665036674816626
4,dst_pcr6,409,198,509,1021,2137,1430,707,0.6738056013179572,0.28601398601398603,0.7199434229137199,0.3326797385620915,0.28005657708628007,0.713986013986014,0.42957416939635,0.502978704463853,0.4015709376534119,0.32321795479690213,0.006215772011633746,0.5376247514861376,0.6879833979303148,0.2665036674816626
4,logistic_regression,1430,707,0,0,2137,1430,707,0.669162377164249,1.0,0.0,,1.0,0.0,0.669162377164249,0.5,0.8017942248388001,0.9100165457553775,,0.633972957735334,0.7579216709866853,0.7538461538461538
4,naive_bayes,220,24,683,1210,2137,1430,707,0.9016393442622951,0.15384615384615385,0.9660537482319661,0.3608029582673006,0.033946251768033946,0.8461538461538461,0.42255498362189986,0.55994995103906,0.2628434886499403,0.18443997317236754,0.17738885639874574,0.5908289730071908,0.722886875546557,0.6181818181818182
4,traditional_2_of_5,256,52,655,1174,2137,1430,707,0.8311688311688312,0.17902097902097902,0.9264497878359265,0.3581191908146528,0.07355021216407355,0.820979020979021,0.42629854936827327,0.5527353834284527,0.2945914844649022,0.21234240212342403,0.1412952682697649,0.5687757786767688,0.6913869705122104,0.5546875
4,traditional_2_of_supported,256,52,655,1174,2137,1430,707,0.8311688311688312,0.17902097902097902,0.9264497878359265,0.3581191908146528,0.07355021216407355,0.820979020979021,0.42629854936827327,0.5527353834284527,0.2945914844649022,0.21234240212342403,0.1412952682697649,0.5334487294883334,0.6307562849001975,0.5546875
4,weighted_fire_ppv_silence_npv,346,89,618,1084,2137,1430,707,0.7954022988505747,0.24195804195804196,0.8741159830268741,0.36310223266745006,0.12588401697312587,0.7580419580419581,0.4510996724379972,0.5580370124924581,0.3710455764075067,0.28107229894394803,0.13564018192130836,0.5988654909446989,0.6927951213791264,0.4508670520231214
4,weighted_fire_ppv_silence_sensitivity,593,145,562,837,2137,1430,707,0.8035230352303523,0.41468531468531467,0.7949080622347949,0.4017155110793424,0.2050919377652051,0.5853146853146853,0.5404773046326626,0.6047966884600549,0.5470479704797048,0.4591204707339734,0.20740453224368846,0.5977740081700478,0.6905935636450538,0.4839797639123103
4,weighted_fire_specificity_silence_npv,601,233,474,829,2137,1430,707,0.7206235011990407,0.42027972027972027,0.6704384724186704,0.36377590176515734,0.32956152758132956,0.5797202797202797,0.5030416471689284,0.5453590963491953,0.5309187279151943,0.4584986267927983,0.08750177884897685,0.5380782583752881,0.6367175843328161,0.36772046589018303
4,weighted_fire_specificity_silence_sensitivity,833,348,359,597,2137,1430,707,0.7053344623200677,0.5825174825174825,0.5077793493635078,0.37552301255230125,0.49222065063649223,0.41748251748251747,0.5577912962096396,0.5451484159404951,0.6380697050938337,0.6035357194609476,0.08544690640901928,0.5392374951780893,0.636415246708898,0.3949579831932773
