strategy,precision_mean,precision_median,precision_weighted,recall_mean,recall_median,recall_weighted,specificity_mean,specificity_median,specificity_weighted,f1_mean,f1_median,f1_weighted,f2_mean,f2_median,f2_weighted,mcc_mean,mcc_median,mcc_weighted,roc_auc_mean,roc_auc_median,roc_auc_weighted,pr_auc_mean,pr_auc_median,pr_auc_weighted,balanced_accuracy_mean,balanced_accuracy_median,balanced_accuracy_weighted
dst_dempster,0.25814027961596436,0.125,0.2909757826131295,0.03075784308123676,0.0,0.023055841041452554,0.9939723354515925,0.999014769718195,0.9953837943850833,0.08922482058795345,0.0625,0.06968707909708961,0.07120235102380273,0.0423728813559322,0.05328216485074809,0.07136001532702793,0.045562128142405345,0.06173291013712786,0.5376931918588113,0.5090987110675628,0.5271635273711859,0.06760683155067093,0.044852103873573135,0.0836491786213475,0.5123650892664147,0.5,0.5092198177132679
dst_pcr6,0.2594138092574791,0.12916666666666665,0.2915276481083623,0.031046443369837053,0.0,0.02319287427201096,0.9939679898927536,0.9990116134805469,0.9953817310262101,0.08969343125589328,0.0625,0.069959807258568,0.07147503053811863,0.04273816481589713,0.05345995605720625,0.07199625015004046,0.04661224521665609,0.0620598365150018,0.5377179156685251,0.5090987110675628,0.5271638059390563,0.06749657581173386,0.044852103873573135,0.08352167330604397,0.5125072166312955,0.5,0.5092873026491105
logistic_regression,0.20988481638208198,0.14432989690721648,0.25787010369025104,0.35164707904733544,0.12202380952380952,0.38126070572113735,0.727657811020133,0.9846218684365189,0.6760278763551869,0.12851666261513275,0.09580876494023904,0.14266681805747475,0.15237769138321897,0.1,0.18840403782589774,0.10655534238958005,0.07553552423777307,0.10121510737962551,0.5401702937304076,0.5113842168377185,0.529364200130127,0.07026384203742093,0.04362956219415341,0.0875465539980364,0.5396524450337343,0.5113496469910692,0.5286442910381622
naive_bayes,0.48835833185150845,0.5,0.5677928305962308,0.028707890769099763,0.0,0.024289140116478244,0.9989659483367518,1.0,0.9989508924944379,0.16686723999627456,0.12698412698412698,0.13756802318038205,0.1335002749698183,0.08771929824561403,0.10717186379491209,0.1864865124854262,0.16803107433600864,0.17616142521764588,0.5400768475153472,0.5113842168377185,0.5291796406119327,0.06746880792140121,0.0439368372994631,0.0837733377734231,0.5138369195529259,0.5,0.5116200163054581
traditional_2_of_5,0.3984338693646412,0.42857142857142855,0.3832727686233717,0.029469799900426225,0.0,0.02326139088729017,0.9986420298309583,1.0,0.9985172829367722,0.16108092062649493,0.1111111111111111,0.14379235767402898,0.13189448770563666,0.07692307692307693,0.11422730502611225,0.16144099969578188,0.1563772738851273,0.14337366485407305,0.5376140696758024,0.5090987110675628,0.5270257464207899,0.06636080782759524,0.04464131923230212,0.08275941590380344,0.5140559148656922,0.5,0.5108893369120312
traditional_2_of_supported,0.3984338693646412,0.42857142857142855,0.3832727686233717,0.029469799900426225,0.0,0.02326139088729017,0.9986420298309583,1.0,0.9985172829367722,0.16108092062649493,0.1111111111111111,0.14379235767402898,0.13189448770563666,0.07692307692307693,0.11422730502611225,0.16144099969578188,0.1563772738851273,0.14337366485407305,0.537616308704742,0.5090987110675628,0.527028459345327,0.0663636528404359,0.04464131923230212,0.08276606522017849,0.5140559148656922,0.5,0.5108893369120312
weighted_fire_ppv_silence_npv,0.3040258440482132,0.16666666666666666,0.3228677650485946,0.03848929541324319,0.0,0.030763960260363137,0.9957208805936606,0.9994444272971388,0.9955435160891596,0.1131139030503488,0.07594936708860758,0.09227418899734201,0.09181849773897703,0.05511763279165656,0.07294845050585629,0.09966101291972151,0.06677122309412228,0.08568806130062641,0.5382889301440769,0.5083474729850519,0.5271089104200009,0.06718729882791978,0.04433704943331419,0.0832939623357601,0.5171050880034519,0.5,0.5131537381747614
weighted_fire_ppv_silence_sensitivity,0.2559846690301153,0.2,0.29423206959534454,0.07740249661190243,0.02631578947368421,0.06036313806097979,0.9911806127831971,0.9952482750866013,0.9911287724764167,0.1395064357632158,0.0987100703094724,0.1149169460011819,0.12550705456607777,0.08102814373878409,0.09836636934156104,0.1182067773190889,0.08755038331353769,0.10355735699918976,0.5382708654780868,0.5083474729850519,0.5271059521694743,0.06712830856479943,0.04433704943331419,0.08333323049001798,0.5342915546975499,0.5091444755973268,0.5257459552686983
weighted_fire_specificity_silence_npv,0.25635366055959585,0.16666666666666666,0.29731684997234237,0.0572301789826662,0.023880597014925373,0.04570058239122987,0.9920290876310037,0.99664106789542,0.9932723565864645,0.11944651606937183,0.08695652173913045,0.09629042096710293,0.09915114334197955,0.06561679790026247,0.07657800832450028,0.09381235577546974,0.06292319284422067,0.08524004332625801,0.5377112358289797,0.5090987110675628,0.5271587332802525,0.067353236979387,0.044852103873573135,0.08336087878800272,0.524629633306835,0.5074884116570817,0.5194864694888472
weighted_fire_specificity_silence_sensitivity,0.21708875077288536,0.14771748492678727,0.2639423983133174,0.09083740086979603,0.026607669616519176,0.0698869475847893,0.9839983454885848,0.9943884915421917,0.9839679905805899,0.13532991231630548,0.09600614439324115,0.11253022979863259,0.1291554734275589,0.08407073391383015,0.10278278297641871,0.09889193763603045,0.0647425991667821,0.08721865227112793,0.537556367623163,0.5090987110675628,0.526922547899212,0.0672446316433942,0.044852103873573135,0.08330515537054033,0.5374178731791903,0.509084369198714,0.5269274690826895
