strategy,family,precision,recall,specificity,npv,fpr,fnr,f1,f2,mcc,accuracy,balanced_accuracy,roc_auc,pr_auc,positive_support
tool:codeql,CWE-284,0.4238673176780593,0.043867811021095694,0.988745342402203,0.8478224245188638,0.01125465759779688,0.9561321889789044,0.07918237211401398,0.053389058088270214,0.09351529422305424,0.8408164301398401,0.5163065767116495,0.5163065767116495,0.1188249390707707,1368
tool:codeql,CWE-664,0.173653569667638,0.053723752826618676,0.9075094601355893,0.7254304928494009,0.09249053986441078,0.9462762471733812,0.08199928980304319,0.062316581347559984,-0.0625222297539969,0.6801218840013744,0.48061660648110394,0.48061660648110394,0.19275277450886394,2327
tool:codeql,CWE-682,0.45,0.013793103448275862,0.9992908374502412,0.9672317874343024,0.000709162549758934,0.9862068965517242,0.03320575906688537,0.021345177720205,0.0718237796595658,0.9665835252008665,0.5065419704492584,0.5065419704492584,0.03416426997213835,290
tool:codeql,CWE-691,0.0,0.0,0.789592240077575,0.9885751651696021,0.21040775992242505,1.0,,,-0.04902842133809123,0.7824546974368332,0.3947961200387875,0.3947961200387875,0.005480112468960961,79
tool:codeql,CWE-693,0.778851086987459,0.37565587190033145,0.9763612698920326,0.8759742378735611,0.023638730107967434,0.6243441280996687,0.5065658197869785,0.41894007403895805,0.47998898916433197,0.867455473953239,0.676008570896182,0.676008570896182,0.4098581314419194,1584
tool:codeql,CWE-697,,0.0,1.0,0.9951941167548816,0.0,1.0,,,,0.9951941167548816,0.5,0.5,0.003086682778542714,42
tool:codeql,CWE-703,0.0,0.0,0.9995406900624493,0.9934736737986718,0.0004593099375506856,1.0,,,-0.002189893799028805,0.9930202433987485,0.49977034503122464,0.49977034503122464,0.006355515647013403,57
tool:codeql,CWE-707,0.3134519785443425,0.4137415904778333,0.7802317246222309,0.8459971741117233,0.21976827537776916,0.5862584095221667,0.35654528446554073,0.3887467302003334,0.17585070673352693,0.7087506862902881,0.5969866575500321,0.5969866575500321,0.2542520734503723,1704
tool:codeql,CWE-710,,0.0,1.0,0.9228645230902718,0.0,1.0,,,,0.9228645230902718,0.5,0.5,0.04409451749295188,674
tool:joern,CWE-284,,0.0,1.0,0.8434408217666631,0.0,1.0,,,,0.8434408217666631,0.5,0.5,0.09827675879001294,1368
tool:joern,CWE-664,,0.0,1.0,0.7336875049948403,0.0,1.0,,,,0.7336875049948403,0.5,0.5,0.18941330264463724,2327
tool:joern,CWE-682,,0.0,1.0,0.9668111850213809,0.0,1.0,,,,0.9668111850213809,0.5,0.5,0.026291823186240453,290
tool:joern,CWE-691,,0.0,1.0,0.9909590780140002,0.0,1.0,,,,0.9909590780140002,0.5,0.5,0.005851727397751435,79
tool:joern,CWE-693,0.9,0.014517030707183642,0.9994420201800598,0.8207989735436115,0.0005579798199401353,0.9854829692928163,0.028511272940709813,0.018063340727763093,0.09874936154224183,0.8208951054278065,0.5069795254436217,0.5069795254436217,0.14996515850505393,1584
tool:joern,CWE-697,,0.0,1.0,0.9951941167548816,0.0,1.0,,,,0.9951941167548816,0.5,0.5,0.003086682778542714,42
tool:joern,CWE-703,,0.0,1.0,0.9934766053347575,0.0,1.0,,,,0.9934766053347575,0.5,0.5,0.00636320301032393,57
tool:joern,CWE-707,,0.0,1.0,0.8049865519800367,0.0,1.0,,,,0.8049865519800367,0.5,0.5,0.20506958461523497,1704
tool:joern,CWE-710,0.0,0.0,0.9997523986144745,0.9228469457565804,0.0002476013855255495,1.0,,,-0.006899406577459962,0.9226359515870646,0.49987619930723726,0.49987619930723726,0.0440944418831589,674
tool:semgrep,CWE-284,0.3670207321268259,0.062140049731290614,0.9796379069700347,0.8491055964223071,0.020362093029965403,0.9378599502687093,0.10604826146797044,0.07446872788980952,0.09482119523885793,0.8359936883277028,0.5208889783506626,0.5208889783506626,0.1226871114652838,1368
tool:semgrep,CWE-664,0.6049542226405408,0.1439660344270617,0.9656771703301171,0.7565812019357997,0.03432282966988292,0.8560339655729383,0.2319791678557305,0.16970366554434718,0.1987164150775797,0.7468419245860716,0.5548216023785895,0.5548216023785895,0.27013875130064546,2327
tool:semgrep,CWE-682,,0.0,1.0,0.9668111850213809,0.0,1.0,,,,0.9668111850213809,0.5,0.5,0.026291823186240453,290
tool:semgrep,CWE-691,,0.0,1.0,0.9909590780140002,0.0,1.0,,,,0.9909590780140002,0.5,0.5,0.005851727397751435,79
tool:semgrep,CWE-693,0.7425076976129582,0.4728746555923811,0.9634998802161909,0.8919576186983701,0.03650011978380911,0.5271253444076189,0.5773769868910259,0.5097318601202054,0.526028427606814,0.8745534476528942,0.718187267904286,0.718187267904286,0.4716385891722618,1584
tool:semgrep,CWE-697,0.0,0.0,0.9998851234922459,0.9951935934090794,0.00011487650775416428,1.0,,,-0.0016213429735416037,0.9950797656971343,0.49994256174612295,0.49994256174612295,0.0030863116514594467,42
tool:semgrep,CWE-703,,0.0,1.0,0.9934766053347575,0.0,1.0,,,,0.9934766053347575,0.5,0.5,0.00636320301032393,57
tool:semgrep,CWE-707,0.5619060956553318,0.48827669484215974,0.9074628017490161,0.879821261782527,0.09253719825098387,0.5117233051578403,0.5221349473471415,0.5012023136543291,0.418008010301396,0.8257063821942785,0.6978697482955878,0.6978697482955879,0.39081577475616414,1704
tool:semgrep,CWE-710,,0.0,1.0,0.9228645230902718,0.0,1.0,,,,0.9228645230902718,0.5,0.5,0.04409451749295188,674
or_1_of_3,CWE-284,0.38922015041663477,0.10308280527258629,0.9696041475197177,0.8534524827101011,0.030395852480282315,0.8969171947274137,0.16288174797822097,0.12082134477360136,0.1327561983610467,0.8339422310929775,0.536343476396152,0.536343476396152,0.13696702228657817,1368
or_1_of_3,CWE-664,0.3349165407245653,0.16889104250311507,0.8784850580892554,0.7443894484236842,0.1215149419107446,0.8311089574968851,0.22437298647977255,0.1874133033990753,0.06127727222273897,0.689504383811914,0.5236880502961851,0.5236880502961851,0.22799932027625483,2327
or_1_of_3,CWE-682,0.45,0.013793103448275862,0.9992908374502412,0.9672317874343024,0.000709162549758934,0.9862068965517242,0.03320575906688537,0.021345177720205,0.0718237796595658,0.9665835252008665,0.5065419704492584,0.5065419704492584,0.03416426997213835,290
or_1_of_3,CWE-691,0.0,0.0,0.789592240077575,0.9885751651696021,0.21040775992242505,1.0,,,-0.04902842133809123,0.7824546974368332,0.3947961200387875,0.3947961200387875,0.005480112468960961,79
or_1_of_3,CWE-693,0.6948055506442354,0.5019067204408417,0.9509155304201935,0.8960686265883158,0.049084469579806486,0.4980932795591583,0.5824970440325553,0.5312643372086457,0.51715700228596,0.8695152039472991,0.7264111254305176,0.7264111254305176,0.44594739779323483,1584
or_1_of_3,CWE-697,0.0,0.0,0.9998851234922459,0.9951935934090794,0.00011487650775416428,1.0,,,-0.0016213429735416037,0.9950797656971343,0.49994256174612295,0.49994256174612295,0.0030863116514594467,42
or_1_of_3,CWE-703,0.0,0.0,0.9995406900624493,0.9934736737986718,0.0004593099375506856,1.0,,,-0.002189893799028805,0.9930202433987485,0.49977034503122464,0.49977034503122464,0.006355515647013403,57
or_1_of_3,CWE-707,0.331901427147179,0.5334604105571847,0.7395867986117775,0.8674296614688922,0.26041320138822266,0.4665395894428153,0.409093180999441,0.4755702858381562,0.233284380477832,0.6993758592367911,0.6365236045844811,0.6365236045844811,0.2659309134590259,1704
or_1_of_3,CWE-710,0.0,0.0,0.9997523986144745,0.9228469457565804,0.0002476013855255495,1.0,,,-0.006899406577459962,0.9226359515870646,0.49987619930723726,0.49987619930723726,0.0440944418831589,674
traditional_2_of_3,CWE-284,0.35416666666666663,0.0029250554798000055,0.9987791018525201,0.8436652192144571,0.0012208981474799644,0.9970749445202,0.009644458346366385,0.0060772028995698425,0.020485279893481347,0.8428678873745653,0.50085207866616,0.5363226148527379,0.13838590506469325,1368
traditional_2_of_3,CWE-664,0.6688276397515528,0.028798744750565326,0.9947015723764508,0.7383344744827104,0.0052984276235490905,0.9712012552494347,0.05497964590024294,0.03557344591686972,0.0966030517640906,0.737459424775532,0.511750158563508,0.5249841131423106,0.24523982494663654,2327
traditional_2_of_3,CWE-682,,0.0,1.0,0.9668111850213809,0.0,1.0,,,,0.9668111850213809,0.5,0.5065419704492584,0.03416426997213835,290
traditional_2_of_3,CWE-691,,0.0,1.0,0.9909590780140002,0.0,1.0,,,,0.9909590780140002,0.5,0.3947961200387875,0.005480112468960961,79
traditional_2_of_3,CWE-693,0.8735437472909819,0.355460607754662,0.9886669694770284,0.8738612150915237,0.011333030522971643,0.644539392245338,0.5050562484261295,0.4032174503169837,0.5070245521826496,0.8738666679515653,0.6720637886158451,0.7322872657452023,0.538434028535381,1584
traditional_2_of_3,CWE-697,,0.0,1.0,0.9951941167548816,0.0,1.0,,,,0.9951941167548816,0.5,0.49994256174612295,0.0030863116514594467,42
traditional_2_of_3,CWE-703,,0.0,1.0,0.9934766053347575,0.0,1.0,,,,0.9934766053347575,0.5,0.49977034503122464,0.006355515647013403,57
traditional_2_of_3,CWE-707,0.6344032356308761,0.3685578747628083,0.9481077277594696,0.8610739076609866,0.05189227224053041,0.6314421252371917,0.46570083329815065,0.4020484058479085,0.39591435839558875,0.8350812092477755,0.6583328012611389,0.6706625254867318,0.40391801872181804,1704
traditional_2_of_3,CWE-710,,0.0,1.0,0.9228645230902718,0.0,1.0,,,,0.9228645230902718,0.5,0.49987619930723726,0.0440944418831589,674
traditional_2_of_supported,CWE-284,0.35416666666666663,0.0029250554798000055,0.9987791018525201,0.8436652192144571,0.0012208981474799644,0.9970749445202,0.009644458346366385,0.0060772028995698425,0.020485279893481347,0.8428678873745653,0.50085207866616,0.5363226148527379,0.13838590506469325,1368
traditional_2_of_supported,CWE-664,0.6688276397515528,0.028798744750565326,0.9947015723764508,0.7383344744827104,0.0052984276235490905,0.9712012552494347,0.05497964590024294,0.03557344591686972,0.0966030517640906,0.737459424775532,0.511750158563508,0.5249841131423106,0.24523982494663654,2327
traditional_2_of_supported,CWE-682,,0.0,1.0,0.9668111850213809,0.0,1.0,,,,0.9668111850213809,0.5,0.5065419704492584,0.03416426997213835,290
traditional_2_of_supported,CWE-691,,0.0,1.0,0.9909590780140002,0.0,1.0,,,,0.9909590780140002,0.5,0.3947961200387875,0.005480112468960961,79
traditional_2_of_supported,CWE-693,0.8735437472909819,0.355460607754662,0.9886669694770284,0.8738612150915237,0.011333030522971643,0.644539392245338,0.5050562484261295,0.4032174503169837,0.5070245521826496,0.8738666679515653,0.6720637886158451,0.7322872657452023,0.538434028535381,1584
traditional_2_of_supported,CWE-697,,0.0,1.0,0.9951941167548816,0.0,1.0,,,,0.9951941167548816,0.5,0.5,0.003086682778542714,42
traditional_2_of_supported,CWE-703,,0.0,1.0,0.9934766053347575,0.0,1.0,,,,0.9934766053347575,0.5,0.49977034503122464,0.006355515647013403,57
traditional_2_of_supported,CWE-707,0.6344032356308761,0.3685578747628083,0.9481077277594696,0.8610739076609866,0.05189227224053041,0.6314421252371917,0.46570083329815065,0.4020484058479085,0.39591435839558875,0.8350812092477755,0.6583328012611389,0.6706625254867318,0.40391801872181804,1704
traditional_2_of_supported,CWE-710,,0.0,1.0,0.9228645230902718,0.0,1.0,,,,0.9228645230902718,0.5,0.49987619930723726,0.0440944418831589,674
weighted_fire_ppv_silence_npv,CWE-284,0.35416666666666663,0.0029250554798000055,0.9987791018525201,0.8436652192144571,0.0012208981474799644,0.9970749445202,0.009644458346366385,0.0060772028995698425,0.020485279893481347,0.8428678873745653,0.50085207866616,0.5364070047164161,0.14356466054646358,1368
weighted_fire_ppv_silence_npv,CWE-664,0.6688276397515528,0.028798744750565326,0.9947015723764508,0.7383344744827104,0.0052984276235490905,0.9712012552494347,0.05497964590024294,0.03557344591686972,0.0966030517640906,0.737459424775532,0.511750158563508,0.5296512451627775,0.2728307884937558,2327
weighted_fire_ppv_silence_npv,CWE-682,0.45,0.013793103448275862,0.9992908374502412,0.9672317874343024,0.000709162549758934,0.9862068965517242,0.03320575906688537,0.021345177720205,0.0718237796595658,0.9665835252008665,0.5065419704492584,0.5065419704492584,0.03416426997213835,290
weighted_fire_ppv_silence_npv,CWE-691,,0.0,1.0,0.9909590780140002,0.0,1.0,,,,0.9909590780140002,0.5,0.5,0.005851727397751435,79
weighted_fire_ppv_silence_npv,CWE-693,0.8735437472909819,0.355460607754662,0.9886669694770284,0.8738612150915237,0.011333030522971643,0.644539392245338,0.5050562484261295,0.4032174503169837,0.5070245521826496,0.8738666679515653,0.6720637886158451,0.7318851022358847,0.5402462009671938,1584
weighted_fire_ppv_silence_npv,CWE-697,,0.0,1.0,0.9951941167548816,0.0,1.0,,,,0.9951941167548816,0.5,0.5,0.003086682778542714,42
weighted_fire_ppv_silence_npv,CWE-703,,0.0,1.0,0.9934766053347575,0.0,1.0,,,,0.9934766053347575,0.5,0.5,0.00636320301032393,57
weighted_fire_ppv_silence_npv,CWE-707,0.6344032356308761,0.3685578747628083,0.9481077277594696,0.8610739076609866,0.05189227224053041,0.6314421252371917,0.46570083329815065,0.4020484058479085,0.39591435839558875,0.8350812092477755,0.6583328012611389,0.6798161241970917,0.42781890620093277,1704
weighted_fire_ppv_silence_npv,CWE-710,,0.0,1.0,0.9228645230902718,0.0,1.0,,,,0.9228645230902718,0.5,0.5,0.04409451749295188,674
weighted_fire_ppv_silence_sensitivity,CWE-284,0.38922015041663477,0.10308280527258629,0.9696041475197177,0.8534524827101011,0.030395852480282315,0.8969171947274137,0.16288174797822097,0.12082134477360136,0.1327561983610467,0.8339422310929775,0.536343476396152,0.5361623756239287,0.13943386907321154,1368
weighted_fire_ppv_silence_sensitivity,CWE-664,0.3349165407245653,0.16889104250311507,0.8784850580892554,0.7443894484236842,0.1215149419107446,0.8311089574968851,0.22437298647977255,0.1874133033990753,0.06127727222273897,0.689504383811914,0.5236880502961851,0.5296512451627775,0.2728307884937558,2327
weighted_fire_ppv_silence_sensitivity,CWE-682,0.45,0.013793103448275862,0.9992908374502412,0.9672317874343024,0.000709162549758934,0.9862068965517242,0.03320575906688537,0.021345177720205,0.0718237796595658,0.9665835252008665,0.5065419704492584,0.5065419704492584,0.03416426997213835,290
weighted_fire_ppv_silence_sensitivity,CWE-691,,0.0,1.0,0.9909590780140002,0.0,1.0,,,,0.9909590780140002,0.5,0.5,0.005851727397751435,79
weighted_fire_ppv_silence_sensitivity,CWE-693,0.694537413051345,0.5012758056143433,0.9509155304201935,0.8959505279246223,0.049084469579806486,0.49872419438565674,0.5819768303013324,0.5306668856209784,0.5166274846280885,0.8694005907667833,0.7260956680172684,0.7326719064088036,0.5454487492527192,1584
weighted_fire_ppv_silence_sensitivity,CWE-697,,0.0,1.0,0.9951941167548816,0.0,1.0,,,,0.9951941167548816,0.5,0.5,0.003086682778542714,42
weighted_fire_ppv_silence_sensitivity,CWE-703,,0.0,1.0,0.9934766053347575,0.0,1.0,,,,0.9934766053347575,0.5,0.5,0.00636320301032393,57
weighted_fire_ppv_silence_sensitivity,CWE-707,0.5619060956553318,0.48827669484215974,0.9074628017490161,0.879821261782527,0.09253719825098387,0.5117233051578403,0.5221349473471415,0.5012023136543291,0.418008010301396,0.8257063821942785,0.6978697482955878,0.6798161241970917,0.42781890620093277,1704
weighted_fire_ppv_silence_sensitivity,CWE-710,,0.0,1.0,0.9228645230902718,0.0,1.0,,,,0.9228645230902718,0.5,0.5,0.04409451749295188,674
weighted_fire_specificity_silence_npv,CWE-284,0.38922015041663477,0.10308280527258629,0.9696041475197177,0.8534524827101011,0.030395852480282315,0.8969171947274137,0.16288174797822097,0.12082134477360136,0.1327561983610467,0.8339422310929775,0.536343476396152,0.5364070047164161,0.14356466054646358,1368
weighted_fire_specificity_silence_npv,CWE-664,0.3349165407245653,0.16889104250311507,0.8784850580892554,0.7443894484236842,0.1215149419107446,0.8311089574968851,0.22437298647977255,0.1874133033990753,0.06127727222273897,0.689504383811914,0.5236880502961851,0.5296512451627775,0.2728307884937558,2327
weighted_fire_specificity_silence_npv,CWE-682,0.45,0.013793103448275862,0.9992908374502412,0.9672317874343024,0.000709162549758934,0.9862068965517242,0.03320575906688537,0.021345177720205,0.0718237796595658,0.9665835252008665,0.5065419704492584,0.5065419704492584,0.03416426997213835,290
weighted_fire_specificity_silence_npv,CWE-691,0.0,0.0,0.789592240077575,0.9885751651696021,0.21040775992242505,1.0,,,-0.04902842133809123,0.7824546974368332,0.3947961200387875,0.3947961200387875,0.005480112468960961,79
weighted_fire_specificity_silence_npv,CWE-693,0.8735437472909819,0.355460607754662,0.9886669694770284,0.8738612150915237,0.011333030522971643,0.644539392245338,0.5050562484261295,0.4032174503169837,0.5070245521826496,0.8738666679515653,0.6720637886158451,0.7318867979249987,0.5408068515146363,1584
weighted_fire_specificity_silence_npv,CWE-697,,0.0,1.0,0.9951941167548816,0.0,1.0,,,,0.9951941167548816,0.5,0.5,0.003086682778542714,42
weighted_fire_specificity_silence_npv,CWE-703,0.0,0.0,0.9995406900624493,0.9934736737986718,0.0004593099375506856,1.0,,,-0.002189893799028805,0.9930202433987485,0.49977034503122464,0.49977034503122464,0.006355515647013403,57
weighted_fire_specificity_silence_npv,CWE-707,0.5619060956553318,0.48827669484215974,0.9074628017490161,0.879821261782527,0.09253719825098387,0.5117233051578403,0.5221349473471415,0.5012023136543291,0.418008010301396,0.8257063821942785,0.6978697482955878,0.6798161241970917,0.42781890620093277,1704
weighted_fire_specificity_silence_npv,CWE-710,0.0,0.0,0.9997523986144745,0.9228469457565804,0.0002476013855255495,1.0,,,-0.006899406577459962,0.9226359515870646,0.49987619930723726,0.49987619930723726,0.0440944418831589,674
weighted_fire_specificity_silence_sensitivity,CWE-284,0.38922015041663477,0.10308280527258629,0.9696041475197177,0.8534524827101011,0.030395852480282315,0.8969171947274137,0.16288174797822097,0.12082134477360136,0.1327561983610467,0.8339422310929775,0.536343476396152,0.5362382249890596,0.14019559649615657,1368
weighted_fire_specificity_silence_sensitivity,CWE-664,0.3349165407245653,0.16889104250311507,0.8784850580892554,0.7443894484236842,0.1215149419107446,0.8311089574968851,0.22437298647977255,0.1874133033990753,0.06127727222273897,0.689504383811914,0.5236880502961851,0.5296512451627775,0.2728307884937558,2327
weighted_fire_specificity_silence_sensitivity,CWE-682,0.45,0.013793103448275862,0.9992908374502412,0.9672317874343024,0.000709162549758934,0.9862068965517242,0.03320575906688537,0.021345177720205,0.0718237796595658,0.9665835252008665,0.5065419704492584,0.5065419704492584,0.03416426997213835,290
weighted_fire_specificity_silence_sensitivity,CWE-691,0.0,0.0,0.789592240077575,0.9885751651696021,0.21040775992242505,1.0,,,-0.04902842133809123,0.7824546974368332,0.3947961200387875,0.3947961200387875,0.005480112468960961,79
weighted_fire_specificity_silence_sensitivity,CWE-693,0.6948055506442354,0.5019067204408417,0.9509155304201935,0.8960686265883158,0.049084469579806486,0.4980932795591583,0.5824970440325553,0.5312643372086457,0.51715700228596,0.8695152039472991,0.7264111254305176,0.7326719064088036,0.5454487492527192,1584
weighted_fire_specificity_silence_sensitivity,CWE-697,,0.0,1.0,0.9951941167548816,0.0,1.0,,,,0.9951941167548816,0.5,0.5,0.003086682778542714,42
weighted_fire_specificity_silence_sensitivity,CWE-703,0.0,0.0,0.9995406900624493,0.9934736737986718,0.0004593099375506856,1.0,,,-0.002189893799028805,0.9930202433987485,0.49977034503122464,0.49977034503122464,0.006355515647013403,57
weighted_fire_specificity_silence_sensitivity,CWE-707,0.331901427147179,0.5334604105571847,0.7395867986117775,0.8674296614688922,0.26041320138822266,0.4665395894428153,0.409093180999441,0.4755702858381562,0.233284380477832,0.6993758592367911,0.6365236045844811,0.6798161241970917,0.42781890620093277,1704
weighted_fire_specificity_silence_sensitivity,CWE-710,0.0,0.0,0.9997523986144745,0.9228469457565804,0.0002476013855255495,1.0,,,-0.006899406577459962,0.9226359515870646,0.49987619930723726,0.49987619930723726,0.0440944418831589,674
dst_dempster,CWE-284,0.35416666666666663,0.0029250554798000055,0.9987791018525201,0.8436652192144571,0.0012208981474799644,0.9970749445202,0.009644458346366385,0.0060772028995698425,0.020485279893481347,0.8428678873745653,0.50085207866616,0.5364070047164161,0.14356466054646358,1368
dst_dempster,CWE-664,0.6688276397515528,0.028798744750565326,0.9947015723764508,0.7383344744827104,0.0052984276235490905,0.9712012552494347,0.05497964590024294,0.03557344591686972,0.0966030517640906,0.737459424775532,0.511750158563508,0.5296512451627775,0.2728307884937558,2327
dst_dempster,CWE-682,0.45,0.013793103448275862,0.9992908374502412,0.9672317874343024,0.000709162549758934,0.9862068965517242,0.03320575906688537,0.021345177720205,0.0718237796595658,0.9665835252008665,0.5065419704492584,0.5065419704492584,0.03416426997213835,290
dst_dempster,CWE-691,0.0,0.0,0.789592240077575,0.9885751651696021,0.21040775992242505,1.0,,,-0.04902842133809123,0.7824546974368332,0.3947961200387875,0.3947961200387875,0.005480112468960961,79
dst_dempster,CWE-693,0.8735437472909819,0.355460607754662,0.9886669694770284,0.8738612150915237,0.011333030522971643,0.644539392245338,0.5050562484261295,0.4032174503169837,0.5070245521826496,0.8738666679515653,0.6720637886158451,0.7320087100872716,0.5403437011912617,1584
dst_dempster,CWE-697,,0.0,1.0,0.9951941167548816,0.0,1.0,,,,0.9951941167548816,0.5,0.5,0.003086682778542714,42
dst_dempster,CWE-703,0.0,0.0,0.9995406900624493,0.9934736737986718,0.0004593099375506856,1.0,,,-0.002189893799028805,0.9930202433987485,0.49977034503122464,0.49977034503122464,0.006355515647013403,57
dst_dempster,CWE-707,0.6344032356308761,0.3685578747628083,0.9481077277594696,0.8610739076609866,0.05189227224053041,0.6314421252371917,0.46570083329815065,0.4020484058479085,0.39591435839558875,0.8350812092477755,0.6583328012611389,0.6798161241970917,0.42781890620093277,1704
dst_dempster,CWE-710,0.0,0.0,0.9997523986144745,0.9228469457565804,0.0002476013855255495,1.0,,,-0.006899406577459962,0.9226359515870646,0.49987619930723726,0.49987619930723726,0.0440944418831589,674
dst_pcr6,CWE-284,0.35416666666666663,0.0029250554798000055,0.9987791018525201,0.8436652192144571,0.0012208981474799644,0.9970749445202,0.009644458346366385,0.0060772028995698425,0.020485279893481347,0.8428678873745653,0.50085207866616,0.5364070047164161,0.14356466054646358,1368
dst_pcr6,CWE-664,0.6688276397515528,0.028798744750565326,0.9947015723764508,0.7383344744827104,0.0052984276235490905,0.9712012552494347,0.05497964590024294,0.03557344591686972,0.0966030517640906,0.737459424775532,0.511750158563508,0.5296512451627775,0.2728307884937558,2327
dst_pcr6,CWE-682,0.45,0.013793103448275862,0.9992908374502412,0.9672317874343024,0.000709162549758934,0.9862068965517242,0.03320575906688537,0.021345177720205,0.0718237796595658,0.9665835252008665,0.5065419704492584,0.5065419704492584,0.03416426997213835,290
dst_pcr6,CWE-691,0.0,0.0,0.789592240077575,0.9885751651696021,0.21040775992242505,1.0,,,-0.04902842133809123,0.7824546974368332,0.3947961200387875,0.3947961200387875,0.005480112468960961,79
dst_pcr6,CWE-693,0.8735437472909819,0.355460607754662,0.9886669694770284,0.8738612150915237,0.011333030522971643,0.644539392245338,0.5050562484261295,0.4032174503169837,0.5070245521826496,0.8738666679515653,0.6720637886158451,0.7318851022358847,0.5402462009671938,1584
dst_pcr6,CWE-697,,0.0,1.0,0.9951941167548816,0.0,1.0,,,,0.9951941167548816,0.5,0.5,0.003086682778542714,42
dst_pcr6,CWE-703,0.0,0.0,0.9995406900624493,0.9934736737986718,0.0004593099375506856,1.0,,,-0.002189893799028805,0.9930202433987485,0.49977034503122464,0.49977034503122464,0.006355515647013403,57
dst_pcr6,CWE-707,0.6344032356308761,0.3685578747628083,0.9481077277594696,0.8610739076609866,0.05189227224053041,0.6314421252371917,0.46570083329815065,0.4020484058479085,0.39591435839558875,0.8350812092477755,0.6583328012611389,0.6798161241970917,0.42781890620093277,1704
dst_pcr6,CWE-710,0.0,0.0,0.9997523986144745,0.9228469457565804,0.0002476013855255495,1.0,,,-0.006899406577459962,0.9226359515870646,0.49987619930723726,0.49987619930723726,0.0440944418831589,674
dst_yager,CWE-284,0.35416666666666663,0.0029250554798000055,0.9987791018525201,0.8436652192144571,0.0012208981474799644,0.9970749445202,0.009644458346366385,0.0060772028995698425,0.020485279893481347,0.8428678873745653,0.50085207866616,0.5364070047164161,0.14356466054646358,1368
dst_yager,CWE-664,0.6688276397515528,0.028798744750565326,0.9947015723764508,0.7383344744827104,0.0052984276235490905,0.9712012552494347,0.05497964590024294,0.03557344591686972,0.0966030517640906,0.737459424775532,0.511750158563508,0.5296512451627775,0.2728307884937558,2327
dst_yager,CWE-682,0.45,0.013793103448275862,0.9992908374502412,0.9672317874343024,0.000709162549758934,0.9862068965517242,0.03320575906688537,0.021345177720205,0.0718237796595658,0.9665835252008665,0.5065419704492584,0.5065419704492584,0.03416426997213835,290
dst_yager,CWE-691,0.0,0.0,0.789592240077575,0.9885751651696021,0.21040775992242505,1.0,,,-0.04902842133809123,0.7824546974368332,0.3947961200387875,0.3947961200387875,0.005480112468960961,79
dst_yager,CWE-693,0.8735437472909819,0.355460607754662,0.9886669694770284,0.8738612150915237,0.011333030522971643,0.644539392245338,0.5050562484261295,0.4032174503169837,0.5070245521826496,0.8738666679515653,0.6720637886158451,0.7319106560486898,0.5409696571784023,1584
dst_yager,CWE-697,,0.0,1.0,0.9951941167548816,0.0,1.0,,,,0.9951941167548816,0.5,0.5,0.003086682778542714,42
dst_yager,CWE-703,0.0,0.0,0.9995406900624493,0.9934736737986718,0.0004593099375506856,1.0,,,-0.002189893799028805,0.9930202433987485,0.49977034503122464,0.49977034503122464,0.006355515647013403,57
dst_yager,CWE-707,0.6344032356308761,0.3685578747628083,0.9481077277594696,0.8610739076609866,0.05189227224053041,0.6314421252371917,0.46570083329815065,0.4020484058479085,0.39591435839558875,0.8350812092477755,0.6583328012611389,0.6798161241970917,0.42781890620093277,1704
dst_yager,CWE-710,0.0,0.0,0.9997523986144745,0.9228469457565804,0.0002476013855255495,1.0,,,-0.006899406577459962,0.9226359515870646,0.49987619930723726,0.49987619930723726,0.0440944418831589,674
naive_bayes,CWE-284,0.35416666666666663,0.0029250554798000055,0.9987791018525201,0.8436652192144571,0.0012208981474799644,0.9970749445202,0.009644458346366385,0.0060772028995698425,0.020485279893481347,0.8428678873745653,0.50085207866616,0.5364070047164161,0.14356466054646358,1368
naive_bayes,CWE-664,0.5914897638802037,0.11902995062070239,0.9698741030677496,0.7520693872470132,0.030125896932250436,0.8809700493792976,0.19751002849402052,0.14150468743381553,0.17428617208079802,0.7433002869009468,0.544452026844226,0.5799919595944012,0.27772971420872344,2327
naive_bayes,CWE-682,,0.0,1.0,0.9668111850213809,0.0,1.0,,,,0.9668111850213809,0.5,0.5065419704492584,0.03416426997213835,290
naive_bayes,CWE-691,,0.0,1.0,0.9909590780140002,0.0,1.0,,,,0.9909590780140002,0.5,0.6052038799612125,0.007545174376184761,79
naive_bayes,CWE-693,0.6948055506442354,0.5019067204408417,0.9509155304201935,0.8960686265883158,0.049084469579806486,0.4980932795591583,0.5824970440325553,0.5312643372086457,0.51715700228596,0.8695152039472991,0.7264111254305176,0.7318867979249987,0.5408068515146363,1584
naive_bayes,CWE-697,,0.0,1.0,0.9951941167548816,0.0,1.0,,,,0.9951941167548816,0.5,0.5,0.003086682778542714,42
naive_bayes,CWE-703,,0.0,1.0,0.9934766053347575,0.0,1.0,,,,0.9934766053347575,0.5,0.5,0.00636320301032393,57
naive_bayes,CWE-707,0.6344032356308761,0.3685578747628083,0.9481077277594696,0.8610739076609866,0.05189227224053041,0.6314421252371917,0.46570083329815065,0.4020484058479085,0.39591435839558875,0.8350812092477755,0.6583328012611389,0.6798161241970917,0.42781890620093277,1704
naive_bayes,CWE-710,,0.0,1.0,0.9228645230902718,0.0,1.0,,,,0.9228645230902718,0.5,0.5,0.04409451749295188,674
noisy_or,CWE-284,0.3246870882740448,0.02412769712039785,0.9918721368821511,0.8455888474657913,0.008127863117848744,0.9758723028796021,0.05432468461991194,0.036684362569360085,0.056737296653233765,0.840355865948706,0.5079999170012746,0.5364070047164161,0.14356466054646358,1368
noisy_or,CWE-664,0.6049542226405408,0.1439660344270617,0.9656771703301171,0.7565812019357997,0.03432282966988292,0.8560339655729383,0.2319791678557305,0.16970366554434718,0.1987164150775797,0.7468419245860716,0.5548216023785895,0.5296512451627775,0.2728307884937558,2327
noisy_or,CWE-682,0.25,0.0034482758620689655,0.9996466431095407,0.9669102582575653,0.00035335689045936394,0.9965517241379309,0.03225806451612903,0.021186440677966104,0.058010295894321565,0.966583394588579,0.5015474594858048,0.5065419704492584,0.03416426997213835,290
noisy_or,CWE-691,,0.0,1.0,0.9909590780140002,0.0,1.0,,,,0.9909590780140002,0.5,0.3947961200387875,0.005480112468960961,79
noisy_or,CWE-693,0.6948055506442354,0.5019067204408417,0.9509155304201935,0.8960686265883158,0.049084469579806486,0.4980932795591583,0.5824970440325553,0.5312643372086457,0.51715700228596,0.8695152039472991,0.7264111254305176,0.7319026250816009,0.5403666428316899,1584
noisy_or,CWE-697,,0.0,1.0,0.9951941167548816,0.0,1.0,,,,0.9951941167548816,0.5,0.5,0.003086682778542714,42
noisy_or,CWE-703,,0.0,1.0,0.9934766053347575,0.0,1.0,,,,0.9934766053347575,0.5,0.49977034503122464,0.006355515647013403,57
noisy_or,CWE-707,0.5619060956553318,0.48827669484215974,0.9074628017490161,0.879821261782527,0.09253719825098387,0.5117233051578403,0.5221349473471415,0.5012023136543291,0.418008010301396,0.8257063821942785,0.6978697482955878,0.6798161241970917,0.42781890620093277,1704
noisy_or,CWE-710,,0.0,1.0,0.9228645230902718,0.0,1.0,,,,0.9228645230902718,0.5,0.49987619930723726,0.0440944418831589,674
bks,CWE-284,,0.0,1.0,0.8434408217666631,0.0,1.0,,,,0.8434408217666631,0.5,0.5364189551176985,0.14295122746357186,1368
bks,CWE-664,0.6049542226405408,0.1439660344270617,0.9656771703301171,0.7565812019357997,0.03432282966988292,0.8560339655729383,0.2319791678557305,0.16970366554434718,0.1987164150775797,0.7468419245860716,0.5548216023785895,0.5802150358455613,0.28652167261500716,2327
bks,CWE-682,,0.0,1.0,0.9668111850213809,0.0,1.0,,,,0.9668111850213809,0.5,0.5065419704492584,0.03416426997213835,290
bks,CWE-691,,0.0,1.0,0.9909590780140002,0.0,1.0,,,,0.9909590780140002,0.5,0.6052038799612125,0.007545174376184761,79
bks,CWE-693,0.7882477819456432,0.4217705546460088,0.9721565882086305,0.8838928727991993,0.027843411791369604,0.5782294453539911,0.5416076555002766,0.4619975547531146,0.5111797121713192,0.8723815409360135,0.6969635714273197,0.7327012448429201,0.5461433117758847,1584
bks,CWE-697,,0.0,1.0,0.9951941167548816,0.0,1.0,,,,0.9951941167548816,0.5,0.5,0.003086682778542714,42
bks,CWE-703,,0.0,1.0,0.9934766053347575,0.0,1.0,,,,0.9934766053347575,0.5,0.5002296549687754,0.006365054184420136,57
bks,CWE-707,0.6344032356308761,0.3685578747628083,0.9481077277594696,0.8610739076609866,0.05189227224053041,0.6314421252371917,0.46570083329815065,0.4020484058479085,0.39591435839558875,0.8350812092477755,0.6583328012611389,0.7247477681100299,0.4499190491631088,1704
bks,CWE-710,,0.0,1.0,0.9228645230902718,0.0,1.0,,,,0.9228645230902718,0.5,0.5001238006927627,0.04410606710160132,674
logistic_regression,CWE-284,0.38922015041663477,0.10308280527258629,0.9696041475197177,0.8534524827101011,0.030395852480282315,0.8969171947274137,0.16288174797822097,0.12082134477360136,0.1327561983610467,0.8339422310929775,0.536343476396152,0.5364070047164161,0.14356466054646358,1368
logistic_regression,CWE-664,0.6049542226405408,0.1439660344270617,0.9656771703301171,0.7565812019357997,0.03432282966988292,0.8560339655729383,0.2319791678557305,0.16970366554434718,0.1987164150775797,0.7468419245860716,0.5548216023785895,0.5799919595944012,0.27772971420872344,2327
logistic_regression,CWE-682,0.45,0.013793103448275862,0.9992908374502412,0.9672317874343024,0.000709162549758934,0.9862068965517242,0.03320575906688537,0.021345177720205,0.0718237796595658,0.9665835252008665,0.5065419704492584,0.5065419704492584,0.03416426997213835,290
logistic_regression,CWE-691,0.011424834830397954,1.0,0.21040775992242505,1.0,0.789592240077575,0.0,0.022591324993451352,0.054625550469275475,0.04902842133809123,0.2175453025631669,0.6052038799612125,0.6052038799612125,0.007545174376184761,79
logistic_regression,CWE-693,0.6948055506442354,0.5019067204408417,0.9509155304201935,0.8960686265883158,0.049084469579806486,0.4980932795591583,0.5824970440325553,0.5312643372086457,0.51715700228596,0.8695152039472991,0.7264111254305176,0.7326719064088036,0.5454487492527192,1584
logistic_regression,CWE-697,0.004805883245118462,1.0,0.0,,1.0,0.0,0.00956565387306001,0.02357485235702449,,0.004805883245118462,0.5,0.5,0.003086682778542714,42
logistic_regression,CWE-703,0.006668672097116025,0.6,0.4001151410477835,0.99579503929054,0.5998848589522165,0.4,0.013248830601153061,0.032475532328306723,0.0019880165688830084,0.4015917928716378,0.5000575705238918,0.5001150417882596,0.006363909428139547,57
logistic_regression,CWE-707,0.5619060956553318,0.48827669484215974,0.9074628017490161,0.879821261782527,0.09253719825098387,0.5117233051578403,0.5221349473471415,0.5012023136543291,0.418008010301396,0.8257063821942785,0.6978697482955878,0.7159233723940842,0.37727833793126353,1704
logistic_regression,CWE-710,0.07713547690972833,1.0,0.0,,1.0,0.0,0.1432231180421985,0.29473696888332385,,0.07713547690972833,0.5,0.5,0.04409451749295188,674
logistic_interactions,CWE-284,0.38922015041663477,0.10308280527258629,0.9696041475197177,0.8534524827101011,0.030395852480282315,0.8969171947274137,0.16288174797822097,0.12082134477360136,0.1327561983610467,0.8339422310929775,0.536343476396152,0.5363787860699123,0.14186491082779673,1368
logistic_interactions,CWE-664,0.6049542226405408,0.1439660344270617,0.9656771703301171,0.7565812019357997,0.03432282966988292,0.8560339655729383,0.2319791678557305,0.16970366554434718,0.1987164150775797,0.7468419245860716,0.5548216023785895,0.5802150358455613,0.28652167261500716,2327
logistic_interactions,CWE-682,0.45,0.013793103448275862,0.9992908374502412,0.9672317874343024,0.000709162549758934,0.9862068965517242,0.03320575906688537,0.021345177720205,0.0718237796595658,0.9665835252008665,0.5065419704492584,0.5065419704492584,0.03416426997213835,290
logistic_interactions,CWE-691,0.011424834830397954,1.0,0.21040775992242505,1.0,0.789592240077575,0.0,0.022591324993451352,0.054625550469275475,0.04902842133809123,0.2175453025631669,0.6052038799612125,0.6052038799612125,0.007545174376184761,79
logistic_interactions,CWE-693,0.694537413051345,0.5012758056143433,0.9509155304201935,0.8959505279246223,0.049084469579806486,0.49872419438565674,0.5819768303013324,0.5306668856209784,0.5166274846280885,0.8694005907667833,0.7260956680172684,0.7326719064088036,0.5454487492527192,1584
logistic_interactions,CWE-697,0.004805883245118462,1.0,0.0,,1.0,0.0,0.00956565387306001,0.02357485235702449,,0.004805883245118462,0.5,0.5,0.003086682778542714,42
logistic_interactions,CWE-703,0.006668672097116025,0.6,0.4001151410477835,0.99579503929054,0.5998848589522165,0.4,0.013248830601153061,0.032475532328306723,0.0019880165688830084,0.4015917928716378,0.5000575705238918,0.5001150417882596,0.006363909428139547,57
logistic_interactions,CWE-707,0.5619060956553318,0.48827669484215974,0.9074628017490161,0.879821261782527,0.09253719825098387,0.5117233051578403,0.5221349473471415,0.5012023136543291,0.418008010301396,0.8257063821942785,0.6978697482955878,0.7247477681100299,0.4499190491631088,1704
logistic_interactions,CWE-710,0.07713547690972833,1.0,0.0,,1.0,0.0,0.1432231180421985,0.29473696888332385,,0.07713547690972833,0.5,0.5,0.04409451749295188,674
