strategy,tau,precision,recall,f1,f2,mcc,roc_auc
tool:codeql,0.1,0.5769003261804773,0.3183941340636619,0.4102575195321432,0.3497099798198867,-0.10092071749666695,0.44966454307016956
tool:codeql,0.2,0.5769003261804773,0.3183941340636619,0.4102575195321432,0.3497099798198867,-0.10092071749666695,0.44966454307016956
tool:codeql,0.3,0.5769003261804773,0.3183941340636619,0.4102575195321432,0.3497099798198867,-0.10092071749666695,0.44966454307016956
tool:codeql,0.4,0.5769003261804773,0.3183941340636619,0.4102575195321432,0.3497099798198867,-0.10092071749666695,0.44966454307016956
tool:codeql,0.5,0.5769003261804773,0.3183941340636619,0.4102575195321432,0.3497099798198867,-0.10092071749666695,0.44966454307016956
tool:codeql,0.6,0.5769003261804773,0.3183941340636619,0.4102575195321432,0.3497099798198867,-0.10092071749666695,0.44966454307016956
tool:codeql,0.7,0.5769003261804773,0.3183941340636619,0.4102575195321432,0.3497099798198867,-0.10092071749666695,0.44966454307016956
tool:codeql,0.8,0.5769003261804773,0.3183941340636619,0.4102575195321432,0.3497099798198867,-0.10092071749666695,0.44966454307016956
tool:codeql,0.9,0.5769003261804773,0.3183941340636619,0.4102575195321432,0.3497099798198867,-0.10092071749666695,0.44966454307016956
tool:joern,0.1,0.93,0.004808220275446221,0.00956012337546366,0.006001431557474274,0.03420764047233443,0.5020841101377231
tool:joern,0.2,0.93,0.004808220275446221,0.00956012337546366,0.006001431557474274,0.03420764047233443,0.5020841101377231
tool:joern,0.3,0.93,0.004808220275446221,0.00956012337546366,0.006001431557474274,0.03420764047233443,0.5020841101377231
tool:joern,0.4,0.93,0.004808220275446221,0.00956012337546366,0.006001431557474274,0.03420764047233443,0.5020841101377231
tool:joern,0.5,0.93,0.004808220275446221,0.00956012337546366,0.006001431557474274,0.03420764047233443,0.5020841101377231
tool:joern,0.6,0.93,0.004808220275446221,0.00956012337546366,0.006001431557474274,0.03420764047233443,0.5020841101377231
tool:joern,0.7,0.93,0.004808220275446221,0.00956012337546366,0.006001431557474274,0.03420764047233443,0.5020841101377231
tool:joern,0.8,0.93,0.004808220275446221,0.00956012337546366,0.006001431557474274,0.03420764047233443,0.5020841101377231
tool:joern,0.9,0.93,0.004808220275446221,0.00956012337546366,0.006001431557474274,0.03420764047233443,0.5020841101377231
tool:semgrep,0.1,0.757611796976233,0.4180338453069785,0.5386704979170757,0.4591549935699787,0.17797226253988496,0.5887388395863966
tool:semgrep,0.2,0.757611796976233,0.4180338453069785,0.5386704979170757,0.4591549935699787,0.17797226253988496,0.5887388395863966
tool:semgrep,0.3,0.757611796976233,0.4180338453069785,0.5386704979170757,0.4591549935699787,0.17797226253988496,0.5887388395863966
tool:semgrep,0.4,0.757611796976233,0.4180338453069785,0.5386704979170757,0.4591549935699787,0.17797226253988496,0.5887388395863966
tool:semgrep,0.5,0.757611796976233,0.4180338453069785,0.5386704979170757,0.4591549935699787,0.17797226253988496,0.5887388395863966
tool:semgrep,0.6,0.757611796976233,0.4180338453069785,0.5386704979170757,0.4591549935699787,0.17797226253988496,0.5887388395863966
tool:semgrep,0.7,0.757611796976233,0.4180338453069785,0.5386704979170757,0.4591549935699787,0.17797226253988496,0.5887388395863966
tool:semgrep,0.8,0.757611796976233,0.4180338453069785,0.5386704979170757,0.4591549935699787,0.17797226253988496,0.5887388395863966
tool:semgrep,0.9,0.757611796976233,0.4180338453069785,0.5386704979170757,0.4591549935699787,0.17797226253988496,0.5887388395863966
or_1_of_3,0.1,0.6445560505432818,0.4679197209756866,0.542180307478757,0.49503611118658475,0.004523870473169325,0.5023552598488656
or_1_of_3,0.2,0.6445560505432818,0.4679197209756866,0.542180307478757,0.49503611118658475,0.004523870473169325,0.5023552598488656
or_1_of_3,0.3,0.6445560505432818,0.4679197209756866,0.542180307478757,0.49503611118658475,0.004523870473169325,0.5023552598488656
or_1_of_3,0.4,0.6445560505432818,0.4679197209756866,0.542180307478757,0.49503611118658475,0.004523870473169325,0.5023552598488656
or_1_of_3,0.5,0.6445560505432818,0.4679197209756866,0.542180307478757,0.49503611118658475,0.004523870473169325,0.5023552598488656
or_1_of_3,0.6,0.6445560505432818,0.4679197209756866,0.542180307478757,0.49503611118658475,0.004523870473169325,0.5023552598488656
or_1_of_3,0.7,0.6445560505432818,0.4679197209756866,0.542180307478757,0.49503611118658475,0.004523870473169325,0.5023552598488656
or_1_of_3,0.8,0.6445560505432818,0.4679197209756866,0.542180307478757,0.49503611118658475,0.004523870473169325,0.5023552598488656
or_1_of_3,0.9,0.6445560505432818,0.4679197209756866,0.542180307478757,0.49503611118658475,0.004523870473169325,0.5023552598488656
traditional_2_of_3,0.1,0.6445560505432818,0.4679197209756866,0.542180307478757,0.49503611118658475,0.004523870473169325,0.526757962568723
traditional_2_of_3,0.2,0.6445560505432818,0.4679197209756866,0.542180307478757,0.49503611118658475,0.004523870473169325,0.526757962568723
traditional_2_of_3,0.3,0.6445560505432818,0.4679197209756866,0.542180307478757,0.49503611118658475,0.004523870473169325,0.526757962568723
traditional_2_of_3,0.4,0.7668020290195561,0.23589512320991696,0.36062599585259464,0.27376302709411043,0.1283471766353676,0.526757962568723
traditional_2_of_3,0.5,0.7668020290195561,0.23589512320991696,0.36062599585259464,0.27376302709411043,0.1283471766353676,0.526757962568723
traditional_2_of_3,0.6,0.7668020290195561,0.23589512320991696,0.36062599585259464,0.27376302709411043,0.1283471766353676,0.526757962568723
traditional_2_of_3,0.7,1.0,0.0019613131290670523,0.003911551209093005,0.00244990622721011,0.02525430913089327,0.526757962568723
traditional_2_of_3,0.8,1.0,0.0019613131290670523,0.003911551209093005,0.00244990622721011,0.02525430913089327,0.526757962568723
traditional_2_of_3,0.9,1.0,0.0019613131290670523,0.003911551209093005,0.00244990622721011,0.02525430913089327,0.526757962568723
traditional_2_of_supported,0.1,0.6445560505432818,0.4679197209756866,0.542180307478757,0.49503611118658475,0.004523870473169325,0.48087282076093363
traditional_2_of_supported,0.2,0.6445560505432818,0.4679197209756866,0.542180307478757,0.49503611118658475,0.004523870473169325,0.48087282076093363
traditional_2_of_supported,0.3,0.6445560505432818,0.4679197209756866,0.542180307478757,0.49503611118658475,0.004523870473169325,0.48087282076093363
traditional_2_of_supported,0.4,0.6176759471647207,0.4103451667754968,0.49307016688961064,0.43986002721656003,-0.04412468522832742,0.48087282076093363
traditional_2_of_supported,0.5,0.6176759471647207,0.4103451667754968,0.49307016688961064,0.43986002721656003,-0.04412468522832742,0.48087282076093363
traditional_2_of_supported,0.6,0.6076496686008331,0.2710033793532024,0.3747484944565949,0.30474326545300146,-0.045734311047508566,0.48087282076093363
traditional_2_of_supported,0.7,0.5614835824282196,0.21771653448845707,0.3136777084551194,0.24806703585413503,-0.09697294579825916,0.48087282076093363
traditional_2_of_supported,0.8,0.5614835824282196,0.21771653448845707,0.3136777084551194,0.24806703585413503,-0.09697294579825916,0.48087282076093363
traditional_2_of_supported,0.9,0.5614835824282196,0.21771653448845707,0.3136777084551194,0.24806703585413503,-0.09697294579825916,0.48087282076093363
weighted_fire_ppv_silence_npv,0.1,0.647782246362484,0.4673811135435148,0.5429577770108389,0.4949333334777422,0.010771271516947015,0.5357461588449296
weighted_fire_ppv_silence_npv,0.2,0.6560082922935327,0.4655919725322303,0.5446018807775396,0.49427031653699915,0.026305838018811624,0.5357461588449296
weighted_fire_ppv_silence_npv,0.3,0.739503340784697,0.4252080834123869,0.5397885919186406,0.46464348821825163,0.1549261419908566,0.5357461588449296
weighted_fire_ppv_silence_npv,0.4,0.744428838239421,0.3006910039108499,0.4272970115570785,0.3410398475552352,0.12437057610643953,0.5357461588449296
weighted_fire_ppv_silence_npv,0.5,0.766244103234583,0.2367853179025356,0.36158796747522476,0.27470325943897067,0.12807676282678723,0.5357461588449296
weighted_fire_ppv_silence_npv,0.6,0.766244103234583,0.2367853179025356,0.36158796747522476,0.27470325943897067,0.12807676282678723,0.5357461588449296
weighted_fire_ppv_silence_npv,0.7,0.6632468480667435,0.13165358785550785,0.21948590353001415,0.15673729700125644,0.0157129881274684,0.5357461588449296
weighted_fire_ppv_silence_npv,0.8,0.6632468480667435,0.13165358785550785,0.21948590353001415,0.15673729700125644,0.0157129881274684,0.5357461588449296
weighted_fire_ppv_silence_npv,0.9,0.6632468480667435,0.13165358785550785,0.21948590353001415,0.15673729700125644,0.0157129881274684,0.5357461588449296
weighted_fire_ppv_silence_sensitivity,0.1,0.647782246362484,0.4673811135435148,0.5429577770108389,0.4949333334777422,0.010771271516947015,0.5418121204487473
weighted_fire_ppv_silence_sensitivity,0.2,0.647782246362484,0.4673811135435148,0.5429577770108389,0.4949333334777422,0.010771271516947015,0.5418121204487473
weighted_fire_ppv_silence_sensitivity,0.3,0.647782246362484,0.4673811135435148,0.5429577770108389,0.4949333334777422,0.010771271516947015,0.5418121204487473
weighted_fire_ppv_silence_sensitivity,0.4,0.7149514758827643,0.4424525020132949,0.5465084855734622,0.47891371222644885,0.12294006657710102,0.5418121204487473
weighted_fire_ppv_silence_sensitivity,0.5,0.7148664441525029,0.4422739305847235,0.5463446706618035,0.47873753269505476,0.12277083938490045,0.5418121204487473
weighted_fire_ppv_silence_sensitivity,0.6,0.7701398164422105,0.39629074622811916,0.5231211665028133,0.43883288377480073,0.18693849317875624,0.5418121204487473
weighted_fire_ppv_silence_sensitivity,0.7,0.764083008300838,0.33676187768254107,0.46724831418675905,0.3790927382837978,0.1591338699077797,0.5418121204487473
weighted_fire_ppv_silence_sensitivity,0.8,0.764083008300838,0.33676187768254107,0.46724831418675905,0.3790927382837978,0.1591338699077797,0.5418121204487473
weighted_fire_ppv_silence_sensitivity,0.9,0.7480413108077835,0.2891820364968454,0.4168620720760282,0.3295416502698517,0.1260452736402981,0.5418121204487473
weighted_fire_specificity_silence_npv,0.1,0.6445560505432818,0.4679197209756866,0.542180307478757,0.49503611118658475,0.004523870473169325,0.4828292499670274
weighted_fire_specificity_silence_npv,0.2,0.6445560505432818,0.4679197209756866,0.542180307478757,0.49503611118658475,0.004523870473169325,0.4828292499670274
weighted_fire_specificity_silence_npv,0.3,0.6445560505432818,0.4679197209756866,0.542180307478757,0.49503611118658475,0.004523870473169325,0.4828292499670274
weighted_fire_specificity_silence_npv,0.4,0.6176759471647207,0.4103451667754968,0.49307016688961064,0.43986002721656003,-0.04412468522832742,0.4828292499670274
weighted_fire_specificity_silence_npv,0.5,0.6390478391327735,0.3896952523172158,0.4840991349113165,0.4226583255090796,-0.005294260657084088,0.4828292499670274
weighted_fire_specificity_silence_npv,0.6,0.6076496686008331,0.2710033793532024,0.3747484944565949,0.30474326545300146,-0.045734311047508566,0.4828292499670274
weighted_fire_specificity_silence_npv,0.7,0.6057097827671193,0.2685129795784551,0.37200407680324254,0.30212833291366353,-0.04811380957535813,0.4828292499670274
weighted_fire_specificity_silence_npv,0.8,0.5614835824282196,0.21771653448845707,0.3136777084551194,0.24806703585413503,-0.09697294579825916,0.4828292499670274
weighted_fire_specificity_silence_npv,0.9,0.5614835824282196,0.21771653448845707,0.3136777084551194,0.24806703585413503,-0.09697294579825916,0.4828292499670274
weighted_fire_specificity_silence_sensitivity,0.1,0.6445560505432818,0.4679197209756866,0.542180307478757,0.49503611118658475,0.004523870473169325,0.48919489606962596
weighted_fire_specificity_silence_sensitivity,0.2,0.6445560505432818,0.4679197209756866,0.542180307478757,0.49503611118658475,0.004523870473169325,0.48919489606962596
weighted_fire_specificity_silence_sensitivity,0.3,0.6445560505432818,0.4679197209756866,0.542180307478757,0.49503611118658475,0.004523870473169325,0.48919489606962596
weighted_fire_specificity_silence_sensitivity,0.4,0.6445560505432818,0.4679197209756866,0.542180307478757,0.49503611118658475,0.004523870473169325,0.48919489606962596
weighted_fire_specificity_silence_sensitivity,0.5,0.6445560505432818,0.4679197209756866,0.542180307478757,0.49503611118658475,0.004523870473169325,0.48919489606962596
weighted_fire_specificity_silence_sensitivity,0.6,0.6444655658727327,0.46774114954711515,0.5420265030966486,0.49486461653615904,0.004351894957561495,0.48919489606962596
weighted_fire_specificity_silence_sensitivity,0.7,0.6620483713437169,0.4182293397575779,0.5125872951554371,0.45146781772969496,0.03415967758563454,0.48919489606962596
weighted_fire_specificity_silence_sensitivity,0.8,0.6316207272127053,0.36243755311176684,0.4605362007073962,0.3961897139574543,-0.016870213023960724,0.48919489606962596
weighted_fire_specificity_silence_sensitivity,0.9,0.6456759837732375,0.35458854040947135,0.45771794626963197,0.38970499098794475,0.005278937135537476,0.48919489606962596
dst_dempster,0.1,0.6176759471647207,0.4103451667754968,0.49307016688961064,0.43986002721656003,-0.04412468522832742,0.5042463755488017
dst_dempster,0.2,0.6301221054739166,0.3424555618480443,0.4436809639319641,0.3768396592327388,-0.01850047628527441,0.5042463755488017
dst_dempster,0.3,0.623482796450544,0.3121695167750703,0.4159618180332817,0.3467748248732586,-0.026967140656301215,0.5042463755488017
dst_dempster,0.4,0.6097752052549222,0.27910418943421045,0.3825841149033967,0.31293410125515864,-0.04362877052907652,0.5042463755488017
dst_dempster,0.5,0.6076496686008331,0.2710033793532024,0.3747484944565949,0.30474326545300146,-0.045734311047508566,0.5042463755488017
dst_dempster,0.6,0.766244103234583,0.2367853179025356,0.36158796747522476,0.27470325943897067,0.12807676282678723,0.5042463755488017
dst_dempster,0.7,0.7662468630541517,0.23624879252910352,0.36096012856559867,0.27412492914574604,0.12791464109937964,0.5042463755488017
dst_dempster,0.8,0.6641881569979345,0.1311195810986426,0.2187869601837451,0.15614041327903552,0.016381624011369788,0.5042463755488017
dst_dempster,0.9,0.9777777777777779,0.0024951209582485473,0.004964432129886934,0.0031148466363089882,0.024659729210947053,0.5042463755488017
dst_pcr6,0.1,0.6445560505432818,0.4679197209756866,0.542180307478757,0.49503611118658475,0.004523870473169325,0.5096221371516195
dst_pcr6,0.2,0.6674785091587736,0.42925364321478127,0.5224642208681838,0.46223640059558513,0.044175587109209755,0.5096221371516195
dst_pcr6,0.3,0.6301221054739166,0.3424555618480443,0.4436809639319641,0.3768396592327388,-0.01850047628527441,0.5096221371516195
dst_pcr6,0.4,0.623482796450544,0.3121695167750703,0.4159618180332817,0.3467748248732586,-0.026967140656301215,0.5096221371516195
dst_pcr6,0.5,0.6076496686008331,0.2710033793532024,0.3747484944565949,0.30474326545300146,-0.045734311047508566,0.5096221371516195
dst_pcr6,0.6,0.766244103234583,0.2367853179025356,0.36158796747522476,0.27470325943897067,0.12807676282678723,0.5096221371516195
dst_pcr6,0.7,0.6635916791596997,0.13111706248207572,0.21875060221002962,0.15613080331489954,0.015912938205919602,0.5096221371516195
dst_pcr6,0.8,0.6637922961742662,0.1305857732694611,0.21803748101371906,0.1555339849785488,0.016070535133349696,0.5096221371516195
dst_pcr6,0.9,1.0,0.0019613131290670523,0.003911551209093005,0.00244990622721011,0.02525430913089327,0.5096221371516195
dst_yager,0.1,0.6445560505432818,0.4679197209756866,0.542180307478757,0.49503611118658475,0.004523870473169325,0.5108883915585145
dst_yager,0.2,0.6445560505432818,0.4679197209756866,0.542180307478757,0.49503611118658475,0.004523870473169325,0.5108883915585145
dst_yager,0.3,0.6625929723359943,0.41426308808495244,0.509728409291121,0.4478023652215322,0.03472878660857452,0.5108883915585145
dst_yager,0.4,0.6251900530262655,0.3189617866858438,0.42229288967675666,0.3535561933971062,-0.024814291048935053,0.5108883915585145
dst_yager,0.5,0.6076496686008331,0.2710033793532024,0.3747484944565949,0.30474326545300146,-0.045734311047508566,0.5108883915585145
dst_yager,0.6,0.6632468480667435,0.13165358785550785,0.21948590353001415,0.15673729700125644,0.0157129881274684,0.5108883915585145
dst_yager,0.7,0.6635916791596997,0.13111706248207572,0.21875060221002962,0.15613080331489954,0.015912938205919602,0.5108883915585145
dst_yager,0.8,0.6637922961742662,0.1305857732694611,0.21803748101371906,0.1555339849785488,0.016070535133349696,0.5108883915585145
dst_yager,0.9,1.0,0.0019613131290670523,0.003911551209093005,0.00244990622721011,0.02525430913089327,0.5108883915585145
naive_bayes,0.1,0.6422467665101997,1.0,0.7821552038708117,0.8997595724484903,,0.604423435339303
naive_bayes,0.2,0.6459820902393795,0.9982108589887154,0.7843671540826505,0.9000565993676929,0.09068549851973566,0.604423435339303
naive_bayes,0.3,0.7444917947150509,0.43655961207236277,0.5502704981857681,0.4758836060370338,0.16551124065827663,0.604423435339303
naive_bayes,0.4,0.7341673199105717,0.4062464853383843,0.5229421830999599,0.4460501607010192,0.14202783394882545,0.604423435339303
naive_bayes,0.5,0.7620686815636444,0.3517696835519026,0.48112816233929934,0.39414135339098655,0.1616533717964712,0.604423435339303
naive_bayes,0.6,0.7628321852228578,0.3501509681089297,0.47981831634578676,0.39257494101633983,0.1621715594483914,0.604423435339303
naive_bayes,0.7,0.7965006266331376,0.20147495099374851,0.31602290838357516,0.2355258966049349,0.13092042258072262,0.604423435339303
naive_bayes,0.8,0.9468500467653131,0.10869368820229663,0.1949632015824196,0.13206892807841453,0.17931586888710813,0.604423435339303
naive_bayes,0.9,0.9468500467653131,0.10869368820229663,0.1949632015824196,0.13206892807841453,0.17931586888710813,0.604423435339303
noisy_or,0.1,0.6422467665101997,1.0,0.7821552038708117,0.8997595724484903,,0.5557616019069379
noisy_or,0.2,0.6422467665101997,1.0,0.7821552038708117,0.8997595724484903,,0.5557616019069379
noisy_or,0.3,0.647782246362484,0.4673811135435148,0.5429577770108389,0.4949333334777422,0.010771271516947015,0.5557616019069379
noisy_or,0.4,0.6540919370038574,0.46595553716779897,0.5441712854603544,0.49437144197143573,0.022653069330994532,0.5557616019069379
noisy_or,0.5,0.7336285410692984,0.4094428581862547,0.5255182510741239,0.44911847049412745,0.1423240884554812,0.5557616019069379
noisy_or,0.6,0.7340172388255061,0.40162794296122123,0.5190767148250142,0.4415842982229613,0.1406247819371948,0.5557616019069379
noisy_or,0.7,0.7606048460699552,0.3615376485455491,0.4899366148673776,0.4038605042041815,0.1631182191227492,0.5557616019069379
noisy_or,0.8,0.8687677951303685,0.12080820472439938,0.21207159950524881,0.145926875042448,0.148080591779875,0.5557616019069379
noisy_or,0.9,0.9468500467653131,0.10869368820229663,0.1949632015824196,0.13206892807841453,0.17931586888710813,0.5557616019069379
bks,0.1,0.6422467665101997,1.0,0.7821552038708117,0.8997595724484903,,0.6051869713338907
bks,0.2,0.6520524579093452,0.9941071100590678,0.787539657810177,0.8997102608754372,0.1408221807607492,0.6051869713338907
bks,0.3,0.7443347164212318,0.4362031047007308,0.5499434217245642,0.47553146801222945,0.16517804918256684,0.6051869713338907
bks,0.4,0.7452322518812226,0.4010661269920187,0.5214216933909718,0.44185653053042395,0.15601872076739448,0.6051869713338907
bks,0.5,0.7660981852631358,0.3271963000645556,0.4576453441078647,0.3692386159291952,0.15879352073628208,0.6051869713338907
bks,0.6,0.7662734661565371,0.23518416128526365,0.3597336832097783,0.27298269246258056,0.12760729450686312,0.6051869713338907
bks,0.7,0.9463593731301785,0.10762205478853207,0.19322206155576416,0.13079997383318087,0.17811483704296138,0.6051869713338907
bks,0.8,0.9460404676046883,0.10424197529848234,0.1877431894937315,0.126799687459126,0.17496560153972784,0.6051869713338907
bks,0.9,,0.0,,,,0.6051869713338907
logistic_regression,0.1,0.6422467665101997,1.0,0.7821552038708117,0.8997595724484903,,0.6226507654954315
logistic_regression,0.2,0.6422467665101997,1.0,0.7821552038708117,0.8997595724484903,,0.6226507654954315
logistic_regression,0.3,0.6422467665101997,1.0,0.7821552038708117,0.8997595724484903,,0.6226507654954315
logistic_regression,0.4,0.6422467665101997,1.0,0.7821552038708117,0.8997595724484903,,0.6226507654954315
logistic_regression,0.5,0.6422467665101997,1.0,0.7821552038708117,0.8997595724484903,,0.6226507654954315
logistic_regression,0.6,0.7444101241360211,0.43638104064379135,0.5501042105223231,0.47570630242548856,0.16534369639259122,0.6226507654954315
logistic_regression,0.7,0.7456138615086376,0.4298005734571214,0.5451619885043247,0.46953140101627805,0.16508673589603953,0.6226507654954315
logistic_regression,0.8,0.7459543318927323,0.38489033304560305,0.5076837070394851,0.4261069683922483,0.1519870637940228,0.6226507654954315
logistic_regression,0.9,0.9443697985757412,0.10975831944613645,0.1966265428234333,0.1333173536391157,0.17906577321804446,0.6226507654954315
logistic_interactions,0.1,0.6422467665101997,1.0,0.7821552038708117,0.8997595724484903,,0.625972271705138
logistic_interactions,0.2,0.6422467665101997,1.0,0.7821552038708117,0.8997595724484903,,0.625972271705138
logistic_interactions,0.3,0.6422467665101997,1.0,0.7821552038708117,0.8997595724484903,,0.625972271705138
logistic_interactions,0.4,0.6422467665101997,1.0,0.7821552038708117,0.8997595724484903,,0.625972271705138
logistic_interactions,0.5,0.6422467665101997,1.0,0.7821552038708117,0.8997595724484903,,0.625972271705138
logistic_interactions,0.6,0.7444101241360211,0.43638104064379135,0.5501042105223231,0.47570630242548856,0.16534369639259122,0.625972271705138
logistic_interactions,0.7,0.7518428208387798,0.4333553898528799,0.54976995646301,0.4734533738939383,0.17521907652057772,0.625972271705138
logistic_interactions,0.8,0.7838904500862326,0.3234195011370231,0.4566376301762894,0.36605228185244587,0.17542973685610302,0.625972271705138
logistic_interactions,0.9,0.9439973335870185,0.1090473575214832,0.19547679980302418,0.13247656873813413,0.17826370409693387,0.625972271705138
always_vulnerable,0.0,0.6422467665101997,1.0,0.7821552038708117,0.8997595724484903,,0.5
