cwe,family,level
CWE-1,,class
CWE-3,,class
CWE-6,CWE-330,class
CWE-7,CWE-755,class
CWE-9,CWE-269,class
CWE-11,CWE-710,class
CWE-15,CWE-642,class
CWE-20,CWE-20,class
CWE-22,CWE-706,class
CWE-23,CWE-706,class
CWE-24,CWE-706,class
CWE-25,CWE-706,class
CWE-34,CWE-706,class
CWE-35,CWE-706,class
CWE-36,CWE-706,class
CWE-40,CWE-706,class
CWE-41,CWE-706,class
CWE-46,CWE-706,class
CWE-47,CWE-706,class
CWE-48,CWE-706,class
CWE-58,CWE-706,class
CWE-59,CWE-706,class
CWE-61,CWE-706,class
CWE-64,CWE-706,class
CWE-67,CWE-706,class
CWE-69,CWE-706,class
CWE-73,CWE-642,class
CWE-74,CWE-74,class
CWE-75,CWE-75,class
CWE-77,CWE-77,class
CWE-78,CWE-77,class
CWE-79,CWE-74,class
CWE-80,CWE-74,class
CWE-81,CWE-74,class
CWE-82,CWE-74,class
CWE-83,CWE-74,class
CWE-84,CWE-74,class
CWE-85,CWE-74,class
CWE-86,CWE-74,class
CWE-87,CWE-74,class
CWE-88,CWE-77,class
CWE-89,CWE-943,class
CWE-90,CWE-943,class
CWE-91,CWE-74,class
CWE-93,CWE-74,class
CWE-94,CWE-74,class
CWE-95,CWE-74,class
CWE-96,CWE-74,class
CWE-97,CWE-74,class
CWE-98,CWE-669,class
CWE-99,CWE-99,class
CWE-106,CWE-20,class
CWE-111,CWE-573,class
CWE-112,CWE-20,class
CWE-113,CWE-74,class
CWE-114,CWE-114,class
CWE-115,CWE-436,class
CWE-116,CWE-116,class
CWE-117,CWE-116,class
CWE-118,CWE-118,class
CWE-119,CWE-119,class
CWE-120,CWE-119,class
CWE-121,CWE-119,class
CWE-122,CWE-119,class
CWE-125,CWE-119,class
CWE-126,CWE-119,class
CWE-127,CWE-119,class
CWE-128,CWE-682,class
CWE-129,CWE-20,class
CWE-130,CWE-228,class
CWE-131,CWE-682,class
CWE-134,CWE-668,class
CWE-138,CWE-138,class
CWE-140,CWE-138,class
CWE-146,CWE-138,class
CWE-147,CWE-138,class
CWE-149,CWE-138,class
CWE-150,CWE-138,class
CWE-158,CWE-138,class
CWE-162,CWE-138,class
CWE-172,CWE-172,class
CWE-173,CWE-172,class
CWE-176,CWE-172,class
CWE-177,CWE-172,class
CWE-179,CWE-696,class
CWE-180,CWE-696,class
CWE-181,CWE-696,class
CWE-182,CWE-707,class
CWE-183,CWE-697,class
CWE-184,CWE-693,class
CWE-185,CWE-185,class
CWE-188,CWE-758,class
CWE-190,CWE-682,class
CWE-191,CWE-682,class
CWE-192,CWE-704,class
CWE-194,CWE-704,class
CWE-196,CWE-704,class
CWE-197,CWE-704,class
CWE-200,CWE-200,class
CWE-201,CWE-200,class
CWE-202,CWE-285,class
CWE-203,CWE-200,class
CWE-204,CWE-200,class
CWE-205,CWE-200,class
CWE-207,CWE-200,class
CWE-208,CWE-200,class
CWE-209,CWE-200,class
CWE-210,CWE-200,class
CWE-211,CWE-200,class
CWE-212,CWE-669,class
CWE-213,CWE-200,class
CWE-214,CWE-200,class
CWE-215,CWE-200,class
CWE-219,CWE-668,class
CWE-222,CWE-221,class
CWE-223,CWE-221,class
CWE-224,CWE-221,class
CWE-226,CWE-404,class
CWE-233,CWE-228,class
CWE-235,CWE-228,class
CWE-241,CWE-228,class
CWE-242,CWE-1177,class
CWE-246,CWE-573,class
CWE-250,CWE-269,class
CWE-256,CWE-522,class
CWE-257,CWE-522,class
CWE-259,CWE-1391,class
CWE-261,CWE-522,class
CWE-262,CWE-1390,class
CWE-263,CWE-1390,class
CWE-267,CWE-269,class
CWE-269,CWE-269,class
CWE-270,CWE-269,class
CWE-271,CWE-271,class
CWE-272,CWE-271,class
CWE-273,CWE-754,class
CWE-274,CWE-755,class
CWE-276,CWE-732,class
CWE-277,CWE-732,class
CWE-282,CWE-282,class
CWE-284,CWE-284,class
CWE-285,CWE-285,class
CWE-287,CWE-287,class
CWE-288,CWE-287,class
CWE-290,CWE-1390,class
CWE-291,CWE-1390,class
CWE-294,CWE-1390,class
CWE-295,CWE-287,class
CWE-296,CWE-287,class
CWE-297,CWE-923,class
CWE-299,CWE-287,class
CWE-300,CWE-300,class
CWE-301,CWE-1390,class
CWE-302,CWE-1390,class
CWE-303,CWE-1390,class
CWE-305,CWE-1390,class
CWE-306,CWE-287,class
CWE-307,CWE-1390,class
CWE-308,CWE-1390,class
CWE-309,CWE-1390,class
CWE-311,CWE-311,class
CWE-312,CWE-311,class
CWE-313,CWE-311,class
CWE-314,CWE-311,class
CWE-315,CWE-311,class
CWE-316,CWE-311,class
CWE-317,CWE-311,class
CWE-318,CWE-311,class
CWE-319,CWE-311,class
CWE-321,CWE-1391,class
CWE-322,CWE-287,class
CWE-325,CWE-327,class
CWE-326,CWE-326,class
CWE-327,CWE-327,class
CWE-328,CWE-327,class
CWE-329,CWE-330,class
CWE-330,CWE-330,class
CWE-331,CWE-330,class
CWE-335,CWE-330,class
CWE-337,CWE-330,class
CWE-338,CWE-330,class
CWE-341,CWE-340,class
CWE-345,CWE-345,class
CWE-346,CWE-346,class
CWE-347,CWE-345,class
CWE-348,CWE-345,class
CWE-349,CWE-345,class
CWE-350,CWE-1390,class
CWE-352,CWE-345,class
CWE-353,CWE-345,class
CWE-354,CWE-345,class
CWE-359,CWE-200,class
CWE-360,CWE-345,class
CWE-362,CWE-362,class
CWE-363,CWE-362,class
CWE-366,CWE-362,class
CWE-367,CWE-362,class
CWE-368,CWE-362,class
CWE-369,CWE-682,class
CWE-372,CWE-664,class
CWE-377,CWE-377,class
CWE-378,CWE-377,class
CWE-379,CWE-377,class
CWE-384,CWE-610,class
CWE-385,CWE-514,class
CWE-391,CWE-754,class
CWE-400,CWE-400,class
CWE-401,CWE-404,class
CWE-402,CWE-402,class
CWE-404,CWE-404,class
CWE-405,CWE-405,class
CWE-406,CWE-406,class
CWE-408,CWE-696,class
CWE-409,CWE-405,class
CWE-410,CWE-410,class
CWE-412,CWE-667,class
CWE-419,CWE-923,class
CWE-421,CWE-923,class
CWE-424,CWE-424,class
CWE-425,CWE-862,class
CWE-426,CWE-642,class
CWE-427,CWE-668,class
CWE-428,CWE-668,class
CWE-430,CWE-691,class
CWE-433,CWE-668,class
CWE-434,CWE-669,class
CWE-436,CWE-436,class
CWE-441,CWE-441,class
CWE-444,CWE-436,class
CWE-451,CWE-451,class
CWE-454,CWE-1419,class
CWE-459,CWE-404,class
CWE-470,CWE-913,class
CWE-471,CWE-664,class
CWE-472,CWE-642,class
CWE-473,CWE-664,class
CWE-476,CWE-710,class
CWE-477,CWE-710,class
CWE-486,CWE-697,class
CWE-488,CWE-668,class
CWE-489,CWE-710,class
CWE-491,CWE-668,class
CWE-492,CWE-668,class
CWE-493,CWE-668,class
CWE-494,CWE-345,class
CWE-497,CWE-200,class
CWE-498,CWE-668,class
CWE-499,CWE-668,class
CWE-500,CWE-668,class
CWE-501,CWE-664,class
CWE-502,CWE-913,class
CWE-506,CWE-506,class
CWE-507,CWE-506,class
CWE-508,CWE-506,class
CWE-509,CWE-506,class
CWE-512,CWE-506,class
CWE-514,CWE-514,class
CWE-515,CWE-514,class
CWE-520,CWE-269,class
CWE-521,CWE-1391,class
CWE-522,CWE-522,class
CWE-523,CWE-522,class
CWE-524,CWE-668,class
CWE-525,CWE-668,class
CWE-527,CWE-668,class
CWE-528,CWE-668,class
CWE-529,CWE-668,class
CWE-532,CWE-200,class
CWE-535,CWE-200,class
CWE-537,CWE-200,class
CWE-538,CWE-200,class
CWE-539,CWE-668,class
CWE-540,CWE-200,class
CWE-541,CWE-200,class
CWE-547,CWE-1078,class
CWE-551,CWE-863,class
CWE-552,CWE-668,class
CWE-553,CWE-668,class
CWE-555,CWE-522,class
CWE-556,CWE-269,class
CWE-558,CWE-662,class
CWE-561,CWE-1164,class
CWE-563,CWE-1164,class
CWE-564,CWE-943,class
CWE-565,CWE-642,class
CWE-566,CWE-863,class
CWE-567,CWE-662,class
CWE-568,CWE-404,class
CWE-573,CWE-573,class
CWE-580,CWE-664,class
CWE-581,CWE-573,class
CWE-582,CWE-668,class
CWE-589,CWE-758,class
CWE-593,CWE-666,class
CWE-594,CWE-1076,class
CWE-598,CWE-200,class
CWE-600,CWE-705,class
CWE-601,CWE-610,class
CWE-602,CWE-602,class
CWE-603,CWE-1390,class
CWE-605,CWE-675,class
CWE-606,CWE-20,class
CWE-607,CWE-664,class
CWE-610,CWE-610,class
CWE-611,CWE-610,class
CWE-612,CWE-285,class
CWE-613,CWE-672,class
CWE-614,CWE-311,class
CWE-616,CWE-345,class
CWE-617,CWE-705,class
CWE-618,CWE-284,class
CWE-619,CWE-402,class
CWE-625,CWE-185,class
CWE-627,CWE-99,class
CWE-639,CWE-863,class
CWE-640,CWE-1390,class
CWE-641,CWE-99,class
CWE-642,CWE-642,class
CWE-643,CWE-943,class
CWE-644,CWE-116,class
CWE-645,CWE-287,class
CWE-646,CWE-345,class
CWE-648,CWE-269,class
CWE-649,CWE-345,class
CWE-650,CWE-436,class
CWE-651,CWE-200,class
CWE-652,CWE-943,class
CWE-653,CWE-653,class
CWE-654,CWE-657,class
CWE-656,CWE-656,class
CWE-657,CWE-657,class
CWE-662,CWE-662,class
CWE-664,CWE-664,class
CWE-665,CWE-665,class
CWE-667,CWE-667,class
CWE-668,CWE-668,class
CWE-671,CWE-671,class
CWE-672,CWE-672,class
CWE-673,CWE-673,class
CWE-674,CWE-674,class
CWE-680,CWE-682,class
CWE-681,CWE-704,class
CWE-682,CWE-682,class
CWE-684,CWE-684,class
CWE-690,CWE-754,class
CWE-692,CWE-693,class
CWE-693,CWE-693,class
CWE-694,CWE-99,class
CWE-695,CWE-573,class
CWE-696,CWE-696,class
CWE-697,CWE-697,class
CWE-706,CWE-706,class
CWE-707,CWE-707,class
CWE-730,,class
CWE-732,CWE-732,class
CWE-733,CWE-1038,class
CWE-749,CWE-284,class
CWE-754,CWE-754,class
CWE-755,CWE-755,class
CWE-757,CWE-693,class
CWE-759,CWE-327,class
CWE-760,CWE-327,class
CWE-766,CWE-732,class
CWE-767,CWE-668,class
CWE-770,CWE-400,class
CWE-772,CWE-404,class
CWE-774,CWE-400,class
CWE-776,CWE-674,class
CWE-777,CWE-185,class
CWE-778,CWE-221,class
CWE-779,CWE-400,class
CWE-780,CWE-327,class
CWE-782,CWE-284,class
CWE-784,CWE-642,class
CWE-787,CWE-119,class
CWE-789,CWE-400,class
CWE-798,CWE-1391,class
CWE-799,CWE-799,class
CWE-804,CWE-863,class
CWE-805,CWE-119,class
CWE-806,CWE-119,class
CWE-807,CWE-693,class
CWE-822,CWE-119,class
CWE-823,CWE-119,class
CWE-827,CWE-706,class
CWE-828,CWE-362,class
CWE-829,CWE-669,class
CWE-830,CWE-669,class
CWE-832,CWE-667,class
CWE-833,CWE-667,class
CWE-835,CWE-834,class
CWE-836,CWE-1390,class
CWE-838,CWE-116,class
CWE-839,CWE-1023,class
CWE-842,CWE-286,class
CWE-862,CWE-862,class
CWE-863,CWE-863,class
CWE-910,CWE-672,class
CWE-912,CWE-912,class
CWE-913,CWE-913,class
CWE-914,CWE-99,class
CWE-915,CWE-913,class
CWE-916,CWE-327,class
CWE-918,CWE-441,class
CWE-920,CWE-400,class
CWE-921,CWE-922,class
CWE-922,CWE-922,class
CWE-923,CWE-923,class
CWE-924,CWE-345,class
CWE-925,CWE-923,class
CWE-926,CWE-285,class
CWE-927,CWE-285,class
CWE-939,CWE-862,class
CWE-940,CWE-923,class
CWE-941,CWE-923,class
CWE-942,CWE-863,class
CWE-943,CWE-943,class
CWE-1004,CWE-732,class
CWE-1007,CWE-451,class
CWE-1021,CWE-441,class
CWE-1022,CWE-269,class
CWE-1037,CWE-1038,class
CWE-1039,CWE-1039,class
CWE-1043,CWE-1093,class
CWE-1053,CWE-1059,class
CWE-1054,CWE-1061,class
CWE-1058,CWE-662,class
CWE-1059,CWE-1059,class
CWE-1082,CWE-1076,class
CWE-1083,CWE-1061,class
CWE-1093,CWE-1093,class
CWE-1101,CWE-710,class
CWE-1102,CWE-758,class
CWE-1103,CWE-758,class
CWE-1106,CWE-1078,class
CWE-1107,CWE-1078,class
CWE-1108,CWE-1076,class
CWE-1112,CWE-1059,class
CWE-1125,CWE-1120,class
CWE-1126,CWE-710,class
CWE-1173,CWE-20,class
CWE-1177,CWE-1177,class
CWE-1188,CWE-1419,class
CWE-1189,CWE-653,class
CWE-1191,CWE-284,class
CWE-1192,CWE-657,class
CWE-1193,CWE-696,class
CWE-1204,CWE-330,class
CWE-1220,CWE-284,class
CWE-1221,CWE-1419,class
CWE-1222,CWE-284,class
CWE-1224,CWE-284,class
CWE-1229,CWE-1229,class
CWE-1230,CWE-285,class
CWE-1231,CWE-284,class
CWE-1232,CWE-667,class
CWE-1233,CWE-284,class
CWE-1234,CWE-667,class
CWE-1239,CWE-404,class
CWE-1240,CWE-327,class
CWE-1241,CWE-330,class
CWE-1242,CWE-912,class
CWE-1243,CWE-1263,class
CWE-1244,CWE-863,class
CWE-1247,CWE-1384,class
CWE-1248,CWE-693,class
CWE-1249,CWE-664,class
CWE-1251,CWE-664,class
CWE-1255,CWE-200,class
CWE-1256,CWE-285,class
CWE-1257,CWE-284,class
CWE-1258,CWE-669,class
CWE-1259,CWE-284,class
CWE-1260,CWE-284,class
CWE-1262,CWE-284,class
CWE-1263,CWE-1263,class
CWE-1264,CWE-662,class
CWE-1265,CWE-662,class
CWE-1266,CWE-404,class
CWE-1269,CWE-693,class
CWE-1270,CWE-284,class
CWE-1271,CWE-909,class
CWE-1272,CWE-404,class
CWE-1274,CWE-284,class
CWE-1275,CWE-923,class
CWE-1276,CWE-284,class
CWE-1277,CWE-1357,class
CWE-1278,CWE-693,class
CWE-1279,CWE-696,class
CWE-1280,CWE-696,class
CWE-1282,CWE-668,class
CWE-1283,CWE-284,class
CWE-1284,CWE-20,class
CWE-1285,CWE-20,class
CWE-1286,CWE-20,class
CWE-1287,CWE-20,class
CWE-1289,CWE-20,class
CWE-1290,CWE-284,class
CWE-1292,CWE-284,class
CWE-1293,CWE-345,class
CWE-1294,CWE-1294,class
CWE-1295,CWE-200,class
CWE-1296,CWE-284,class
CWE-1297,CWE-285,class
CWE-1298,CWE-362,class
CWE-1299,CWE-923,class
CWE-1300,CWE-200,class
CWE-1301,CWE-404,class
CWE-1302,CWE-1294,class
CWE-1303,CWE-653,class
CWE-1304,CWE-284,class
CWE-1312,CWE-284,class
CWE-1313,CWE-284,class
CWE-1316,CWE-284,class
CWE-1319,CWE-693,class
CWE-1320,CWE-284,class
CWE-1321,CWE-913,class
CWE-1322,CWE-834,class
CWE-1323,CWE-284,class
CWE-1325,CWE-400,class
CWE-1326,CWE-693,class
CWE-1327,CWE-668,class
CWE-1328,CWE-285,class
CWE-1329,CWE-1357,class
CWE-1330,CWE-404,class
CWE-1331,CWE-653,class
CWE-1332,CWE-1384,class
CWE-1333,CWE-407,class
CWE-1334,CWE-284,class
CWE-1336,CWE-74,class
CWE-1338,CWE-693,class
CWE-1342,CWE-404,class
CWE-1351,CWE-1384,class
CWE-1357,CWE-1357,class
CWE-1390,CWE-1390,class
CWE-1391,CWE-1391,class
CWE-1392,CWE-1391,class
CWE-1394,CWE-1391,class
CWE-1395,CWE-1395,class
CWE-1420,CWE-669,class
CWE-1421,CWE-669,class
CWE-1422,CWE-669,class
CWE-1423,CWE-669,class
