language,family,pattern,count,n_pos,p_vuln_empirical,n_cells,n_empty_cells,n_singleton_cells,dominant_pattern,dominant_pattern_share,family_support
java,CWE-74,000,6471,549,0.08484005563282336,8,4,0,000,0.7405584802014191,1427
java,CWE-74,001,524,194,0.3702290076335878,8,4,0,000,0.7405584802014191,1427
java,CWE-74,010,0,0,,8,4,0,000,0.7405584802014191,1427
java,CWE-74,011,0,0,,8,4,0,000,0.7405584802014191,1427
java,CWE-74,100,784,63,0.08035714285714286,8,4,0,000,0.7405584802014191,1427
java,CWE-74,101,959,621,0.6475495307612096,8,4,0,000,0.7405584802014191,1427
java,CWE-74,110,0,0,,8,4,0,000,0.7405584802014191,1427
java,CWE-74,111,0,0,,8,4,0,000,0.7405584802014191,1427
java,CWE-668,000,8136,1079,0.13262045231071778,8,5,1,000,0.9311055161364157,1097
java,CWE-668,001,1,0,0.0,8,5,1,000,0.9311055161364157,1097
java,CWE-668,010,0,0,,8,5,1,000,0.9311055161364157,1097
java,CWE-668,011,0,0,,8,5,1,000,0.9311055161364157,1097
java,CWE-668,100,601,18,0.029950083194675542,8,5,1,000,0.9311055161364157,1097
java,CWE-668,101,0,0,,8,5,1,000,0.9311055161364157,1097
java,CWE-668,110,0,0,,8,5,1,000,0.9311055161364157,1097
java,CWE-668,111,0,0,,8,5,1,000,0.9311055161364157,1097
java,CWE-287,000,8620,575,0.06670533642691415,8,4,0,000,0.9864957656214237,623
java,CWE-287,001,6,5,0.8333333333333334,8,4,0,000,0.9864957656214237,623
java,CWE-287,010,0,0,,8,4,0,000,0.9864957656214237,623
java,CWE-287,011,0,0,,8,4,0,000,0.9864957656214237,623
java,CWE-287,100,110,41,0.37272727272727274,8,4,0,000,0.9864957656214237,623
java,CWE-287,101,2,2,1.0,8,4,0,000,0.9864957656214237,623
java,CWE-287,110,0,0,,8,4,0,000,0.9864957656214237,623
java,CWE-287,111,0,0,,8,4,0,000,0.9864957656214237,623
java,CWE-345,000,8671,498,0.057432822050513206,8,5,0,000,0.9923323414969101,530
java,CWE-345,001,11,0,0.0,8,5,0,000,0.9923323414969101,530
java,CWE-345,010,0,0,,8,5,0,000,0.9923323414969101,530
java,CWE-345,011,0,0,,8,5,0,000,0.9923323414969101,530
java,CWE-345,100,56,32,0.5714285714285714,8,5,0,000,0.9923323414969101,530
java,CWE-345,101,0,0,,8,5,0,000,0.9923323414969101,530
java,CWE-345,110,0,0,,8,5,0,000,0.9923323414969101,530
java,CWE-345,111,0,0,,8,5,0,000,0.9923323414969101,530
java,CWE-311,000,8221,203,0.024692859749422213,8,4,0,000,0.9408331425955596,386
java,CWE-311,001,291,105,0.36082474226804123,8,4,0,000,0.9408331425955596,386
java,CWE-311,010,0,0,,8,4,0,000,0.9408331425955596,386
java,CWE-311,011,0,0,,8,4,0,000,0.9408331425955596,386
java,CWE-311,100,65,6,0.09230769230769231,8,4,0,000,0.9408331425955596,386
java,CWE-311,101,161,72,0.4472049689440994,8,4,0,000,0.9408331425955596,386
java,CWE-311,110,0,0,,8,4,0,000,0.9408331425955596,386
java,CWE-311,111,0,0,,8,4,0,000,0.9408331425955596,386
java,CWE-327,000,8360,87,0.010406698564593302,8,1,1,000,0.9567406729228657,350
java,CWE-327,001,39,10,0.2564102564102564,8,1,1,000,0.9567406729228657,350
java,CWE-327,010,1,0,0.0,8,1,1,000,0.9567406729228657,350
java,CWE-327,011,15,13,0.8666666666666667,8,1,1,000,0.9567406729228657,350
java,CWE-327,100,217,139,0.6405529953917051,8,1,1,000,0.9567406729228657,350
java,CWE-327,101,95,92,0.968421052631579,8,1,1,000,0.9567406729228657,350
java,CWE-327,110,0,0,,8,1,1,000,0.9567406729228657,350
java,CWE-327,111,11,9,0.8181818181818182,8,1,1,000,0.9567406729228657,350
java,CWE-20,000,7180,327,0.045543175487465185,8,6,0,000,0.8216983291371023,340
java,CWE-20,001,0,0,,8,6,0,000,0.8216983291371023,340
java,CWE-20,010,0,0,,8,6,0,000,0.8216983291371023,340
java,CWE-20,011,0,0,,8,6,0,000,0.8216983291371023,340
java,CWE-20,100,1558,13,0.00834403080872914,8,6,0,000,0.8216983291371023,340
java,CWE-20,101,0,0,,8,6,0,000,0.8216983291371023,340
java,CWE-20,110,0,0,,8,6,0,000,0.8216983291371023,340
java,CWE-20,111,0,0,,8,6,0,000,0.8216983291371023,340
java,CWE-923,000,8737,331,0.03788485750257525,8,6,1,000,0.9998855573357748,331
java,CWE-923,001,0,0,,8,6,1,000,0.9998855573357748,331
java,CWE-923,010,0,0,,8,6,1,000,0.9998855573357748,331
java,CWE-923,011,0,0,,8,6,1,000,0.9998855573357748,331
java,CWE-923,100,1,0,0.0,8,6,1,000,0.9998855573357748,331
java,CWE-923,101,0,0,,8,6,1,000,0.9998855573357748,331
java,CWE-923,110,0,0,,8,6,1,000,0.9998855573357748,331
java,CWE-923,111,0,0,,8,6,1,000,0.9998855573357748,331
java,CWE-706,000,8458,169,0.01998108299834476,8,4,0,000,0.9679560540169375,298
java,CWE-706,001,240,113,0.4708333333333333,8,4,0,000,0.9679560540169375,298
java,CWE-706,010,0,0,,8,4,0,000,0.9679560540169375,298
java,CWE-706,011,0,0,,8,4,0,000,0.9679560540169375,298
java,CWE-706,100,13,0,0.0,8,4,0,000,0.9679560540169375,298
java,CWE-706,101,27,16,0.5925925925925926,8,4,0,000,0.9679560540169375,298
java,CWE-706,110,0,0,,8,4,0,000,0.9679560540169375,298
java,CWE-706,111,0,0,,8,4,0,000,0.9679560540169375,298
java,CWE-285,000,8638,289,0.03345681870803427,8,4,0,000,0.9885557335774777,291
java,CWE-285,001,70,1,0.014285714285714285,8,4,0,000,0.9885557335774777,291
java,CWE-285,010,0,0,,8,4,0,000,0.9885557335774777,291
java,CWE-285,011,0,0,,8,4,0,000,0.9885557335774777,291
java,CWE-285,100,22,1,0.045454545454545456,8,4,0,000,0.9885557335774777,291
java,CWE-285,101,8,0,0.0,8,4,0,000,0.9885557335774777,291
java,CWE-285,110,0,0,,8,4,0,000,0.9885557335774777,291
java,CWE-285,111,0,0,,8,4,0,000,0.9885557335774777,291
java,CWE-610,000,8584,175,0.02038676607642125,8,4,0,000,0.9823758297093156,267
java,CWE-610,001,140,85,0.6071428571428571,8,4,0,000,0.9823758297093156,267
java,CWE-610,010,0,0,,8,4,0,000,0.9823758297093156,267
java,CWE-610,011,0,0,,8,4,0,000,0.9823758297093156,267
java,CWE-610,100,9,2,0.2222222222222222,8,4,0,000,0.9823758297093156,267
java,CWE-610,101,5,5,1.0,8,4,0,000,0.9823758297093156,267
java,CWE-610,110,0,0,,8,4,0,000,0.9823758297093156,267
java,CWE-610,111,0,0,,8,4,0,000,0.9823758297093156,267
java,CWE-400,000,8733,251,0.028741555021184015,8,6,0,000,0.9994277866788739,252
java,CWE-400,001,0,0,,8,6,0,000,0.9994277866788739,252
java,CWE-400,010,0,0,,8,6,0,000,0.9994277866788739,252
java,CWE-400,011,0,0,,8,6,0,000,0.9994277866788739,252
java,CWE-400,100,5,1,0.2,8,6,0,000,0.9994277866788739,252
java,CWE-400,101,0,0,,8,6,0,000,0.9994277866788739,252
java,CWE-400,110,0,0,,8,6,0,000,0.9994277866788739,252
java,CWE-400,111,0,0,,8,6,0,000,0.9994277866788739,252
java,CWE-330,000,8499,31,0.0036474879397576185,8,4,0,000,0.9726482032501717,250
java,CWE-330,001,19,0,0.0,8,4,0,000,0.9726482032501717,250
java,CWE-330,010,0,0,,8,4,0,000,0.9726482032501717,250
java,CWE-330,011,0,0,,8,4,0,000,0.9726482032501717,250
java,CWE-330,100,2,1,0.5,8,4,0,000,0.9726482032501717,250
java,CWE-330,101,218,218,1.0,8,4,0,000,0.9726482032501717,250
java,CWE-330,110,0,0,,8,4,0,000,0.9726482032501717,250
java,CWE-330,111,0,0,,8,4,0,000,0.9726482032501717,250
java,CWE-190,000,8728,136,0.015582034830430797,8,6,0,000,0.9988555733577478,140
java,CWE-190,001,0,0,,8,6,0,000,0.9988555733577478,140
java,CWE-190,010,0,0,,8,6,0,000,0.9988555733577478,140
java,CWE-190,011,0,0,,8,6,0,000,0.9988555733577478,140
java,CWE-190,100,10,4,0.4,8,6,0,000,0.9988555733577478,140
java,CWE-190,101,0,0,,8,6,0,000,0.9988555733577478,140
java,CWE-190,110,0,0,,8,6,0,000,0.9988555733577478,140
java,CWE-190,111,0,0,,8,6,0,000,0.9988555733577478,140
java,CWE-913,000,8659,80,0.009238942141124841,8,5,0,000,0.9909590295262074,107
java,CWE-913,001,76,26,0.34210526315789475,8,5,0,000,0.9909590295262074,107
java,CWE-913,010,0,0,,8,5,0,000,0.9909590295262074,107
java,CWE-913,011,0,0,,8,5,0,000,0.9909590295262074,107
java,CWE-913,100,3,1,0.3333333333333333,8,5,0,000,0.9909590295262074,107
java,CWE-913,101,0,0,,8,5,0,000,0.9909590295262074,107
java,CWE-913,110,0,0,,8,5,0,000,0.9909590295262074,107
java,CWE-913,111,0,0,,8,5,0,000,0.9909590295262074,107
python,CWE-74,0000,8523,902,0.10583128006570457,16,4,0,0000,0.7971380471380471,1679
python,CWE-74,0001,193,70,0.3626943005181347,16,4,0,0000,0.7971380471380471,1679
python,CWE-74,0010,0,0,,16,4,0,0000,0.7971380471380471,1679
python,CWE-74,0011,0,0,,16,4,0,0000,0.7971380471380471,1679
python,CWE-74,0100,195,27,0.13846153846153847,16,4,0,0000,0.7971380471380471,1679
python,CWE-74,0101,39,18,0.46153846153846156,16,4,0,0000,0.7971380471380471,1679
python,CWE-74,0110,0,0,,16,4,0,0000,0.7971380471380471,1679
python,CWE-74,0111,0,0,,16,4,0,0000,0.7971380471380471,1679
python,CWE-74,1000,696,198,0.28448275862068967,16,4,0,0000,0.7971380471380471,1679
python,CWE-74,1001,328,236,0.7195121951219512,16,4,0,0000,0.7971380471380471,1679
python,CWE-74,1010,46,4,0.08695652173913043,16,4,0,0000,0.7971380471380471,1679
python,CWE-74,1011,250,68,0.272,16,4,0,0000,0.7971380471380471,1679
python,CWE-74,1100,92,7,0.07608695652173914,16,4,0,0000,0.7971380471380471,1679
python,CWE-74,1101,277,122,0.4404332129963899,16,4,0,0000,0.7971380471380471,1679
python,CWE-74,1110,4,4,1.0,16,4,0,0000,0.7971380471380471,1679
python,CWE-74,1111,49,23,0.46938775510204084,16,4,0,0000,0.7971380471380471,1679
python,CWE-668,0000,8848,1033,0.116749547920434,16,4,1,0000,0.8275346053123831,1504
python,CWE-668,0001,16,0,0.0,16,4,1,0000,0.8275346053123831,1504
python,CWE-668,0010,614,161,0.26221498371335505,16,4,1,0000,0.8275346053123831,1504
python,CWE-668,0011,1,0,0.0,16,4,1,0000,0.8275346053123831,1504
python,CWE-668,0100,920,177,0.1923913043478261,16,4,1,0000,0.8275346053123831,1504
python,CWE-668,0101,77,47,0.6103896103896104,16,4,1,0000,0.8275346053123831,1504
python,CWE-668,0110,78,15,0.19230769230769232,16,4,1,0000,0.8275346053123831,1504
python,CWE-668,0111,2,1,0.5,16,4,1,0000,0.8275346053123831,1504
python,CWE-668,1000,44,21,0.4772727272727273,16,4,1,0000,0.8275346053123831,1504
python,CWE-668,1001,0,0,,16,4,1,0000,0.8275346053123831,1504
python,CWE-668,1010,70,45,0.6428571428571429,16,4,1,0000,0.8275346053123831,1504
python,CWE-668,1011,0,0,,16,4,1,0000,0.8275346053123831,1504
python,CWE-668,1100,16,1,0.0625,16,4,1,0000,0.8275346053123831,1504
python,CWE-668,1101,0,0,,16,4,1,0000,0.8275346053123831,1504
python,CWE-668,1110,6,3,0.5,16,4,1,0000,0.8275346053123831,1504
python,CWE-668,1111,0,0,,16,4,1,0000,0.8275346053123831,1504
python,CWE-287,0000,10022,709,0.07074436240271403,16,9,0,0000,0.9373363262252151,984
python,CWE-287,0001,17,2,0.11764705882352941,16,9,0,0000,0.9373363262252151,984
python,CWE-287,0010,0,0,,16,9,0,0000,0.9373363262252151,984
python,CWE-287,0011,0,0,,16,9,0,0000,0.9373363262252151,984
python,CWE-287,0100,27,15,0.5555555555555556,16,9,0,0000,0.9373363262252151,984
python,CWE-287,0101,0,0,,16,9,0,0000,0.9373363262252151,984
python,CWE-287,0110,0,0,,16,9,0,0000,0.9373363262252151,984
python,CWE-287,0111,0,0,,16,9,0,0000,0.9373363262252151,984
python,CWE-287,1000,484,200,0.4132231404958678,16,9,0,0000,0.9373363262252151,984
python,CWE-287,1001,12,1,0.08333333333333333,16,9,0,0000,0.9373363262252151,984
python,CWE-287,1010,0,0,,16,9,0,0000,0.9373363262252151,984
python,CWE-287,1011,0,0,,16,9,0,0000,0.9373363262252151,984
python,CWE-287,1100,113,49,0.4336283185840708,16,9,0,0000,0.9373363262252151,984
python,CWE-287,1101,17,8,0.47058823529411764,16,9,0,0000,0.9373363262252151,984
python,CWE-287,1110,0,0,,16,9,0,0000,0.9373363262252151,984
python,CWE-287,1111,0,0,,16,9,0,0000,0.9373363262252151,984
python,CWE-345,0000,10687,644,0.060260129128848136,16,13,0,0000,0.9995323606434717,647
python,CWE-345,0001,2,0,0.0,16,13,0,0000,0.9995323606434717,647
python,CWE-345,0010,0,0,,16,13,0,0000,0.9995323606434717,647
python,CWE-345,0011,0,0,,16,13,0,0000,0.9995323606434717,647
python,CWE-345,0100,3,3,1.0,16,13,0,0000,0.9995323606434717,647
python,CWE-345,0101,0,0,,16,13,0,0000,0.9995323606434717,647
python,CWE-345,0110,0,0,,16,13,0,0000,0.9995323606434717,647
python,CWE-345,0111,0,0,,16,13,0,0000,0.9995323606434717,647
python,CWE-345,1000,0,0,,16,13,0,0000,0.9995323606434717,647
python,CWE-345,1001,0,0,,16,13,0,0000,0.9995323606434717,647
python,CWE-345,1010,0,0,,16,13,0,0000,0.9995323606434717,647
python,CWE-345,1011,0,0,,16,13,0,0000,0.9995323606434717,647
python,CWE-345,1100,0,0,,16,13,0,0000,0.9995323606434717,647
python,CWE-345,1101,0,0,,16,13,0,0000,0.9995323606434717,647
python,CWE-345,1110,0,0,,16,13,0,0000,0.9995323606434717,647
python,CWE-345,1111,0,0,,16,13,0,0000,0.9995323606434717,647
python,CWE-706,0000,10421,431,0.04135879474138758,16,10,0,0000,0.9746539468761691,505
python,CWE-706,0001,21,1,0.047619047619047616,16,10,0,0000,0.9746539468761691,505
python,CWE-706,0010,0,0,,16,10,0,0000,0.9746539468761691,505
python,CWE-706,0011,0,0,,16,10,0,0000,0.9746539468761691,505
python,CWE-706,0100,201,53,0.263681592039801,16,10,0,0000,0.9746539468761691,505
python,CWE-706,0101,15,8,0.5333333333333333,16,10,0,0000,0.9746539468761691,505
python,CWE-706,0110,0,0,,16,10,0,0000,0.9746539468761691,505
python,CWE-706,0111,0,0,,16,10,0,0000,0.9746539468761691,505
python,CWE-706,1000,17,1,0.058823529411764705,16,10,0,0000,0.9746539468761691,505
python,CWE-706,1001,0,0,,16,10,0,0000,0.9746539468761691,505
python,CWE-706,1010,0,0,,16,10,0,0000,0.9746539468761691,505
python,CWE-706,1011,0,0,,16,10,0,0000,0.9746539468761691,505
python,CWE-706,1100,17,11,0.6470588235294118,16,10,0,0000,0.9746539468761691,505
python,CWE-706,1101,0,0,,16,10,0,0000,0.9746539468761691,505
python,CWE-706,1110,0,0,,16,10,0,0000,0.9746539468761691,505
python,CWE-706,1111,0,0,,16,10,0,0000,0.9746539468761691,505
python,CWE-610,0000,10335,398,0.038509917755200775,16,12,0,0000,0.9666105499438833,477
python,CWE-610,0001,250,45,0.18,16,12,0,0000,0.9666105499438833,477
python,CWE-610,0010,0,0,,16,12,0,0000,0.9666105499438833,477
python,CWE-610,0011,0,0,,16,12,0,0000,0.9666105499438833,477
python,CWE-610,0100,54,13,0.24074074074074073,16,12,0,0000,0.9666105499438833,477
python,CWE-610,0101,53,21,0.39622641509433965,16,12,0,0000,0.9666105499438833,477
python,CWE-610,0110,0,0,,16,12,0,0000,0.9666105499438833,477
python,CWE-610,0111,0,0,,16,12,0,0000,0.9666105499438833,477
python,CWE-610,1000,0,0,,16,12,0,0000,0.9666105499438833,477
python,CWE-610,1001,0,0,,16,12,0,0000,0.9666105499438833,477
python,CWE-610,1010,0,0,,16,12,0,0000,0.9666105499438833,477
python,CWE-610,1011,0,0,,16,12,0,0000,0.9666105499438833,477
python,CWE-610,1100,0,0,,16,12,0,0000,0.9666105499438833,477
python,CWE-610,1101,0,0,,16,12,0,0000,0.9666105499438833,477
python,CWE-610,1110,0,0,,16,12,0,0000,0.9666105499438833,477
python,CWE-610,1111,0,0,,16,12,0,0000,0.9666105499438833,477
python,CWE-20,0000,8848,366,0.041365280289330925,16,12,0,0000,0.8275346053123831,460
python,CWE-20,0001,0,0,,16,12,0,0000,0.8275346053123831,460
python,CWE-20,0010,0,0,,16,12,0,0000,0.8275346053123831,460
python,CWE-20,0011,0,0,,16,12,0,0000,0.8275346053123831,460
python,CWE-20,0100,1581,56,0.03542061986084757,16,12,0,0000,0.8275346053123831,460
python,CWE-20,0101,0,0,,16,12,0,0000,0.8275346053123831,460
python,CWE-20,0110,0,0,,16,12,0,0000,0.8275346053123831,460
python,CWE-20,0111,0,0,,16,12,0,0000,0.8275346053123831,460
python,CWE-20,1000,163,35,0.2147239263803681,16,12,0,0000,0.8275346053123831,460
python,CWE-20,1001,0,0,,16,12,0,0000,0.8275346053123831,460
python,CWE-20,1010,0,0,,16,12,0,0000,0.8275346053123831,460
python,CWE-20,1011,0,0,,16,12,0,0000,0.8275346053123831,460
python,CWE-20,1100,100,3,0.03,16,12,0,0000,0.8275346053123831,460
python,CWE-20,1101,0,0,,16,12,0,0000,0.8275346053123831,460
python,CWE-20,1110,0,0,,16,12,0,0000,0.8275346053123831,460
python,CWE-20,1111,0,0,,16,12,0,0000,0.8275346053123831,460
python,CWE-311,0000,10177,336,0.03301562346467525,16,11,0,0000,0.9518331462775907,392
python,CWE-311,0001,357,45,0.12605042016806722,16,11,0,0000,0.9518331462775907,392
python,CWE-311,0010,0,0,,16,11,0,0000,0.9518331462775907,392
python,CWE-311,0011,0,0,,16,11,0,0000,0.9518331462775907,392
python,CWE-311,0100,131,4,0.030534351145038167,16,11,0,0000,0.9518331462775907,392
python,CWE-311,0101,22,5,0.22727272727272727,16,11,0,0000,0.9518331462775907,392
python,CWE-311,0110,0,0,,16,11,0,0000,0.9518331462775907,392
python,CWE-311,0111,0,0,,16,11,0,0000,0.9518331462775907,392
python,CWE-311,1000,0,0,,16,11,0,0000,0.9518331462775907,392
python,CWE-311,1001,5,2,0.4,16,11,0,0000,0.9518331462775907,392
python,CWE-311,1010,0,0,,16,11,0,0000,0.9518331462775907,392
python,CWE-311,1011,0,0,,16,11,0,0000,0.9518331462775907,392
python,CWE-311,1100,0,0,,16,11,0,0000,0.9518331462775907,392
python,CWE-311,1101,0,0,,16,11,0,0000,0.9518331462775907,392
python,CWE-311,1110,0,0,,16,11,0,0000,0.9518331462775907,392
python,CWE-311,1111,0,0,,16,11,0,0000,0.9518331462775907,392
python,CWE-285,0000,10617,341,0.032118300838278234,16,11,0,0000,0.9929854096520763,366
python,CWE-285,0001,17,0,0.0,16,11,0,0000,0.9929854096520763,366
python,CWE-285,0010,0,0,,16,11,0,0000,0.9929854096520763,366
python,CWE-285,0011,0,0,,16,11,0,0000,0.9929854096520763,366
python,CWE-285,0100,22,2,0.09090909090909091,16,11,0,0000,0.9929854096520763,366
python,CWE-285,0101,0,0,,16,11,0,0000,0.9929854096520763,366
python,CWE-285,0110,0,0,,16,11,0,0000,0.9929854096520763,366
python,CWE-285,0111,0,0,,16,11,0,0000,0.9929854096520763,366
python,CWE-285,1000,0,0,,16,11,0,0000,0.9929854096520763,366
python,CWE-285,1001,0,0,,16,11,0,0000,0.9929854096520763,366
python,CWE-285,1010,0,0,,16,11,0,0000,0.9929854096520763,366
python,CWE-285,1011,0,0,,16,11,0,0000,0.9929854096520763,366
python,CWE-285,1100,2,2,1.0,16,11,0,0000,0.9929854096520763,366
python,CWE-285,1101,34,21,0.6176470588235294,16,11,0,0000,0.9929854096520763,366
python,CWE-285,1110,0,0,,16,11,0,0000,0.9929854096520763,366
python,CWE-285,1111,0,0,,16,11,0,0000,0.9929854096520763,366
python,CWE-923,0000,10691,345,0.03227013375736601,16,14,1,0000,0.9999064721286943,346
python,CWE-923,0001,0,0,,16,14,1,0000,0.9999064721286943,346
python,CWE-923,0010,0,0,,16,14,1,0000,0.9999064721286943,346
python,CWE-923,0011,0,0,,16,14,1,0000,0.9999064721286943,346
python,CWE-923,0100,1,1,1.0,16,14,1,0000,0.9999064721286943,346
python,CWE-923,0101,0,0,,16,14,1,0000,0.9999064721286943,346
python,CWE-923,0110,0,0,,16,14,1,0000,0.9999064721286943,346
python,CWE-923,0111,0,0,,16,14,1,0000,0.9999064721286943,346
python,CWE-923,1000,0,0,,16,14,1,0000,0.9999064721286943,346
python,CWE-923,1001,0,0,,16,14,1,0000,0.9999064721286943,346
python,CWE-923,1010,0,0,,16,14,1,0000,0.9999064721286943,346
python,CWE-923,1011,0,0,,16,14,1,0000,0.9999064721286943,346
python,CWE-923,1100,0,0,,16,14,1,0000,0.9999064721286943,346
python,CWE-923,1101,0,0,,16,14,1,0000,0.9999064721286943,346
python,CWE-923,1110,0,0,,16,14,1,0000,0.9999064721286943,346
python,CWE-923,1111,0,0,,16,14,1,0000,0.9999064721286943,346
python,CWE-400,0000,10226,314,0.030706043418736555,16,12,0,0000,0.9564160119715676,343
python,CWE-400,0001,2,0,0.0,16,12,0,0000,0.9564160119715676,343
python,CWE-400,0010,0,0,,16,12,0,0000,0.9564160119715676,343
python,CWE-400,0011,0,0,,16,12,0,0000,0.9564160119715676,343
python,CWE-400,0100,48,8,0.16666666666666666,16,12,0,0000,0.9564160119715676,343
python,CWE-400,0101,0,0,,16,12,0,0000,0.9564160119715676,343
python,CWE-400,0110,0,0,,16,12,0,0000,0.9564160119715676,343
python,CWE-400,0111,0,0,,16,12,0,0000,0.9564160119715676,343
python,CWE-400,1000,416,21,0.05048076923076923,16,12,0,0000,0.9564160119715676,343
python,CWE-400,1001,0,0,,16,12,0,0000,0.9564160119715676,343
python,CWE-400,1010,0,0,,16,12,0,0000,0.9564160119715676,343
python,CWE-400,1011,0,0,,16,12,0,0000,0.9564160119715676,343
python,CWE-400,1100,0,0,,16,12,0,0000,0.9564160119715676,343
python,CWE-400,1101,0,0,,16,12,0,0000,0.9564160119715676,343
python,CWE-400,1110,0,0,,16,12,0,0000,0.9564160119715676,343
python,CWE-400,1111,0,0,,16,12,0,0000,0.9564160119715676,343
python,CWE-669,0000,10648,248,0.02329075882794891,16,14,0,0000,0.9958847736625515,248
python,CWE-669,0001,0,0,,16,14,0,0000,0.9958847736625515,248
python,CWE-669,0010,44,0,0.0,16,14,0,0000,0.9958847736625515,248
python,CWE-669,0011,0,0,,16,14,0,0000,0.9958847736625515,248
python,CWE-669,0100,0,0,,16,14,0,0000,0.9958847736625515,248
python,CWE-669,0101,0,0,,16,14,0,0000,0.9958847736625515,248
python,CWE-669,0110,0,0,,16,14,0,0000,0.9958847736625515,248
python,CWE-669,0111,0,0,,16,14,0,0000,0.9958847736625515,248
python,CWE-669,1000,0,0,,16,14,0,0000,0.9958847736625515,248
python,CWE-669,1001,0,0,,16,14,0,0000,0.9958847736625515,248
python,CWE-669,1010,0,0,,16,14,0,0000,0.9958847736625515,248
python,CWE-669,1011,0,0,,16,14,0,0000,0.9958847736625515,248
python,CWE-669,1100,0,0,,16,14,0,0000,0.9958847736625515,248
python,CWE-669,1101,0,0,,16,14,0,0000,0.9958847736625515,248
python,CWE-669,1110,0,0,,16,14,0,0000,0.9958847736625515,248
python,CWE-669,1111,0,0,,16,14,0,0000,0.9958847736625515,248
python,CWE-913,0000,10394,132,0.012699634404464115,16,9,1,0000,0.9721286943509165,205
python,CWE-913,0001,212,21,0.09905660377358491,16,9,1,0000,0.9721286943509165,205
python,CWE-913,0010,0,0,,16,9,1,0000,0.9721286943509165,205
python,CWE-913,0011,0,0,,16,9,1,0000,0.9721286943509165,205
python,CWE-913,0100,1,1,1.0,16,9,1,0000,0.9721286943509165,205
python,CWE-913,0101,27,24,0.8888888888888888,16,9,1,0000,0.9721286943509165,205
python,CWE-913,0110,0,0,,16,9,1,0000,0.9721286943509165,205
python,CWE-913,0111,0,0,,16,9,1,0000,0.9721286943509165,205
python,CWE-913,1000,3,1,0.3333333333333333,16,9,1,0000,0.9721286943509165,205
python,CWE-913,1001,42,17,0.40476190476190477,16,9,1,0000,0.9721286943509165,205
python,CWE-913,1010,0,0,,16,9,1,0000,0.9721286943509165,205
python,CWE-913,1011,0,0,,16,9,1,0000,0.9721286943509165,205
python,CWE-913,1100,0,0,,16,9,1,0000,0.9721286943509165,205
python,CWE-913,1101,13,9,0.6923076923076923,16,9,1,0000,0.9721286943509165,205
python,CWE-913,1110,0,0,,16,9,1,0000,0.9721286943509165,205
python,CWE-913,1111,0,0,,16,9,1,0000,0.9721286943509165,205
python,CWE-327,0000,10319,42,0.004070161837387344,16,8,0,0000,0.9651141040029929,163
python,CWE-327,0001,17,0,0.0,16,8,0,0000,0.9651141040029929,163
python,CWE-327,0010,0,0,,16,8,0,0000,0.9651141040029929,163
python,CWE-327,0011,0,0,,16,8,0,0000,0.9651141040029929,163
python,CWE-327,0100,98,6,0.061224489795918366,16,8,0,0000,0.9651141040029929,163
python,CWE-327,0101,3,0,0.0,16,8,0,0000,0.9651141040029929,163
python,CWE-327,0110,0,0,,16,8,0,0000,0.9651141040029929,163
python,CWE-327,0111,0,0,,16,8,0,0000,0.9651141040029929,163
python,CWE-327,1000,34,20,0.5882352941176471,16,8,0,0000,0.9651141040029929,163
python,CWE-327,1001,117,74,0.6324786324786325,16,8,0,0000,0.9651141040029929,163
python,CWE-327,1010,0,0,,16,8,0,0000,0.9651141040029929,163
python,CWE-327,1011,0,0,,16,8,0,0000,0.9651141040029929,163
python,CWE-327,1100,9,3,0.3333333333333333,16,8,0,0000,0.9651141040029929,163
python,CWE-327,1101,95,18,0.18947368421052632,16,8,0,0000,0.9651141040029929,163
python,CWE-327,1110,0,0,,16,8,0,0000,0.9651141040029929,163
python,CWE-327,1111,0,0,,16,8,0,0000,0.9651141040029929,163
python,CWE-330,0000,10431,52,0.004985140446745279,16,13,0,0000,0.9755892255892256,150
python,CWE-330,0001,0,0,,16,13,0,0000,0.9755892255892256,150
python,CWE-330,0010,0,0,,16,13,0,0000,0.9755892255892256,150
python,CWE-330,0011,0,0,,16,13,0,0000,0.9755892255892256,150
python,CWE-330,0100,0,0,,16,13,0,0000,0.9755892255892256,150
python,CWE-330,0101,0,0,,16,13,0,0000,0.9755892255892256,150
python,CWE-330,0110,0,0,,16,13,0,0000,0.9755892255892256,150
python,CWE-330,0111,0,0,,16,13,0,0000,0.9755892255892256,150
python,CWE-330,1000,245,93,0.3795918367346939,16,13,0,0000,0.9755892255892256,150
python,CWE-330,1001,0,0,,16,13,0,0000,0.9755892255892256,150
python,CWE-330,1010,0,0,,16,13,0,0000,0.9755892255892256,150
python,CWE-330,1011,0,0,,16,13,0,0000,0.9755892255892256,150
python,CWE-330,1100,16,5,0.3125,16,13,0,0000,0.9755892255892256,150
python,CWE-330,1101,0,0,,16,13,0,0000,0.9755892255892256,150
python,CWE-330,1110,0,0,,16,13,0,0000,0.9755892255892256,150
python,CWE-330,1111,0,0,,16,13,0,0000,0.9755892255892256,150
