tp,fp,tn,fn,support,positive_support,negative_support,precision,recall,specificity,npv,fpr,fnr,accuracy,balanced_accuracy,f1,f2,mcc,roc_auc,pr_auc,family,strategy
3,64,4992,229,5288,232,5056,0.04477611940298507,0.01293103448275862,0.9873417721518988,0.9561386707527294,0.012658227848101266,0.9870689655172413,0.9445915279878971,0.5001364033173287,0.020066889632107024,0.01507537688442211,0.0004995606307527977,0.6187684996999127,0.06747303183596857,CWE-20,vertical
21,8,5065,194,5288,215,5073,0.7241379310344828,0.09767441860465116,0.9984230238517643,0.9631108575774863,0.001576976148235758,0.9023255813953488,0.9618003025718608,0.5480487212282077,0.1721311475409836,0.11811023622047244,0.25698803652481544,0.5522258743278369,0.10796078171494886,CWE-285,vertical
28,45,4582,633,5288,661,4627,0.3835616438356164,0.04236006051437216,0.9902744759023125,0.8786193672099712,0.009725524097687486,0.9576399394856279,0.8717851739788199,0.5163172682083423,0.0762942779291553,0.05152741994847258,0.09249949055389677,0.56488963189488,0.17934246515729996,CWE-287,vertical
6,1,5088,193,5288,199,5089,0.8571428571428571,0.03015075376884422,0.999803497740224,0.9634538913084643,0.00019650225977598743,0.9698492462311558,0.9633131618759455,0.5149771257545341,0.058252427184466014,0.03735990037359901,0.1567812533137635,0.6199206881331396,0.13801142456463963,CWE-311,vertical
95,22,5129,42,5288,137,5151,0.811965811965812,0.6934306569343066,0.9957289846631722,0.9918777799265133,0.0042710153368278,0.30656934306569344,0.9878971255673222,0.8445798207987394,0.7480314960629921,0.7142857142857142,0.7442960175151717,0.9383388102657411,0.6966150630765999,CWE-327,vertical
5,2,5152,129,5288,134,5154,0.7142857142857143,0.03731343283582089,0.9996119518820333,0.9755728081802689,0.00038804811796662784,0.9626865671641791,0.9752269288956127,0.5184626923589271,0.07092198581560283,0.046040515653775316,0.15960354426812376,0.861513879959921,0.5158356761502394,CWE-330,vertical
0,0,4890,398,5288,398,4890,,0.0,1.0,0.9247352496217852,0.0,1.0,0.9247352496217852,0.5,,,,0.5023080638365652,0.07739909836626399,CWE-345,vertical
0,0,5145,143,5288,143,5145,,0.0,1.0,0.9729576399394856,0.0,1.0,0.9729576399394856,0.5,,,,0.5838168634087001,0.09280869684217494,CWE-400,vertical
21,8,5053,206,5288,227,5061,0.7241379310344828,0.09251101321585903,0.9984192847263387,0.9608290549534132,0.0015807152736613318,0.9074889867841409,0.9595310136157338,0.5454651489710989,0.1640625,0.11205976520811098,0.24956813121159627,0.656288000055708,0.18901852625182053,CWE-610,vertical
52,22,4400,814,5288,866,4422,0.7027027027027027,0.06004618937644342,0.9950248756218906,0.8438818565400844,0.004975124378109453,0.9399538106235565,0.8419062027231468,0.527535532499167,0.11063829787234043,0.07348784624081402,0.17349637975803772,0.5570501993496719,0.21701786849205412,CWE-668,vertical
0,0,5074,214,5288,214,5074,,0.0,1.0,0.9595310136157338,0.0,1.0,0.9595310136157338,0.5,,,,0.49822625147812377,0.04046898638426626,CWE-669,vertical
19,8,5034,227,5288,246,5042,0.7037037037037037,0.07723577235772358,0.9984133280444268,0.9568523094468733,0.0015866719555731853,0.9227642276422764,0.9555597579425114,0.5378245502010752,0.1391941391941392,0.09396636993076163,0.22354075279481406,0.637141507273859,0.17850399553010193,CWE-706,vertical
346,104,4285,553,5288,899,4389,0.7688888888888888,0.38487208008898777,0.9763043973570289,0.8856965688300951,0.023695602642971065,0.6151279199110122,0.8757564296520424,0.6805882387230083,0.5129725722757598,0.4275827978250123,0.48623129250011365,0.7715272355223177,0.4825097307699663,CWE-74,vertical
49,18,5099,122,5288,171,5117,0.7313432835820896,0.28654970760233917,0.9964823138557749,0.9766328289599694,0.0035176861442251317,0.7134502923976608,0.9735249621785174,0.6415160107290571,0.4117647058823529,0.32623169107856187,0.4476381465836398,0.6728083318190597,0.2749059034310891,CWE-913,vertical
0,0,5109,179,5288,179,5109,,0.0,1.0,0.9661497730711044,0.0,1.0,0.9661497730711044,0.5,,,,0.5027932960893855,0.03924771169465597,CWE-923,vertical
