baseline,baseline_strategy,strategy,metric,n_families,mean_difference,std_difference,standard_error,ci_low,ci_high,ci_level,status
traditional,traditional_2_of_3,weighted_fire_specificity_silence_sensitivity_tau_0_6,f1,7,0.17915130426078713,0.15023685172884169,0.056784192490257054,0.0402003852371281,0.31810222328444615,0.95,incremento_statistico
traditional,traditional_2_of_3,dst_dempster_fire_specificity_silence_sensitivity_tau_0_8,f1,7,0.17472955687172095,0.15405654868767385,0.058227902238357,0.03224588009446136,0.3172132336489806,0.95,incremento_statistico
traditional,traditional_2_of_3,dst_pcr6_fire_specificity_silence_sensitivity_tau_0_7,f1,7,0.1799699542903556,0.14657753901734666,0.05540110228968087,0.0444034569875065,0.31553645159320465,0.95,incremento_statistico
traditional,traditional_2_of_3,dst_yager_fire_specificity_silence_sensitivity_tau_0_7,f1,7,0.17828657378872584,0.14582401954049262,0.055116298697709544,0.04341699087543058,0.3131561567020211,0.95,incremento_statistico
traditional,traditional_2_of_3,naive_bayes_tau_0_4,f1,7,0.14254144950056272,0.17621525178293776,0.06660310477632636,-0.02043634788710788,0.3055192468882333,0.95,inconcludente
traditional,traditional_2_of_3,bks_tau_0_7,f1,2,-0.018705573915735213,0.026453676323605138,0.01870557391573521,-0.25637859608906677,0.21896744825759634,0.95,inconcludente
traditional,traditional_2_of_3,logistic_regression_tau_0_7,f1,7,0.18392465284429863,0.14788349034873768,0.05589470549642578,0.04715030849454474,0.3206989971940525,0.95,incremento_statistico
traditional,traditional_2_of_3,logistic_interactions_tau_0_7,f1,7,0.1831219213779516,0.14805531702930558,0.055959649877195546,0.0461886581284541,0.3200551846274491,0.95,incremento_statistico
traditional,traditional_2_of_3,decision_tree_tau_0_7,f1,7,0.1819187634004265,0.14836942573139936,0.05607837180725003,0.04469498758808568,0.31914253921276736,0.95,incremento_statistico
traditional,traditional_2_of_3,random_forest_tau_0_7,f1,7,0.1824848372195124,0.14821320758263712,0.05601932689697864,0.045405544302605655,0.31956413013641916,0.95,incremento_statistico
traditional,traditional_2_of_3,gradient_boosting_tau_0_7,f1,7,0.18254154936900818,0.14717616073380943,0.0556273600312756,0.046421399372476774,0.31866169936553956,0.95,incremento_statistico
