fold,tool,family,tp,fp,tn,fn,ppv,npv,fpr,fnr,sensitivity,specificity,positive_support,supported
0,codeql,CWE-20,10,1234,5492,262,0.008038585209003215,0.9544664581160931,0.18346714243235207,0.9632352941176471,0.03676470588235294,0.8165328575676479,272,True
0,codeql,CWE-74,544,834,5023,597,0.39477503628447025,0.8937722419928825,0.1423937169199249,0.523225241016652,0.4767747589833479,0.8576062830800751,1141,True
0,codeql,CWE-116,0,19,6932,47,0.0,0.9932655108181688,0.002733419651848655,1.0,0.0,0.9972665803481513,47,True
0,codeql,CWE-190,4,4,6882,108,0.5,0.984549356223176,0.0005808887598024978,0.9642857142857143,0.03571428571428571,0.9994191112401976,112,True
0,codeql,CWE-191,0,5,6919,74,0.0,0.9894179894179894,0.0007221259387637204,1.0,0.0,0.9992778740612362,74,True
0,codeql,CWE-269,0,0,6929,69,,0.9901400400114319,0.0,1.0,0.0,1.0,69,False
0,codeql,CWE-285,1,22,6743,232,0.043478260869565216,0.9667383512544803,0.0032520325203252032,0.9957081545064378,0.004291845493562232,0.9967479674796748,233,True
0,codeql,CWE-287,35,52,6448,463,0.40229885057471265,0.9330053537838229,0.008,0.929718875502008,0.07028112449799197,0.992,498,True
0,codeql,CWE-311,70,123,6566,239,0.3626943005181347,0.9648787656135195,0.01838839886380625,0.7734627831715211,0.22653721682847897,0.9816116011361937,309,True
0,codeql,CWE-326,0,2,6976,20,0.0,0.9971412235563178,0.00028661507595299513,1.0,0.0,0.999713384924047,20,True
0,codeql,CWE-327,191,71,6647,89,0.7290076335877863,0.9867874109263658,0.010568621613575468,0.31785714285714284,0.6821428571428572,0.9894313783864245,280,True
0,codeql,CWE-330,176,0,6798,24,1.0,0.9964819700967458,0.0,0.12,0.88,1.0,200,True
0,codeql,CWE-345,26,19,6555,398,0.5777777777777777,0.9427585215015102,0.002890173410404624,0.9386792452830188,0.06132075471698113,0.9971098265895953,424,True
0,codeql,CWE-400,1,4,6792,201,0.2,0.9712569712569713,0.0005885815185403178,0.995049504950495,0.0049504950495049506,0.9994114184814596,202,True
0,codeql,CWE-501,47,24,6902,25,0.6619718309859155,0.996390934026274,0.0034652035807103665,0.3472222222222222,0.6527777777777778,0.9965347964192897,72,True
0,codeql,CWE-610,5,5,6779,209,0.5,0.9700915855752719,0.0007370283018867925,0.9766355140186916,0.02336448598130841,0.9992629716981132,214,True
0,codeql,CWE-662,1,1,6921,75,0.5,0.9892795883361921,0.0001444669170759896,0.9868421052631579,0.013157894736842105,0.999855533082924,76,True
0,codeql,CWE-665,0,40,6945,13,0.0,0.9981316470250072,0.00572655690765927,1.0,0.0,0.9942734430923408,13,True
0,codeql,CWE-668,13,464,5657,864,0.027253668763102725,0.8675049838981751,0.07580460709034471,0.9851767388825542,0.014823261117445839,0.9241953929096552,877,True
0,codeql,CWE-704,0,3,6962,33,0.0,0.9952823445318084,0.00043072505384063173,1.0,0.0,0.9995692749461593,33,True
0,codeql,CWE-705,0,1449,5545,4,0.0,0.9992791493962876,0.20717758078352874,1.0,0.0,0.7928224192164712,4,True
0,codeql,CWE-706,12,19,6741,226,0.3870967741935484,0.967561360700445,0.0028106508875739645,0.9495798319327731,0.05042016806722689,0.9971893491124261,238,True
0,codeql,CWE-754,0,3,6977,18,0.0,0.9974267333809864,0.0004297994269340974,1.0,0.0,0.9995702005730659,18,True
0,codeql,CWE-807,1,0,6980,17,1.0,0.9975703873088466,0.0,0.9444444444444444,0.05555555555555555,1.0,18,True
0,codeql,CWE-834,0,3,6974,21,0.0,0.9969978556111508,0.0004299842339114232,1.0,0.0,0.9995700157660886,21,True
0,codeql,CWE-913,1,0,6912,85,1.0,0.9878519365442332,0.0,0.9883720930232558,0.011627906976744186,1.0,86,True
0,codeql,CWE-923,0,1,6732,265,0.0,0.9621266256967271,0.0001485222040695084,1.0,0.0,0.9998514777959305,265,True
0,joern,CWE-20,0,0,6726,272,,0.9611317519291226,0.0,1.0,0.0,1.0,272,False
0,joern,CWE-74,0,0,5857,1141,,0.8369534152615032,0.0,1.0,0.0,1.0,1141,False
0,joern,CWE-116,0,0,6951,47,,0.9932837953701057,0.0,1.0,0.0,1.0,47,False
0,joern,CWE-190,0,0,6886,112,,0.9839954272649328,0.0,1.0,0.0,1.0,112,False
0,joern,CWE-191,0,0,6924,74,,0.9894255501571878,0.0,1.0,0.0,1.0,74,False
0,joern,CWE-269,0,0,6929,69,,0.9901400400114319,0.0,1.0,0.0,1.0,69,False
0,joern,CWE-285,0,0,6765,233,,0.9667047727922263,0.0,1.0,0.0,1.0,233,False
0,joern,CWE-287,0,0,6500,498,,0.9288368105172906,0.0,1.0,0.0,1.0,498,False
0,joern,CWE-311,0,0,6689,309,,0.9558445270077165,0.0,1.0,0.0,1.0,309,False
0,joern,CWE-326,0,0,6978,20,,0.9971420405830237,0.0,1.0,0.0,1.0,20,False
0,joern,CWE-327,17,3,6715,263,0.85,0.9623101175121811,0.00044656147662994937,0.9392857142857143,0.060714285714285714,0.9995534385233701,280,True
0,joern,CWE-330,0,0,6798,200,,0.9714204058302373,0.0,1.0,0.0,1.0,200,False
0,joern,CWE-345,0,0,6574,424,,0.9394112603601029,0.0,1.0,0.0,1.0,424,False
0,joern,CWE-400,0,0,6796,202,,0.9711346098885396,0.0,1.0,0.0,1.0,202,False
0,joern,CWE-501,0,0,6926,72,,0.9897113460988854,0.0,1.0,0.0,1.0,72,False
0,joern,CWE-610,0,0,6784,214,,0.9694198342383538,0.0,1.0,0.0,1.0,214,False
0,joern,CWE-662,0,0,6922,76,,0.9891397542154902,0.0,1.0,0.0,1.0,76,False
0,joern,CWE-665,0,0,6985,13,,0.9981423263789654,0.0,1.0,0.0,1.0,13,False
0,joern,CWE-668,0,0,6121,877,,0.8746784795655902,0.0,1.0,0.0,1.0,877,False
0,joern,CWE-704,0,0,6965,33,,0.9952843669619892,0.0,1.0,0.0,1.0,33,False
0,joern,CWE-705,0,0,6994,4,,0.9994284081166047,0.0,1.0,0.0,1.0,4,False
0,joern,CWE-706,0,0,6760,238,,0.9659902829379823,0.0,1.0,0.0,1.0,238,False
0,joern,CWE-754,0,0,6980,18,,0.9974278365247213,0.0,1.0,0.0,1.0,18,False
0,joern,CWE-807,0,0,6980,18,,0.9974278365247213,0.0,1.0,0.0,1.0,18,False
0,joern,CWE-834,0,0,6977,21,,0.9969991426121749,0.0,1.0,0.0,1.0,21,False
0,joern,CWE-913,0,0,6912,86,,0.987710774507002,0.0,1.0,0.0,1.0,86,False
0,joern,CWE-923,0,0,6733,265,,0.9621320377250643,0.0,1.0,0.0,1.0,265,False
0,semgrep,CWE-20,0,0,6726,272,,0.9611317519291226,0.0,1.0,0.0,1.0,272,False
0,semgrep,CWE-74,648,543,5314,493,0.5440806045340051,0.9151024625452041,0.09270957828239713,0.43207712532865905,0.567922874671341,0.9072904217176029,1141,True
0,semgrep,CWE-116,0,0,6951,47,,0.9932837953701057,0.0,1.0,0.0,1.0,47,False
0,semgrep,CWE-190,0,0,6886,112,,0.9839954272649328,0.0,1.0,0.0,1.0,112,False
0,semgrep,CWE-191,0,0,6924,74,,0.9894255501571878,0.0,1.0,0.0,1.0,74,False
0,semgrep,CWE-269,0,119,6810,69,0.0,0.9899694723070214,0.01717419541059316,1.0,0.0,0.9828258045894068,69,True
0,semgrep,CWE-285,1,66,6699,232,0.014925373134328358,0.9665271966527197,0.00975609756097561,0.9957081545064378,0.004291845493562232,0.9902439024390244,233,True
0,semgrep,CWE-287,7,1,6499,491,0.875,0.9297567954220315,0.00015384615384615385,0.9859437751004017,0.014056224899598393,0.9998461538461538,498,True
0,semgrep,CWE-311,141,226,6463,168,0.38419618528610355,0.9746644548333585,0.03378681417252205,0.5436893203883495,0.4563106796116505,0.966213185827478,309,True
0,semgrep,CWE-326,3,130,6848,17,0.022556390977443608,0.997523670793882,0.018629979936944683,0.85,0.15,0.9813700200630553,20,True
0,semgrep,CWE-327,98,31,6687,182,0.7596899224806202,0.9735041490755568,0.00461446859184281,0.65,0.35,0.9953855314081572,280,True
0,semgrep,CWE-330,175,17,6781,25,0.9114583333333334,0.9963267704966207,0.0025007355104442485,0.125,0.875,0.9974992644895557,200,True
0,semgrep,CWE-345,0,9,6565,424,0.0,0.9393332379453427,0.0013690295101916642,1.0,0.0,0.9986309704898083,424,True
0,semgrep,CWE-400,0,0,6796,202,,0.9711346098885396,0.0,1.0,0.0,1.0,202,False
0,semgrep,CWE-501,37,22,6904,35,0.6271186440677966,0.9949560455397032,0.0031764366156511693,0.4861111111111111,0.5138888888888888,0.9968235633843489,72,True
0,semgrep,CWE-610,77,43,6741,137,0.6416666666666667,0.9800814190171562,0.006338443396226415,0.6401869158878505,0.3598130841121495,0.9936615566037735,214,True
0,semgrep,CWE-662,0,0,6922,76,,0.9891397542154902,0.0,1.0,0.0,1.0,76,False
0,semgrep,CWE-665,0,0,6985,13,,0.9981423263789654,0.0,1.0,0.0,1.0,13,False
0,semgrep,CWE-668,0,0,6121,877,,0.8746784795655902,0.0,1.0,0.0,1.0,877,False
0,semgrep,CWE-704,0,0,6965,33,,0.9952843669619892,0.0,1.0,0.0,1.0,33,False
0,semgrep,CWE-705,0,0,6994,4,,0.9994284081166047,0.0,1.0,0.0,1.0,4,False
0,semgrep,CWE-706,100,112,6648,138,0.4716981132075472,0.9796640141467727,0.016568047337278107,0.5798319327731093,0.42016806722689076,0.9834319526627219,238,True
0,semgrep,CWE-754,0,0,6980,18,,0.9974278365247213,0.0,1.0,0.0,1.0,18,False
0,semgrep,CWE-807,0,0,6980,18,,0.9974278365247213,0.0,1.0,0.0,1.0,18,False
0,semgrep,CWE-834,0,0,6977,21,,0.9969991426121749,0.0,1.0,0.0,1.0,21,False
0,semgrep,CWE-913,20,40,6872,66,0.3333333333333333,0.9904871720957048,0.005787037037037037,0.7674418604651163,0.23255813953488372,0.9942129629629629,86,True
0,semgrep,CWE-923,0,0,6733,265,,0.9621320377250643,0.0,1.0,0.0,1.0,265,False
1,codeql,CWE-20,12,1236,5476,260,0.009615384615384616,0.9546722454672245,0.18414779499404052,0.9558823529411765,0.04411764705882353,0.8158522050059595,272,True
1,codeql,CWE-74,557,833,5009,585,0.40071942446043163,0.8954236682159457,0.14258815474152686,0.5122591943957968,0.48774080560420313,0.8574118452584731,1142,True
1,codeql,CWE-116,0,13,6925,46,0.0,0.9934012336823985,0.0018737388296339002,1.0,0.0,0.9981262611703661,46,True
1,codeql,CWE-190,4,6,6866,108,0.4,0.9845139088041296,0.0008731082654249127,0.9642857142857143,0.03571428571428571,0.9991268917345751,112,True
1,codeql,CWE-191,0,5,6905,74,0.0,0.9893967617137126,0.000723589001447178,1.0,0.0,0.9992764109985528,74,True
1,codeql,CWE-269,0,0,6914,70,,0.9899770904925544,0.0,1.0,0.0,1.0,70,False
1,codeql,CWE-285,0,23,6728,233,0.0,0.9665277977302111,0.003406902681084284,1.0,0.0,0.9965930973189158,233,True
1,codeql,CWE-287,32,54,6431,467,0.37209302325581395,0.9322992171643955,0.008326908249807247,0.935871743486974,0.06412825651302605,0.9916730917501928,499,True
1,codeql,CWE-311,59,114,6561,250,0.34104046242774566,0.96329467038614,0.01707865168539326,0.8090614886731392,0.19093851132686085,0.9829213483146068,309,True
1,codeql,CWE-326,0,3,6960,21,0.0,0.9969918349806618,0.00043084877208099956,1.0,0.0,0.999569151227919,21,True
1,codeql,CWE-327,194,59,6645,86,0.766798418972332,0.9872232952013074,0.008800715990453461,0.30714285714285716,0.6928571428571428,0.9911992840095465,280,True
1,codeql,CWE-330,177,1,6783,23,0.9943820224719101,0.996620628856891,0.00014740566037735848,0.115,0.885,0.9998525943396226,200,True
1,codeql,CWE-345,26,18,6542,398,0.5909090909090909,0.9426512968299712,0.00274390243902439,0.9386792452830188,0.06132075471698113,0.9972560975609757,424,True
1,codeql,CWE-400,1,3,6779,201,0.25,0.9712034383954155,0.0004423473901503981,0.995049504950495,0.0049504950495049506,0.9995576526098496,202,True
1,codeql,CWE-501,44,23,6889,28,0.6567164179104478,0.9959520023131415,0.0033275462962962963,0.3888888888888889,0.6111111111111112,0.9966724537037037,72,True
1,codeql,CWE-610,4,6,6764,210,0.4,0.9698881560080298,0.0008862629246676514,0.9813084112149533,0.018691588785046728,0.9991137370753324,214,True
1,codeql,CWE-662,1,0,6909,74,1.0,0.9894028354575397,0.0,0.9866666666666667,0.013333333333333334,1.0,75,True
1,codeql,CWE-665,0,42,6929,13,0.0,0.99812734082397,0.006024960550853536,1.0,0.0,0.9939750394491464,13,True
1,codeql,CWE-668,16,477,5629,862,0.032454361054766734,0.8672007394854414,0.07811988208319685,0.9817767653758542,0.018223234624145785,0.9218801179168031,878,True
1,codeql,CWE-704,0,5,6947,32,0.0,0.9954148158762001,0.0007192174913693901,1.0,0.0,0.9992807825086306,32,True
1,codeql,CWE-705,0,1467,5513,4,0.0,0.9992749682798623,0.21017191977077365,1.0,0.0,0.7898280802292263,4,True
1,codeql,CWE-706,11,18,6727,228,0.3793103448275862,0.9672178289000719,0.0026686434395848777,0.9539748953974896,0.04602510460251046,0.9973313565604152,239,True
1,codeql,CWE-754,0,3,6963,18,0.0,0.9974215728405672,0.0004306632213608958,1.0,0.0,0.9995693367786391,18,True
1,codeql,CWE-807,1,0,6966,17,1.0,0.9975655162537591,0.0,0.9444444444444444,0.05555555555555555,1.0,18,True
1,codeql,CWE-834,0,3,6960,21,0.0,0.9969918349806618,0.00043084877208099956,1.0,0.0,0.999569151227919,21,True
1,codeql,CWE-913,1,2,6896,85,0.3333333333333333,0.9878240939693453,0.00028993911278631486,0.9883720930232558,0.011627906976744186,0.9997100608872137,86,True
1,codeql,CWE-923,0,1,6718,265,0.0,0.9620506945438924,0.0001488316713796696,1.0,0.0,0.9998511683286203,265,True
1,joern,CWE-20,0,0,6712,272,,0.9610538373424972,0.0,1.0,0.0,1.0,272,False
1,joern,CWE-74,0,0,5842,1142,,0.836483390607102,0.0,1.0,0.0,1.0,1142,False
1,joern,CWE-116,0,0,6938,46,,0.9934135166093929,0.0,1.0,0.0,1.0,46,False
1,joern,CWE-190,0,0,6872,112,,0.983963344788087,0.0,1.0,0.0,1.0,112,False
1,joern,CWE-191,0,0,6910,74,,0.9894043528064147,0.0,1.0,0.0,1.0,74,False
1,joern,CWE-269,0,0,6914,70,,0.9899770904925544,0.0,1.0,0.0,1.0,70,False
1,joern,CWE-285,0,0,6751,233,,0.9666380297823597,0.0,1.0,0.0,1.0,233,False
1,joern,CWE-287,0,0,6485,499,,0.9285509736540665,0.0,1.0,0.0,1.0,499,False
1,joern,CWE-311,0,0,6675,309,,0.9557560137457045,0.0,1.0,0.0,1.0,309,False
1,joern,CWE-326,0,0,6963,21,,0.9969931271477663,0.0,1.0,0.0,1.0,21,False
1,joern,CWE-327,16,5,6699,264,0.7619047619047619,0.9620853080568721,0.0007458233890214797,0.9428571428571428,0.05714285714285714,0.9992541766109785,280,True
1,joern,CWE-330,0,0,6784,200,,0.9713631156930126,0.0,1.0,0.0,1.0,200,False
1,joern,CWE-345,0,0,6560,424,,0.9392898052691867,0.0,1.0,0.0,1.0,424,False
1,joern,CWE-400,0,0,6782,202,,0.9710767468499427,0.0,1.0,0.0,1.0,202,False
1,joern,CWE-501,0,0,6912,72,,0.9896907216494846,0.0,1.0,0.0,1.0,72,False
1,joern,CWE-610,0,0,6770,214,,0.9693585337915235,0.0,1.0,0.0,1.0,214,False
1,joern,CWE-662,0,0,6909,75,,0.9892611683848798,0.0,1.0,0.0,1.0,75,False
1,joern,CWE-665,0,0,6971,13,,0.9981386025200458,0.0,1.0,0.0,1.0,13,False
1,joern,CWE-668,0,0,6106,878,,0.8742840778923253,0.0,1.0,0.0,1.0,878,False
1,joern,CWE-704,0,0,6952,32,,0.995418098510882,0.0,1.0,0.0,1.0,32,False
1,joern,CWE-705,0,0,6980,4,,0.9994272623138603,0.0,1.0,0.0,1.0,4,False
1,joern,CWE-706,0,0,6745,239,,0.9657789232531501,0.0,1.0,0.0,1.0,239,False
1,joern,CWE-754,0,0,6966,18,,0.9974226804123711,0.0,1.0,0.0,1.0,18,False
1,joern,CWE-807,0,0,6966,18,,0.9974226804123711,0.0,1.0,0.0,1.0,18,False
1,joern,CWE-834,0,0,6963,21,,0.9969931271477663,0.0,1.0,0.0,1.0,21,False
1,joern,CWE-913,0,0,6898,86,,0.9876861397479955,0.0,1.0,0.0,1.0,86,False
1,joern,CWE-923,0,0,6719,265,,0.9620561282932417,0.0,1.0,0.0,1.0,265,False
1,semgrep,CWE-20,0,0,6712,272,,0.9610538373424972,0.0,1.0,0.0,1.0,272,False
1,semgrep,CWE-74,662,523,5319,480,0.5586497890295359,0.91722710812209,0.08952413557001027,0.4203152364273205,0.5796847635726795,0.9104758644299897,1142,True
1,semgrep,CWE-116,0,0,6938,46,,0.9934135166093929,0.0,1.0,0.0,1.0,46,False
1,semgrep,CWE-190,0,0,6872,112,,0.983963344788087,0.0,1.0,0.0,1.0,112,False
1,semgrep,CWE-191,0,0,6910,74,,0.9894043528064147,0.0,1.0,0.0,1.0,74,False
1,semgrep,CWE-269,0,117,6797,70,0.0,0.9898063200815495,0.01692218686722592,1.0,0.0,0.9830778131327741,70,True
1,semgrep,CWE-285,1,57,6694,232,0.017241379310344827,0.9665030320531331,0.008443193600948008,0.9957081545064378,0.004291845493562232,0.991556806399052,233,True
1,semgrep,CWE-287,4,1,6484,495,0.8,0.9290729330849692,0.00015420200462606013,0.9919839679358717,0.008016032064128256,0.999845797995374,499,True
1,semgrep,CWE-311,137,213,6462,172,0.3914285714285714,0.9740729574917094,0.03191011235955056,0.5566343042071198,0.44336569579288027,0.9680898876404495,309,True
1,semgrep,CWE-326,3,133,6830,18,0.022058823529411766,0.9973714953271028,0.019100962228924313,0.8571428571428571,0.14285714285714285,0.9808990377710757,21,True
1,semgrep,CWE-327,94,28,6676,186,0.7704918032786885,0.972894199941708,0.004176610978520286,0.6642857142857143,0.3357142857142857,0.9958233890214797,280,True
1,semgrep,CWE-330,176,17,6767,24,0.9119170984455959,0.9964659107642468,0.0025058962264150942,0.12,0.88,0.9974941037735849,200,True
1,semgrep,CWE-345,0,11,6549,424,0.0,0.9391940341316507,0.001676829268292683,1.0,0.0,0.9983231707317073,424,True
1,semgrep,CWE-400,0,0,6782,202,,0.9710767468499427,0.0,1.0,0.0,1.0,202,False
1,semgrep,CWE-501,33,19,6893,39,0.6346153846153846,0.9943739180611656,0.0027488425925925927,0.5416666666666666,0.4583333333333333,0.9972511574074074,72,True
1,semgrep,CWE-610,68,45,6725,146,0.6017699115044248,0.9787512734681997,0.0066469719350073855,0.6822429906542056,0.3177570093457944,0.9933530280649926,214,True
1,semgrep,CWE-662,0,0,6909,75,,0.9892611683848798,0.0,1.0,0.0,1.0,75,False
1,semgrep,CWE-665,0,0,6971,13,,0.9981386025200458,0.0,1.0,0.0,1.0,13,False
1,semgrep,CWE-668,0,1,6105,878,0.0,0.8742660747529715,0.00016377333770062233,1.0,0.0,0.9998362266622994,878,True
1,semgrep,CWE-704,0,0,6952,32,,0.995418098510882,0.0,1.0,0.0,1.0,32,False
1,semgrep,CWE-705,0,0,6980,4,,0.9994272623138603,0.0,1.0,0.0,1.0,4,False
1,semgrep,CWE-706,103,113,6632,136,0.47685185185185186,0.9799054373522459,0.0167531504818384,0.5690376569037657,0.4309623430962343,0.9832468495181615,239,True
1,semgrep,CWE-754,0,0,6966,18,,0.9974226804123711,0.0,1.0,0.0,1.0,18,False
1,semgrep,CWE-807,0,0,6966,18,,0.9974226804123711,0.0,1.0,0.0,1.0,18,False
1,semgrep,CWE-834,0,0,6963,21,,0.9969931271477663,0.0,1.0,0.0,1.0,21,False
1,semgrep,CWE-913,22,40,6858,64,0.3548387096774194,0.9907541173071367,0.0057987822557262975,0.7441860465116279,0.2558139534883721,0.9942012177442737,86,True
1,semgrep,CWE-923,0,0,6719,265,,0.9620561282932417,0.0,1.0,0.0,1.0,265,False
2,codeql,CWE-20,7,1232,5482,265,0.005649717514124294,0.9538889855576823,0.18349717009234434,0.9742647058823529,0.025735294117647058,0.8165028299076557,272,True
2,codeql,CWE-74,541,858,4986,601,0.3867047891350965,0.8924288526937534,0.14681724845995894,0.5262697022767076,0.47373029772329245,0.8531827515400411,1142,True
2,codeql,CWE-116,0,15,6925,46,0.0,0.9934012336823985,0.002161383285302594,1.0,0.0,0.9978386167146974,46,True
2,codeql,CWE-190,3,4,6870,109,0.42857142857142855,0.9843817165783063,0.0005819028222286878,0.9732142857142857,0.026785714285714284,0.9994180971777713,112,True
2,codeql,CWE-191,0,4,6909,73,0.0,0.9895445431108565,0.0005786199913207002,1.0,0.0,0.9994213800086793,73,True
2,codeql,CWE-269,0,0,6916,70,,0.9899799599198397,0.0,1.0,0.0,1.0,70,False
2,codeql,CWE-285,1,19,6734,232,0.05,0.9666953775480908,0.0028135643417740263,0.9957081545064378,0.004291845493562232,0.997186435658226,233,True
2,codeql,CWE-287,35,54,6434,463,0.39325842696629215,0.9328693634913731,0.008323057953144267,0.929718875502008,0.07028112449799197,0.9916769420468557,498,True
2,codeql,CWE-311,60,116,6561,249,0.3409090909090909,0.9634361233480176,0.01737307173880485,0.8058252427184466,0.1941747572815534,0.9826269282611951,309,True
2,codeql,CWE-326,0,2,6963,21,0.0,0.9969931271477663,0.0002871500358937545,1.0,0.0,0.9997128499641063,21,True
2,codeql,CWE-327,186,65,6641,94,0.7410358565737052,0.9860430586488493,0.00969281240679988,0.3357142857142857,0.6642857142857143,0.9903071875932001,280,True
2,codeql,CWE-330,175,1,6785,25,0.9943181818181818,0.9963289280469897,0.00014736221632773356,0.125,0.875,0.9998526377836723,200,True
2,codeql,CWE-345,23,19,6543,401,0.5476190476190477,0.9422523041474654,0.0028954587016153614,0.9457547169811321,0.054245283018867926,0.9971045412983847,424,True
2,codeql,CWE-400,1,2,6783,200,0.3333333333333333,0.9713590147501074,0.0002947678703021371,0.9950248756218906,0.004975124378109453,0.9997052321296979,201,True
2,codeql,CWE-501,47,24,6890,25,0.6619718309859155,0.9963846710050615,0.0034712178189181373,0.3472222222222222,0.6527777777777778,0.9965287821810819,72,True
2,codeql,CWE-610,7,5,6768,206,0.5833333333333334,0.9704617149412103,0.0007382253063635022,0.9671361502347418,0.03286384976525822,0.9992617746936365,213,True
2,codeql,CWE-662,1,1,6910,74,0.5,0.9894043528064147,0.0001446968600781363,0.9866666666666667,0.013333333333333334,0.9998553031399219,75,True
2,codeql,CWE-665,0,36,6938,12,0.0,0.998273381294964,0.005162030398623459,1.0,0.0,0.9948379696013765,12,True
2,codeql,CWE-668,12,469,5639,866,0.02494802494802495,0.8668716372021522,0.07678454485920105,0.9863325740318907,0.01366742596810934,0.923215455140799,878,True
2,codeql,CWE-704,0,3,6950,33,0.0,0.9952742374337678,0.00043146843089313965,1.0,0.0,0.9995685315691069,33,True
2,codeql,CWE-705,0,1462,5520,4,0.0,0.999275887038378,0.2093955886565454,1.0,0.0,0.7906044113434546,4,True
2,codeql,CWE-706,14,21,6727,224,0.4,0.9677744209466264,0.0031120331950207467,0.9411764705882353,0.058823529411764705,0.9968879668049793,238,True
2,codeql,CWE-754,0,4,6964,18,0.0,0.9974219421369235,0.000574052812858783,1.0,0.0,0.9994259471871412,18,True
2,codeql,CWE-807,0,0,6969,17,,0.9975665616948182,0.0,1.0,0.0,1.0,17,False
2,codeql,CWE-834,0,5,6961,20,0.0,0.9971350809339636,0.000717772035601493,1.0,0.0,0.9992822279643985,20,True
2,codeql,CWE-913,1,2,6899,84,0.3333333333333333,0.9879707861950451,0.0002898130705694827,0.9882352941176471,0.011764705882352941,0.9997101869294305,85,True
2,codeql,CWE-923,0,1,6720,265,0.0,0.9620615604867573,0.00014878738282993602,1.0,0.0,0.99985121261717,265,True
2,joern,CWE-20,0,0,6714,272,,0.9610649871170913,0.0,1.0,0.0,1.0,272,False
2,joern,CWE-74,0,0,5844,1142,,0.8365302032636702,0.0,1.0,0.0,1.0,1142,False
2,joern,CWE-116,0,0,6940,46,,0.9934154022330375,0.0,1.0,0.0,1.0,46,False
2,joern,CWE-190,0,0,6874,112,,0.9839679358717435,0.0,1.0,0.0,1.0,112,False
2,joern,CWE-191,0,0,6913,73,,0.9895505296306899,0.0,1.0,0.0,1.0,73,False
2,joern,CWE-269,0,0,6916,70,,0.9899799599198397,0.0,1.0,0.0,1.0,70,False
2,joern,CWE-285,0,0,6753,233,,0.9666475808760377,0.0,1.0,0.0,1.0,233,False
2,joern,CWE-287,0,0,6488,498,,0.9287145720011452,0.0,1.0,0.0,1.0,498,False
2,joern,CWE-311,0,0,6677,309,,0.955768680217578,0.0,1.0,0.0,1.0,309,False
2,joern,CWE-326,0,0,6965,21,,0.996993987975952,0.0,1.0,0.0,1.0,21,False
2,joern,CWE-327,20,5,6701,260,0.8,0.9626490446774889,0.0007456009543692216,0.9285714285714286,0.07142857142857142,0.9992543990456307,280,True
2,joern,CWE-330,0,0,6786,200,,0.9713713140566848,0.0,1.0,0.0,1.0,200,False
2,joern,CWE-345,0,0,6562,424,,0.9393071858001718,0.0,1.0,0.0,1.0,424,False
2,joern,CWE-400,0,0,6785,201,,0.9712281706269682,0.0,1.0,0.0,1.0,201,False
2,joern,CWE-501,0,0,6914,72,,0.9896936730604066,0.0,1.0,0.0,1.0,72,False
2,joern,CWE-610,0,0,6773,213,,0.9695104494703694,0.0,1.0,0.0,1.0,213,False
2,joern,CWE-662,0,0,6911,75,,0.9892642427712568,0.0,1.0,0.0,1.0,75,False
2,joern,CWE-665,0,0,6974,12,,0.998282278843401,0.0,1.0,0.0,1.0,12,False
2,joern,CWE-668,0,0,6108,878,,0.8743200687088463,0.0,1.0,0.0,1.0,878,False
2,joern,CWE-704,0,0,6953,33,,0.995276266819353,0.0,1.0,0.0,1.0,33,False
2,joern,CWE-705,0,0,6982,4,,0.9994274262811337,0.0,1.0,0.0,1.0,4,False
2,joern,CWE-706,0,0,6748,238,,0.9659318637274549,0.0,1.0,0.0,1.0,238,False
2,joern,CWE-754,0,0,6968,18,,0.9974234182651016,0.0,1.0,0.0,1.0,18,False
2,joern,CWE-807,0,0,6969,17,,0.9975665616948182,0.0,1.0,0.0,1.0,17,False
2,joern,CWE-834,0,0,6966,20,,0.9971371314056685,0.0,1.0,0.0,1.0,20,False
2,joern,CWE-913,0,0,6901,85,,0.987832808474091,0.0,1.0,0.0,1.0,85,False
2,joern,CWE-923,0,0,6721,265,,0.9620669911251074,0.0,1.0,0.0,1.0,265,False
2,semgrep,CWE-20,0,0,6714,272,,0.9610649871170913,0.0,1.0,0.0,1.0,272,False
2,semgrep,CWE-74,651,539,5305,491,0.5470588235294118,0.9152864044168392,0.09223134839151266,0.4299474605954466,0.5700525394045534,0.9077686516084873,1142,True
2,semgrep,CWE-116,0,0,6940,46,,0.9934154022330375,0.0,1.0,0.0,1.0,46,False
2,semgrep,CWE-190,0,0,6874,112,,0.9839679358717435,0.0,1.0,0.0,1.0,112,False
2,semgrep,CWE-191,0,0,6913,73,,0.9895505296306899,0.0,1.0,0.0,1.0,73,False
2,semgrep,CWE-269,0,125,6791,70,0.0,0.989797405626002,0.01807403123192597,1.0,0.0,0.981925968768074,70,True
2,semgrep,CWE-285,1,62,6691,232,0.015873015873015872,0.9664885165390726,0.00918110469420998,0.9957081545064378,0.004291845493562232,0.99081889530579,233,True
2,semgrep,CWE-287,5,0,6488,493,1.0,0.9293797450222031,0.0,0.9899598393574297,0.010040160642570281,1.0,498,True
2,semgrep,CWE-311,147,219,6458,162,0.4016393442622951,0.9755287009063444,0.03279916129998502,0.5242718446601942,0.47572815533980584,0.9672008387000149,309,True
2,semgrep,CWE-326,4,128,6837,17,0.030303030303030304,0.9975196965275751,0.01837760229720029,0.8095238095238095,0.19047619047619047,0.9816223977027997,21,True
2,semgrep,CWE-327,100,26,6680,180,0.7936507936507936,0.9737609329446064,0.0038771249627199524,0.6428571428571429,0.35714285714285715,0.99612287503728,280,True
2,semgrep,CWE-330,175,13,6773,25,0.9308510638297872,0.9963224477787584,0.0019157088122605363,0.125,0.875,0.9980842911877394,200,True
2,semgrep,CWE-345,0,9,6553,424,0.0,0.9392288949405189,0.0013715330691862237,1.0,0.0,0.9986284669308138,424,True
2,semgrep,CWE-400,0,0,6785,201,,0.9712281706269682,0.0,1.0,0.0,1.0,201,False
2,semgrep,CWE-501,34,18,6896,38,0.6538461538461539,0.9945197577156043,0.0026034133641886026,0.5277777777777778,0.4722222222222222,0.9973965866358114,72,True
2,semgrep,CWE-610,71,46,6727,142,0.6068376068376068,0.9793274130149949,0.00679167281854422,0.6666666666666666,0.3333333333333333,0.9932083271814558,213,True
2,semgrep,CWE-662,0,0,6911,75,,0.9892642427712568,0.0,1.0,0.0,1.0,75,False
2,semgrep,CWE-665,0,0,6974,12,,0.998282278843401,0.0,1.0,0.0,1.0,12,False
2,semgrep,CWE-668,0,1,6107,878,0.0,0.874302075876879,0.00016371971185330714,1.0,0.0,0.9998362802881466,878,True
2,semgrep,CWE-704,0,0,6953,33,,0.995276266819353,0.0,1.0,0.0,1.0,33,False
2,semgrep,CWE-705,0,0,6982,4,,0.9994274262811337,0.0,1.0,0.0,1.0,4,False
2,semgrep,CWE-706,109,110,6638,129,0.4977168949771689,0.9809368996601152,0.016301126259632485,0.542016806722689,0.4579831932773109,0.9836988737403675,238,True
2,semgrep,CWE-754,0,0,6968,18,,0.9974234182651016,0.0,1.0,0.0,1.0,18,False
2,semgrep,CWE-807,0,0,6969,17,,0.9975665616948182,0.0,1.0,0.0,1.0,17,False
2,semgrep,CWE-834,0,0,6966,20,,0.9971371314056685,0.0,1.0,0.0,1.0,20,False
2,semgrep,CWE-913,21,44,6857,64,0.3230769230769231,0.9907527813899726,0.006375887552528619,0.7529411764705882,0.24705882352941178,0.9936241124474714,85,True
2,semgrep,CWE-923,0,0,6721,265,,0.9620669911251074,0.0,1.0,0.0,1.0,265,False
3,codeql,CWE-20,12,1250,5470,260,0.009508716323296355,0.9546247818499127,0.18601190476190477,0.9558823529411765,0.04411764705882353,0.8139880952380952,272,True
3,codeql,CWE-74,556,860,4991,585,0.3926553672316384,0.8950860832137734,0.14698342163732694,0.5127081507449606,0.48729184925503943,0.8530165783626731,1141,True
3,codeql,CWE-116,0,18,6927,47,0.0,0.9932606825351304,0.002591792656587473,1.0,0.0,0.9974082073434125,47,True
3,codeql,CWE-190,2,5,6875,110,0.2857142857142857,0.984251968503937,0.0007267441860465116,0.9821428571428571,0.017857142857142856,0.9992732558139535,112,True
3,codeql,CWE-191,0,3,6916,73,0.0,0.9895550150236085,0.0004335886688827865,1.0,0.0,0.9995664113311172,73,True
3,codeql,CWE-269,0,0,6923,69,,0.9901315789473685,0.0,1.0,0.0,1.0,69,False
3,codeql,CWE-285,1,24,6736,231,0.04,0.9668436916893929,0.0035502958579881655,0.9956896551724138,0.004310344827586207,0.9964497041420118,232,True
3,codeql,CWE-287,35,57,6437,463,0.3804347826086957,0.9328985507246377,0.008777332922697875,0.929718875502008,0.07028112449799197,0.9912226670773021,498,True
3,codeql,CWE-311,59,119,6565,249,0.33146067415730335,0.963457587320223,0.017803710353081988,0.8084415584415584,0.19155844155844157,0.982196289646918,308,True
3,codeql,CWE-326,0,3,6968,21,0.0,0.9969952782944628,0.00043035432506096684,1.0,0.0,0.999569645674939,21,True
3,codeql,CWE-327,197,69,6643,83,0.7406015037593985,0.9876598275349391,0.010280095351609059,0.29642857142857143,0.7035714285714286,0.989719904648391,280,True
3,codeql,CWE-330,177,1,6791,23,0.9943820224719101,0.996624596419137,0.00014723203769140164,0.115,0.885,0.9998527679623086,200,True
3,codeql,CWE-345,26,21,6547,398,0.5531914893617021,0.9426925845932326,0.003197320341047503,0.9386792452830188,0.06132075471698113,0.9968026796589525,424,True
3,codeql,CWE-400,0,3,6788,201,0.0,0.9712405208184289,0.00044176115446915035,1.0,0.0,0.9995582388455309,201,True
3,codeql,CWE-501,45,23,6897,27,0.6617647058823529,0.9961005199306759,0.003323699421965318,0.375,0.625,0.9966763005780347,72,True
3,codeql,CWE-610,7,6,6773,206,0.5384615384615384,0.9704828772030377,0.0008850862959138516,0.9671361502347418,0.03286384976525822,0.9991149137040861,213,True
3,codeql,CWE-662,1,1,6916,74,0.5,0.9894134477825465,0.00014457134595923088,0.9866666666666667,0.013333333333333334,0.9998554286540408,75,True
3,codeql,CWE-665,0,42,6937,13,0.0,0.9981294964028777,0.006018054162487462,1.0,0.0,0.9939819458375125,13,True
3,codeql,CWE-668,15,460,5654,863,0.031578947368421054,0.8675771060303821,0.07523716061498201,0.9829157175398633,0.017084282460136675,0.924762839385018,878,True
3,codeql,CWE-704,0,4,6955,33,0.0,0.995277618775043,0.0005747952291995977,1.0,0.0,0.9994252047708004,33,True
3,codeql,CWE-705,0,1450,5538,4,0.0,0.9992782389029231,0.20749856897538638,1.0,0.0,0.7925014310246137,4,True
3,codeql,CWE-706,14,19,6735,224,0.42424242424242425,0.9678114671648226,0.0028131477642878294,0.9411764705882353,0.058823529411764705,0.9971868522357121,238,True
3,codeql,CWE-754,0,2,6971,19,0.0,0.9972818311874105,0.000286820593718629,1.0,0.0,0.9997131794062813,19,True
3,codeql,CWE-807,1,0,6975,16,1.0,0.9977113431554856,0.0,0.9411764705882353,0.058823529411764705,1.0,17,True
3,codeql,CWE-834,0,5,6966,21,0.0,0.9969944182052383,0.0007172572084349448,1.0,0.0,0.999282742791565,21,True
3,codeql,CWE-913,1,2,6905,84,0.3333333333333333,0.9879811131778509,0.0002895613146083683,0.9882352941176471,0.011764705882352941,0.9997104386853917,85,True
3,codeql,CWE-923,0,0,6728,264,,0.9622425629290617,0.0,1.0,0.0,1.0,264,False
3,joern,CWE-20,0,0,6720,272,,0.9610983981693364,0.0,1.0,0.0,1.0,272,False
3,joern,CWE-74,0,0,5851,1141,,0.8368135011441648,0.0,1.0,0.0,1.0,1141,False
3,joern,CWE-116,0,0,6945,47,,0.9932780320366132,0.0,1.0,0.0,1.0,47,False
3,joern,CWE-190,0,0,6880,112,,0.9839816933638444,0.0,1.0,0.0,1.0,112,False
3,joern,CWE-191,0,0,6919,73,,0.9895594965675057,0.0,1.0,0.0,1.0,73,False
3,joern,CWE-269,0,0,6923,69,,0.9901315789473685,0.0,1.0,0.0,1.0,69,False
3,joern,CWE-285,0,0,6760,232,,0.9668192219679634,0.0,1.0,0.0,1.0,232,False
3,joern,CWE-287,0,0,6494,498,,0.9287757437070938,0.0,1.0,0.0,1.0,498,False
3,joern,CWE-311,0,0,6684,308,,0.9559496567505721,0.0,1.0,0.0,1.0,308,False
3,joern,CWE-326,0,0,6971,21,,0.9969965675057209,0.0,1.0,0.0,1.0,21,False
3,joern,CWE-327,16,4,6708,264,0.8,0.9621342512908778,0.0005959475566150178,0.9428571428571428,0.05714285714285714,0.9994040524433849,280,True
3,joern,CWE-330,0,0,6792,200,,0.971395881006865,0.0,1.0,0.0,1.0,200,False
3,joern,CWE-345,0,0,6568,424,,0.9393592677345538,0.0,1.0,0.0,1.0,424,False
3,joern,CWE-400,0,0,6791,201,,0.9712528604118993,0.0,1.0,0.0,1.0,201,False
3,joern,CWE-501,0,0,6920,72,,0.9897025171624714,0.0,1.0,0.0,1.0,72,False
3,joern,CWE-610,0,0,6779,213,,0.9695366132723112,0.0,1.0,0.0,1.0,213,False
3,joern,CWE-662,0,0,6917,75,,0.9892734553775744,0.0,1.0,0.0,1.0,75,False
3,joern,CWE-665,0,0,6979,13,,0.9981407322654462,0.0,1.0,0.0,1.0,13,False
3,joern,CWE-668,0,0,6114,878,,0.8744279176201373,0.0,1.0,0.0,1.0,878,False
3,joern,CWE-704,0,0,6959,33,,0.9952803203661327,0.0,1.0,0.0,1.0,33,False
3,joern,CWE-705,0,0,6988,4,,0.9994279176201373,0.0,1.0,0.0,1.0,4,False
3,joern,CWE-706,0,0,6754,238,,0.9659610983981693,0.0,1.0,0.0,1.0,238,False
3,joern,CWE-754,0,0,6973,19,,0.9972826086956522,0.0,1.0,0.0,1.0,19,False
3,joern,CWE-807,0,0,6975,17,,0.9975686498855835,0.0,1.0,0.0,1.0,17,False
3,joern,CWE-834,0,0,6971,21,,0.9969965675057209,0.0,1.0,0.0,1.0,21,False
3,joern,CWE-913,0,0,6907,85,,0.9878432494279176,0.0,1.0,0.0,1.0,85,False
3,joern,CWE-923,0,0,6728,264,,0.9622425629290617,0.0,1.0,0.0,1.0,264,False
3,semgrep,CWE-20,0,0,6720,272,,0.9610983981693364,0.0,1.0,0.0,1.0,272,False
3,semgrep,CWE-74,653,528,5323,488,0.5529212531752752,0.9160213388401308,0.09024098444710306,0.42769500438212094,0.5723049956178791,0.909759015552897,1141,True
3,semgrep,CWE-116,0,0,6945,47,,0.9932780320366132,0.0,1.0,0.0,1.0,47,False
3,semgrep,CWE-190,0,0,6880,112,,0.9839816933638444,0.0,1.0,0.0,1.0,112,False
3,semgrep,CWE-191,0,0,6919,73,,0.9895594965675057,0.0,1.0,0.0,1.0,73,False
3,semgrep,CWE-269,0,120,6803,69,0.0,0.9899592549476135,0.017333525928065866,1.0,0.0,0.9826664740719341,69,True
3,semgrep,CWE-285,0,61,6699,232,0.0,0.9665271966527197,0.009023668639053255,1.0,0.0,0.9909763313609468,232,True
3,semgrep,CWE-287,7,1,6493,491,0.875,0.929696449026346,0.0001539882968894364,0.9859437751004017,0.014056224899598393,0.9998460117031106,498,True
3,semgrep,CWE-311,143,226,6458,165,0.3875338753387534,0.9750868186622377,0.033812088569718735,0.5357142857142857,0.4642857142857143,0.9661879114302813,308,True
3,semgrep,CWE-326,3,140,6831,18,0.02097902097902098,0.9973718791064389,0.020083201836178455,0.8571428571428571,0.14285714285714285,0.9799167981638216,21,True
3,semgrep,CWE-327,100,28,6684,180,0.78125,0.9737762237762237,0.004171632896305125,0.6428571428571429,0.35714285714285715,0.9958283671036948,280,True
3,semgrep,CWE-330,176,16,6776,24,0.9166666666666666,0.9964705882352941,0.002355712603062426,0.12,0.88,0.9976442873969376,200,True
3,semgrep,CWE-345,0,7,6561,424,0.0,0.9392984967788117,0.0010657734470158344,1.0,0.0,0.9989342265529841,424,True
3,semgrep,CWE-400,0,0,6791,201,,0.9712528604118993,0.0,1.0,0.0,1.0,201,False
3,semgrep,CWE-501,32,16,6904,40,0.6666666666666666,0.9942396313364056,0.0023121387283236996,0.5555555555555556,0.4444444444444444,0.9976878612716763,72,True
3,semgrep,CWE-610,71,43,6736,142,0.6228070175438597,0.9793544635068334,0.0063431184540492696,0.6666666666666666,0.3333333333333333,0.9936568815459508,213,True
3,semgrep,CWE-662,0,0,6917,75,,0.9892734553775744,0.0,1.0,0.0,1.0,75,False
3,semgrep,CWE-665,0,0,6979,13,,0.9981407322654462,0.0,1.0,0.0,1.0,13,False
3,semgrep,CWE-668,0,1,6113,878,0.0,0.8744099556572736,0.00016355904481517829,1.0,0.0,0.9998364409551849,878,True
3,semgrep,CWE-704,0,0,6959,33,,0.9952803203661327,0.0,1.0,0.0,1.0,33,False
3,semgrep,CWE-705,0,0,6988,4,,0.9994279176201373,0.0,1.0,0.0,1.0,4,False
3,semgrep,CWE-706,105,109,6645,133,0.49065420560747663,0.980377692534671,0.016138584542493336,0.5588235294117647,0.4411764705882353,0.9838614154575067,238,True
3,semgrep,CWE-754,0,0,6973,19,,0.9972826086956522,0.0,1.0,0.0,1.0,19,False
3,semgrep,CWE-807,0,0,6975,17,,0.9975686498855835,0.0,1.0,0.0,1.0,17,False
3,semgrep,CWE-834,0,0,6971,21,,0.9969965675057209,0.0,1.0,0.0,1.0,21,False
3,semgrep,CWE-913,23,38,6869,62,0.3770491803278688,0.9910546818640888,0.005501664977558998,0.7294117647058823,0.27058823529411763,0.994498335022441,85,True
3,semgrep,CWE-923,0,0,6728,264,,0.9622425629290617,0.0,1.0,0.0,1.0,264,False
4,codeql,CWE-20,11,1228,5492,261,0.00887812752219532,0.9546323657222319,0.18273809523809523,0.9595588235294118,0.04044117647058824,0.8172619047619047,272,True
4,codeql,CWE-74,538,851,4999,604,0.3873290136789057,0.8922006068177762,0.14547008547008547,0.5288966725043783,0.4711033274956217,0.8545299145299146,1142,True
4,codeql,CWE-116,0,19,6927,46,0.0,0.9934031263444716,0.002735387273250792,1.0,0.0,0.9972646127267492,46,True
4,codeql,CWE-190,3,5,6875,109,0.375,0.9843928980526919,0.0007267441860465116,0.9732142857142857,0.026785714285714284,0.9992732558139535,112,True
4,codeql,CWE-191,0,3,6915,74,0.0,0.9894119330376305,0.0004336513443191674,1.0,0.0,0.9995663486556808,74,True
4,codeql,CWE-269,0,0,6922,70,,0.9899885583524027,0.0,1.0,0.0,1.0,70,False
4,codeql,CWE-285,1,28,6731,232,0.034482758620689655,0.9666810282924027,0.00414262464861666,0.9957081545064378,0.004291845493562232,0.9958573753513833,233,True
4,codeql,CWE-287,35,59,6434,464,0.3723404255319149,0.932734125833575,0.009086708763283536,0.9298597194388778,0.07014028056112225,0.9909132912367165,499,True
4,codeql,CWE-311,64,120,6563,245,0.34782608695652173,0.9640129259694477,0.017956007780936704,0.7928802588996764,0.20711974110032363,0.9820439922190632,309,True
4,codeql,CWE-326,0,2,6969,21,0.0,0.9969957081545064,0.00028690288337397793,1.0,0.0,0.999713097116626,21,True
4,codeql,CWE-327,192,68,6644,88,0.7384615384615385,0.9869281045751634,0.010131108462455305,0.3142857142857143,0.6857142857142857,0.9898688915375446,280,True
4,codeql,CWE-330,171,1,6791,29,0.9941860465116279,0.9957478005865102,0.00014723203769140164,0.145,0.855,0.9998527679623086,200,True
4,codeql,CWE-345,27,19,6549,397,0.5869565217391305,0.9428448027641808,0.0028928136419001218,0.9363207547169812,0.06367924528301887,0.9971071863580999,424,True
4,codeql,CWE-400,1,4,6786,201,0.2,0.9712322885358523,0.000589101620029455,0.995049504950495,0.0049504950495049506,0.9994108983799705,202,True
4,codeql,CWE-501,45,26,6894,27,0.6338028169014085,0.9960988296488946,0.0037572254335260114,0.375,0.625,0.996242774566474,72,True
4,codeql,CWE-610,5,6,6772,209,0.45454545454545453,0.9700615957599198,0.0008852168781351431,0.9766355140186916,0.02336448598130841,0.9991147831218649,214,True
4,codeql,CWE-662,0,1,6916,75,0.0,0.9892719210413389,0.00014457134595923088,1.0,0.0,0.9998554286540408,75,True
4,codeql,CWE-665,0,40,6939,13,0.0,0.9981300345224395,0.005731480154749964,1.0,0.0,0.99426851984525,13,True
4,codeql,CWE-668,16,462,5653,861,0.03347280334728033,0.8678231501381639,0.07555192150449713,0.9817559863169898,0.018244013683010263,0.9244480784955028,877,True
4,codeql,CWE-704,0,5,6954,33,0.0,0.9952769428939459,0.0007184940364994971,1.0,0.0,0.9992815059635005,33,True
4,codeql,CWE-705,0,1440,5548,4,0.0,0.9992795389048992,0.20606754436176303,1.0,0.0,0.793932455638237,4,True
4,codeql,CWE-706,13,19,6734,226,0.40625,0.9675287356321839,0.0028135643417740263,0.9456066945606695,0.05439330543933055,0.997186435658226,239,True
4,codeql,CWE-754,0,4,6969,19,0.0,0.9972810532341156,0.000573641187437258,1.0,0.0,0.9994263588125627,19,True
4,codeql,CWE-807,1,0,6974,17,1.0,0.9975683021027035,0.0,0.9444444444444444,0.05555555555555555,1.0,18,True
4,codeql,CWE-834,0,4,6967,21,0.0,0.996994848311391,0.0005738057667479559,1.0,0.0,0.9994261942332521,21,True
4,codeql,CWE-913,0,2,6904,86,0.0,0.9876967095851216,0.0002896032435563278,1.0,0.0,0.9997103967564437,86,True
4,codeql,CWE-923,0,1,6726,265,0.0,0.9620941210127306,0.0001486546751895347,1.0,0.0,0.9998513453248105,265,True
4,joern,CWE-20,0,0,6720,272,,0.9610983981693364,0.0,1.0,0.0,1.0,272,False
4,joern,CWE-74,0,0,5850,1142,,0.8366704805491991,0.0,1.0,0.0,1.0,1142,False
4,joern,CWE-116,0,0,6946,46,,0.993421052631579,0.0,1.0,0.0,1.0,46,False
4,joern,CWE-190,0,0,6880,112,,0.9839816933638444,0.0,1.0,0.0,1.0,112,False
4,joern,CWE-191,0,0,6918,74,,0.98941647597254,0.0,1.0,0.0,1.0,74,False
4,joern,CWE-269,0,0,6922,70,,0.9899885583524027,0.0,1.0,0.0,1.0,70,False
4,joern,CWE-285,0,0,6759,233,,0.9666762013729977,0.0,1.0,0.0,1.0,233,False
4,joern,CWE-287,0,0,6493,499,,0.9286327231121282,0.0,1.0,0.0,1.0,499,False
4,joern,CWE-311,0,0,6683,309,,0.9558066361556065,0.0,1.0,0.0,1.0,309,False
4,joern,CWE-326,0,0,6971,21,,0.9969965675057209,0.0,1.0,0.0,1.0,21,False
4,joern,CWE-327,19,3,6709,261,0.8636363636363636,0.9625538020086083,0.0004469606674612634,0.9321428571428572,0.06785714285714285,0.9995530393325387,280,True
4,joern,CWE-330,0,0,6792,200,,0.971395881006865,0.0,1.0,0.0,1.0,200,False
4,joern,CWE-345,0,0,6568,424,,0.9393592677345538,0.0,1.0,0.0,1.0,424,False
4,joern,CWE-400,0,0,6790,202,,0.9711098398169337,0.0,1.0,0.0,1.0,202,False
4,joern,CWE-501,0,0,6920,72,,0.9897025171624714,0.0,1.0,0.0,1.0,72,False
4,joern,CWE-610,0,0,6778,214,,0.9693935926773455,0.0,1.0,0.0,1.0,214,False
4,joern,CWE-662,0,0,6917,75,,0.9892734553775744,0.0,1.0,0.0,1.0,75,False
4,joern,CWE-665,0,0,6979,13,,0.9981407322654462,0.0,1.0,0.0,1.0,13,False
4,joern,CWE-668,0,0,6115,877,,0.874570938215103,0.0,1.0,0.0,1.0,877,False
4,joern,CWE-704,0,0,6959,33,,0.9952803203661327,0.0,1.0,0.0,1.0,33,False
4,joern,CWE-705,0,0,6988,4,,0.9994279176201373,0.0,1.0,0.0,1.0,4,False
4,joern,CWE-706,0,0,6753,239,,0.9658180778032036,0.0,1.0,0.0,1.0,239,False
4,joern,CWE-754,0,0,6973,19,,0.9972826086956522,0.0,1.0,0.0,1.0,19,False
4,joern,CWE-807,0,0,6974,18,,0.9974256292906178,0.0,1.0,0.0,1.0,18,False
4,joern,CWE-834,0,0,6971,21,,0.9969965675057209,0.0,1.0,0.0,1.0,21,False
4,joern,CWE-913,0,0,6906,86,,0.9877002288329519,0.0,1.0,0.0,1.0,86,False
4,joern,CWE-923,0,0,6727,265,,0.9620995423340961,0.0,1.0,0.0,1.0,265,False
4,semgrep,CWE-20,0,0,6720,272,,0.9610983981693364,0.0,1.0,0.0,1.0,272,False
4,semgrep,CWE-74,646,539,5311,496,0.5451476793248945,0.9145858446702256,0.09213675213675214,0.4343257443082312,0.5656742556917689,0.9078632478632479,1142,True
4,semgrep,CWE-116,0,0,6946,46,,0.993421052631579,0.0,1.0,0.0,1.0,46,False
4,semgrep,CWE-190,0,0,6880,112,,0.9839816933638444,0.0,1.0,0.0,1.0,112,False
4,semgrep,CWE-191,0,0,6918,74,,0.98941647597254,0.0,1.0,0.0,1.0,74,False
4,semgrep,CWE-269,0,123,6799,70,0.0,0.9898092881059835,0.017769430800346722,1.0,0.0,0.9822305691996532,70,True
4,semgrep,CWE-285,1,62,6697,232,0.015873015873015872,0.9665175349978352,0.009172954579079745,0.9957081545064378,0.004291845493562232,0.9908270454209203,233,True
4,semgrep,CWE-287,5,1,6492,494,0.8333333333333334,0.9292871457200115,0.00015401201293700908,0.9899799599198397,0.01002004008016032,0.999845987987063,499,True
4,semgrep,CWE-311,140,216,6467,169,0.39325842696629215,0.9745328511151296,0.032320814005686066,0.5469255663430421,0.45307443365695793,0.9676791859943139,309,True
4,semgrep,CWE-326,3,133,6838,18,0.022058823529411766,0.9973745624270712,0.01907904174436953,0.8571428571428571,0.14285714285714285,0.9809209582556304,21,True
4,semgrep,CWE-327,104,31,6681,176,0.7703703703703704,0.9743327985999708,0.0046185935637663884,0.6285714285714286,0.37142857142857144,0.9953814064362336,280,True
4,semgrep,CWE-330,170,13,6779,30,0.9289617486338798,0.9955940666764577,0.0019140164899882214,0.15,0.85,0.9980859835100118,200,True
4,semgrep,CWE-345,0,8,6560,424,0.0,0.9392898052691867,0.001218026796589525,1.0,0.0,0.9987819732034104,424,True
4,semgrep,CWE-400,0,0,6790,202,,0.9711098398169337,0.0,1.0,0.0,1.0,202,False
4,semgrep,CWE-501,36,21,6899,36,0.631578947368421,0.9948089401586158,0.0030346820809248553,0.5,0.5,0.9969653179190752,72,True
4,semgrep,CWE-610,73,43,6735,141,0.6293103448275862,0.9794938917975567,0.006344054293301859,0.6588785046728972,0.3411214953271028,0.9936559457066981,214,True
4,semgrep,CWE-662,0,0,6917,75,,0.9892734553775744,0.0,1.0,0.0,1.0,75,False
4,semgrep,CWE-665,0,0,6979,13,,0.9981407322654462,0.0,1.0,0.0,1.0,13,False
4,semgrep,CWE-668,0,1,6114,877,0.0,0.8745529967100558,0.00016353229762878168,1.0,0.0,0.9998364677023712,877,True
4,semgrep,CWE-704,0,0,6959,33,,0.9952803203661327,0.0,1.0,0.0,1.0,33,False
4,semgrep,CWE-705,0,0,6988,4,,0.9994279176201373,0.0,1.0,0.0,1.0,4,False
4,semgrep,CWE-706,99,108,6645,140,0.4782608695652174,0.9793662490788504,0.015992892047978675,0.5857740585774058,0.41422594142259417,0.9840071079520213,239,True
4,semgrep,CWE-754,0,0,6973,19,,0.9972826086956522,0.0,1.0,0.0,1.0,19,False
4,semgrep,CWE-807,0,0,6974,18,,0.9974256292906178,0.0,1.0,0.0,1.0,18,False
4,semgrep,CWE-834,0,0,6971,21,,0.9969965675057209,0.0,1.0,0.0,1.0,21,False
4,semgrep,CWE-913,18,38,6868,68,0.32142857142857145,0.9901960784313726,0.005502461627570229,0.7906976744186046,0.20930232558139536,0.9944975383724298,86,True
4,semgrep,CWE-923,0,0,6727,265,,0.9620995423340961,0.0,1.0,0.0,1.0,265,False
