strategy,precision,recall,specificity,f1,f2,mcc,roc_auc,pr_auc,balanced_accuracy
dst_dempster,0.14059162658738927,0.02305709416654302,0.9939114225724719,0.03961462528402263,0.02768571412584094,0.04117064587597573,0.6520201423041329,0.09889280121054812,0.5084842583695075
dst_pcr6,0.14120523708527077,0.02319347330053552,0.9939069774036294,0.03984072800386568,0.027847876445624847,0.04145871456074217,0.6599744176374175,0.10380949267018483,0.5085502253520825
logistic_regression,0.057571457650403314,0.38129256538655315,0.7298862678945881,0.09998326312733904,0.1792615681533457,0.04975569441935369,0.5893814347996628,0.07904381927098184,0.5555894166405706
naive_bayes,0.5034518277737805,0.024287225250171567,0.998966586219866,0.04633124995155977,0.029995909761168664,0.1037136783624046,0.7329790551582149,0.1310160474944656,0.5116269057350188
traditional_2_of_5,0.425684969500688,0.023259758892600395,0.9986474137726724,0.0441054501511542,0.028682197963223115,0.09184074151920123,0.5271050336970337,0.051553716332347246,0.5109535863326364
traditional_2_of_supported,0.425684969500688,0.023259758892600395,0.9986474137726724,0.0441054501511542,0.028682197963223115,0.09184074151920123,0.5269960379817502,0.04325262340573229,0.5109535863326364
weighted_fire_ppv_silence_npv,0.23817693064670084,0.030764474955928534,0.9957285025526248,0.05447440314675704,0.03724934140837964,0.07237564621447413,0.5278968760438253,0.04874530405078718,0.5132464887542767
weighted_fire_ppv_silence_sensitivity,0.22838983601905824,0.0603670989279901,0.9911828147894163,0.09548076351842692,0.0707783253323654,0.09872025317423916,0.5278552965575987,0.04742969213265439,0.5257749568587032
weighted_fire_specificity_silence_npv,0.19756480939408713,0.04570391190209425,0.9919754331343598,0.07422628274006925,0.054004411756856864,0.0770797358554817,0.5270160345703746,0.043622580791013124,0.518839672518227
weighted_fire_specificity_silence_sensitivity,0.15857748347116965,0.06989190376250962,0.9839996601298602,0.09701666147991655,0.07869209904778166,0.08021014804153266,0.5269680006258908,0.04277179500433881,0.5269457819461849
